cve_id,vendor
CVE-2025-0001,Abacus Research AG
CVE-2025-0003,AMD
CVE-2025-0005,AMD
CVE-2025-0007,AMD
CVE-2025-0009,AMD
CVE-2025-0010,AMD
CVE-2025-0011,AMD
CVE-2025-0012,AMD
CVE-2025-0014,AMD
CVE-2025-0015,Arm Ltd
CVE-2025-0028,AMD
CVE-2025-0029,AMD
CVE-2025-0031,AMD
CVE-2025-0032,AMD
CVE-2025-0033,AMD
CVE-2025-0034,AMD
CVE-2025-0035,AMD
CVE-2025-0036,AMD
CVE-2025-0037,AMD
CVE-2025-0038,AMD
CVE-2025-0040,AMD
CVE-2025-0041,AMD
CVE-2025-0044,AMD
CVE-2025-0045,AMD
CVE-2025-0046,AMD
CVE-2025-0049,Fortra
CVE-2025-0050,Arm Ltd
CVE-2025-0051,Pure Storage
CVE-2025-0052,Pure Storage
CVE-2025-0053,SAP_SE
CVE-2025-0054,SAP_SE
CVE-2025-0055,SAP_SE
CVE-2025-0056,SAP_SE
CVE-2025-0057,SAP_SE
CVE-2025-0058,SAP_SE
CVE-2025-0059,SAP_SE
CVE-2025-0060,SAP_SE
CVE-2025-0061,SAP_SE
CVE-2025-0062,SAP_SE
CVE-2025-0063,SAP_SE
CVE-2025-0064,SAP_SE
CVE-2025-0065,TeamViewer
CVE-2025-0066,SAP_SE
CVE-2025-0067,SAP_SE
CVE-2025-0068,SAP_SE
CVE-2025-0069,SAP_SE
CVE-2025-0070,SAP_SE
CVE-2025-0071,SAP_SE
CVE-2025-0072,Arm Ltd
CVE-2025-0073,Arm Ltd
CVE-2025-0074,Google
CVE-2025-0075,Google
CVE-2025-0076,Google
CVE-2025-0077,Google
CVE-2025-0078,Google
CVE-2025-0079,Google
CVE-2025-0080,Google
CVE-2025-0081,Google
CVE-2025-0082,Google
CVE-2025-0083,Google
CVE-2025-0084,Google
CVE-2025-0086,Google
CVE-2025-0087,Google
CVE-2025-0089,Google
CVE-2025-0092,Google
CVE-2025-0093,Google
CVE-2025-0101,WAGO
CVE-2025-0103,Palo Alto Networks
CVE-2025-0104,Palo Alto Networks
CVE-2025-0105,Palo Alto Networks
CVE-2025-0106,Palo Alto Networks
CVE-2025-0107,Palo Alto Networks
CVE-2025-0108,Palo Alto Networks
CVE-2025-0109,Palo Alto Networks
CVE-2025-0110,Palo Alto Networks
CVE-2025-0111,Palo Alto Networks
CVE-2025-0112,Palo Alto Networks
CVE-2025-0113,Palo Alto Networks
CVE-2025-0114,Palo Alto Networks
CVE-2025-0115,Palo Alto Networks
CVE-2025-0116,Palo Alto Networks
CVE-2025-0117,Palo Alto Networks
CVE-2025-0118,Palo Alto Networks
CVE-2025-0119,Palo Alto Networks
CVE-2025-0120,Palo Alto Networks
CVE-2025-0121,Palo Alto Networks
CVE-2025-0122,Palo Alto Networks
CVE-2025-0123,Palo Alto Networks
CVE-2025-0124,Palo Alto Networks
CVE-2025-0125,Palo Alto Networks
CVE-2025-0126,Palo Alto Networks
CVE-2025-0127,Palo Alto Networks
CVE-2025-0128,Palo Alto Networks
CVE-2025-0129,Palo Alto Networks
CVE-2025-0130,Palo Alto Networks
CVE-2025-0131,OPSWAT
CVE-2025-0132,Palo Alto Networks
CVE-2025-0133,Palo Alto Networks
CVE-2025-0134,Palo Alto Networks
CVE-2025-0135,Palo Alto Networks
CVE-2025-0136,Palo Alto Networks
CVE-2025-0137,Palo Alto Networks
CVE-2025-0138,Palo Alto Networks
CVE-2025-0139,Palo Alto Networks
CVE-2025-0140,Palo Alto Networks
CVE-2025-0141,Palo Alto Networks
CVE-2025-0142,"Zoom Communications, Inc"
CVE-2025-0143,"Zoom Communications, Inc"
CVE-2025-0144,"Zoom Communications, Inc"
CVE-2025-0145,"Zoom Communications, Inc"
CVE-2025-0146,"Zoom Communications, Inc"
CVE-2025-0147,"Zoom Communications, Inc"
CVE-2025-0148,"Zoom Communications, Inc"
CVE-2025-0149,"Zoom Communications, Inc"
CVE-2025-0150,"Zoom Communications, Inc"
CVE-2025-0151,"Zoom Communications, Inc"
CVE-2025-0152,IBM
CVE-2025-0154,IBM
CVE-2025-0158,IBM
CVE-2025-0159,IBM
CVE-2025-0160,IBM
CVE-2025-0161,IBM
CVE-2025-0162,IBM
CVE-2025-0163,IBM
CVE-2025-0164,IBM
CVE-2025-0165,IBM
CVE-2025-0167,curl
CVE-2025-0168,code-projects
CVE-2025-0169,scriptsbundle
CVE-2025-0170,scriptsbundle
CVE-2025-0171,code-projects
CVE-2025-0172,code-projects
CVE-2025-0173,SourceCodester
CVE-2025-0174,code-projects
CVE-2025-0175,code-projects
CVE-2025-0176,code-projects
CVE-2025-0177,javothemes
CVE-2025-0178,WatchGuard
CVE-2025-0180,Chimpstudio
CVE-2025-0181,Chimpstudio
CVE-2025-0182,danswer-ai
CVE-2025-0183,binary-husky
CVE-2025-0184,langgenius
CVE-2025-0185,langgenius
CVE-2025-0186,GitLab
CVE-2025-0187,gradio-app
CVE-2025-0188,gaizhenbiao
CVE-2025-0189,aimhubio
CVE-2025-0190,aimhubio
CVE-2025-0191,gaizhenbiao
CVE-2025-0192,wandb
CVE-2025-0193,Moxa
CVE-2025-0194,GitLab
CVE-2025-0195,code-projects
CVE-2025-0196,code-projects
CVE-2025-0197,code-projects
CVE-2025-0198,code-projects
CVE-2025-0199,code-projects
CVE-2025-0200,code-projects
CVE-2025-0201,code-projects
CVE-2025-0202,TCS
CVE-2025-0203,code-projects
CVE-2025-0204,code-projects
CVE-2025-0205,code-projects
CVE-2025-0206,code-projects
CVE-2025-0207,code-projects
CVE-2025-0208,code-projects
CVE-2025-0209,WSO2
CVE-2025-0210,Campcodes
CVE-2025-0211,Campcodes
CVE-2025-0212,Campcodes
CVE-2025-0213,Campcodes
CVE-2025-0214,TMD
CVE-2025-0215,davidanderson
CVE-2025-0217,BeyondTrust
CVE-2025-0219,Trimble
CVE-2025-0220,Trimble
CVE-2025-0221,IOBit
CVE-2025-0222,IObit
CVE-2025-0223,IObit
CVE-2025-0224,Provision-ISR
CVE-2025-0225,Tsinghua Unigroup
CVE-2025-0226,Tsinghua Unigroup
CVE-2025-0227,Tsinghua Unigroup
CVE-2025-0228,code-projects
CVE-2025-0229,code-projects
CVE-2025-0230,code-projects
CVE-2025-0231,Codezips
CVE-2025-0232,Codezips
CVE-2025-0233,Codezips
CVE-2025-0234,Canon Inc.
CVE-2025-0235,Canon Inc.
CVE-2025-0236,Canon Inc.
CVE-2025-0237,Mozilla
CVE-2025-0238,Mozilla
CVE-2025-0239,Mozilla
CVE-2025-0240,Mozilla
CVE-2025-0241,Mozilla
CVE-2025-0242,Mozilla
CVE-2025-0243,Mozilla
CVE-2025-0244,Mozilla
CVE-2025-0245,Mozilla
CVE-2025-0246,Mozilla
CVE-2025-0247,Mozilla
CVE-2025-0248,HCL Software
CVE-2025-0249,HCL Software
CVE-2025-0250,HCL Software
CVE-2025-0251,HCL Software
CVE-2025-0252,HCL Software
CVE-2025-0253,HCL Software
CVE-2025-0254,HCL Software
CVE-2025-0255,HCL Software
CVE-2025-0256,HCL Software
CVE-2025-0257,HCL Software
CVE-2025-0272,HCL Software
CVE-2025-0273,HCL Software
CVE-2025-0274,HCL Software
CVE-2025-0275,HCL Software
CVE-2025-0276,HCL Software
CVE-2025-0277,HCL Software
CVE-2025-0278,HCL Software
CVE-2025-0279,HCL Software
CVE-2025-0280,HCL Software
CVE-2025-0281,lunary-ai
CVE-2025-0282,Ivanti
CVE-2025-0283,Ivanti
CVE-2025-0285,Paragon Software
CVE-2025-0286,Paragon Software
CVE-2025-0287,Paragon Software
CVE-2025-0288,Paragon Software
CVE-2025-0289,Paragon Software
CVE-2025-0290,GitLab
CVE-2025-0291,Google
CVE-2025-0292,Ivanti
CVE-2025-0293,Ivanti
CVE-2025-0294,SourceCodester
CVE-2025-0295,code-projects
CVE-2025-0296,code-projects
CVE-2025-0297,code-projects
CVE-2025-0298,code-projects
CVE-2025-0299,code-projects
CVE-2025-0300,code-projects
CVE-2025-0301,code-projects
CVE-2025-0302,OpenHarmony
CVE-2025-0303,OpenHarmony
CVE-2025-0304,OpenHarmony
CVE-2025-0306,Red Hat
CVE-2025-0308,ultimatemember
CVE-2025-0309,Netskope
CVE-2025-0311,themeisle
CVE-2025-0312,ollama
CVE-2025-0314,GitLab
CVE-2025-0315,ollama
CVE-2025-0316,Chimpstudio
CVE-2025-0317,ollama
CVE-2025-0318,ultimatemember
CVE-2025-0320,Citrix
CVE-2025-0321,wpmet
CVE-2025-0324,Axis Communications AB
CVE-2025-0325,Axis Communications AB
CVE-2025-0327,Schneider Electric
CVE-2025-0328,KaiYuanTong
CVE-2025-0330,berriai
CVE-2025-0332,Progress Software
CVE-2025-0333,leiyuxi
CVE-2025-0334,leiyuxi
CVE-2025-0335,code-projects
CVE-2025-0336,Codezips
CVE-2025-0337,ServiceNow
CVE-2025-0339,code-projects
CVE-2025-0340,code-projects
CVE-2025-0341,CampCodes
CVE-2025-0342,CampCodes
CVE-2025-0343,Swift Project
CVE-2025-0344,leiyuxi
CVE-2025-0345,leiyuxi
CVE-2025-0346,code-projects
CVE-2025-0347,code-projects
CVE-2025-0348,CampCodes
CVE-2025-0349,Tenda
CVE-2025-0350,badhonrocks
CVE-2025-0352,Rapid Response Monitoring
CVE-2025-0353,badhonrocks
CVE-2025-0354,NEC Corporation
CVE-2025-0355,NEC Corporation
CVE-2025-0356,NEC Corporation
CVE-2025-0357,Iqonic Design
CVE-2025-0358,Axis Communications AB
CVE-2025-0359,Axis Communications AB
CVE-2025-0360,Axis Communications AB
CVE-2025-0361,Axis Communications AB
CVE-2025-0362,GitLab
CVE-2025-0364,BigAntSoft
CVE-2025-0365,artbees
CVE-2025-0366,artbees
CVE-2025-0367,Splunk
CVE-2025-0369,Crocoblock
CVE-2025-0370,gn_themes
CVE-2025-0371,Crocoblock
CVE-2025-0372,HYPR
CVE-2025-0373,FreeBSD
CVE-2025-0374,FreeBSD
CVE-2025-0376,GitLab
CVE-2025-0377,HashiCorp
CVE-2025-0390,Guangzhou Huayi Intelligent Technology
CVE-2025-0391,Guangzhou Huayi Intelligent Technology
CVE-2025-0392,Guangzhou Huayi Intelligent Technology
CVE-2025-0393,wproyal
CVE-2025-0394,trainingbusinesspros
CVE-2025-0395,The GNU C Library
CVE-2025-0396,exelban
CVE-2025-0397,reckcn
CVE-2025-0398,longpi1
CVE-2025-0399,StarSea99
CVE-2025-0400,StarSea99
CVE-2025-0401,1902756969
CVE-2025-0402,1902756969
CVE-2025-0403,1902756969
CVE-2025-0404,liujianview
CVE-2025-0405,liujianview
CVE-2025-0406,liujianview
CVE-2025-0407,liujianview
CVE-2025-0408,liujianview
CVE-2025-0409,liujianview
CVE-2025-0410,liujianview
CVE-2025-0411,7-Zip
CVE-2025-0412,Luxion
CVE-2025-0413,Parallels
CVE-2025-0415,Moxa
CVE-2025-0416,Valmet
CVE-2025-0417,Valmet
CVE-2025-0418,Valmet
CVE-2025-0419,Zirve Information Technologies Inc.
CVE-2025-0420,Paraşüt Software
CVE-2025-0421,Shopside Software Technologies Inc.
CVE-2025-0422,Cordaware
CVE-2025-0423,Cordaware
CVE-2025-0424,Cordaware
CVE-2025-0425,Cordaware
CVE-2025-0426,Kubernetes
CVE-2025-0427,Arm Ltd
CVE-2025-0428,senols
CVE-2025-0429,senols
CVE-2025-0430,Belledonne Communications
CVE-2025-0431,Proofpoint
CVE-2025-0432,HMS Networks
CVE-2025-0433,litonice13
CVE-2025-0434,Google
CVE-2025-0435,Google
CVE-2025-0436,Google
CVE-2025-0437,Google
CVE-2025-0438,Google
CVE-2025-0439,Google
CVE-2025-0440,Google
CVE-2025-0441,Google
CVE-2025-0442,Google
CVE-2025-0443,Google
CVE-2025-0444,Google
CVE-2025-0445,Google
CVE-2025-0446,Google
CVE-2025-0447,Google
CVE-2025-0448,Google
CVE-2025-0450,MuffinGroup
CVE-2025-0451,Google
CVE-2025-0452,eosphoros-ai
CVE-2025-0453,mlflow
CVE-2025-0454,significant-gravitas
CVE-2025-0455,NetVision Information
CVE-2025-0456,NetVision Information
CVE-2025-0457,NetVision Information
CVE-2025-0458,Virtual Computer
CVE-2025-0459,libretro
CVE-2025-0461,Shanghai Lingdang Information Technology
CVE-2025-0462,Shanghai Lingdang Information Technology
CVE-2025-0463,Shanghai Lingdang Information Technology
CVE-2025-0464,SourceCodester
CVE-2025-0467,Imagination Technologies
CVE-2025-0468,Imagination Technologies
CVE-2025-0469,wpmudev
CVE-2025-0470,wpmudev
CVE-2025-0471,PMB Services
CVE-2025-0472,PMB Services
CVE-2025-0473,PMB Services
CVE-2025-0474,Invoice Ninja
CVE-2025-0475,GitLab
CVE-2025-0476,Mattermost
CVE-2025-0477,Rockwell Automation
CVE-2025-0478,Imagination Technologies
CVE-2025-0479,CP Plus
CVE-2025-0481,D-Link
CVE-2025-0482,Fanli2012
CVE-2025-0483,Fanli2012
CVE-2025-0484,Fanli2012
CVE-2025-0485,Fanli2012
CVE-2025-0486,Fanli2012
CVE-2025-0487,Fanli2012
CVE-2025-0488,Fanli2012
CVE-2025-0489,Fanli2012
CVE-2025-0490,Fanli2012
CVE-2025-0491,Fanli2012
CVE-2025-0492,D-Link
CVE-2025-0493,wcmp
CVE-2025-0495,docker
CVE-2025-0497,Rockwell Automation
CVE-2025-0498,Rockwell Automation
CVE-2025-0500,Amazon
CVE-2025-0501,Amazon
CVE-2025-0502,CrafterCMS
CVE-2025-0503,Mattermost
CVE-2025-0504,Black Duck
CVE-2025-0505,Arista Networks
CVE-2025-0506,eaglethemes
CVE-2025-0507,snexed
CVE-2025-0508,aws
CVE-2025-0509,sparkle-project
CVE-2025-0510,Mozilla
CVE-2025-0511,uscnanbu
CVE-2025-0512,gorbo
CVE-2025-0513,Octopus Deploy
CVE-2025-0514,The Document Foundation
CVE-2025-0515,cmsmasters
CVE-2025-0516,GitLab
CVE-2025-0518,FFmpeg
CVE-2025-0520,ShowDoc
CVE-2025-0521,saadiqbal
CVE-2025-0525,Octopus Deploy
CVE-2025-0526,Octopus Deploy
CVE-2025-0527,code-projects
CVE-2025-0528,Tenda
CVE-2025-0529,code-projects
CVE-2025-0530,code-projects
CVE-2025-0531,code-projects
CVE-2025-0532,Codezips
CVE-2025-0533,1000 Projects
CVE-2025-0534,1000 Projects
CVE-2025-0535,Codezips
CVE-2025-0536,1000 Projects
CVE-2025-0537,code-projects
CVE-2025-0538,code-projects
CVE-2025-0539,Octopus Deploy
CVE-2025-0540,itsourcecode
CVE-2025-0541,Codezips
CVE-2025-0542,G DATA CyberDefense AG
CVE-2025-0543,G DATA CyberDefense AG
CVE-2025-0545,Tekrom Technology
CVE-2025-0546,Mevzuattr Software
CVE-2025-0547,Paraşüt Software
CVE-2025-0549,GitLab
CVE-2025-0554,eteubert
CVE-2025-0555,GitLab
CVE-2025-0556,Progress Software
CVE-2025-0557,Hyland
CVE-2025-0558,TDuckCloud
CVE-2025-0559,Campcodes
CVE-2025-0560,CampCodes
CVE-2025-0561,itsourcecode
CVE-2025-0562,Codezips
CVE-2025-0563,code-projects
CVE-2025-0564,code-projects
CVE-2025-0566,Tenda
CVE-2025-0567,Epic Games
CVE-2025-0568,Sante
CVE-2025-0569,Sante
CVE-2025-0570,Sante
CVE-2025-0571,Sante
CVE-2025-0572,Sante
CVE-2025-0573,Sante
CVE-2025-0574,Sante
CVE-2025-0575,Union Bank of India
CVE-2025-0576,Mobotix
CVE-2025-0577,Red Hat
CVE-2025-0578,Facile Sistemas
CVE-2025-0581,CampCodes
CVE-2025-0582,itsourcecode
CVE-2025-0583,aEnrich Technology
CVE-2025-0584,aEnrich Technology
CVE-2025-0585,aEnrich Technology
CVE-2025-0586,aEnrich Technology
CVE-2025-0587,OpenHarmony
CVE-2025-0588,Octopus Deploy
CVE-2025-0589,Octopus Deploy
CVE-2025-0590,TECNO
CVE-2025-0591,OMRON Corporation
CVE-2025-0592,SICK AG
CVE-2025-0593,SICK AG
CVE-2025-0595,Dassault Systèmes
CVE-2025-0596,Dassault Systèmes
CVE-2025-0598,Dassault Systèmes
CVE-2025-0599,Dassault Systèmes
CVE-2025-0600,Dassault Systèmes
CVE-2025-0601,Dassault Systèmes
CVE-2025-0602,Dassault Systèmes
CVE-2025-0603,Callvision Healthcare
CVE-2025-0604,Red Hat
CVE-2025-0605,GitLab
CVE-2025-0606,Logo Software Inc.
CVE-2025-0607,Logo Software Inc.
CVE-2025-0608,Logo Software Inc.
CVE-2025-0609,Logo Software Inc.
CVE-2025-0610,Akınsoft
CVE-2025-0611,Google
CVE-2025-0612,Google
CVE-2025-0614,Qualifio
CVE-2025-0615,Qualifio
CVE-2025-0616,Teknolojik Center Telecommunication Industry Trade Co. Ltd.
CVE-2025-0617,Trellix
CVE-2025-0618,Trellix
CVE-2025-0619,M-Files Corporation
CVE-2025-0620,Red Hat
CVE-2025-0622,Red Hat
CVE-2025-0624,Red Hat
CVE-2025-0625,CampCodes
CVE-2025-0626,Contec Health
CVE-2025-0628,berriai
CVE-2025-0630,Western Telematic Inc
CVE-2025-0631,Rockwell Automation
CVE-2025-0632,Formulatrix
CVE-2025-0633,iniparser
CVE-2025-0634,Samsung Open Source
CVE-2025-0635,M-Files Corporation
CVE-2025-0636,Ericsson
CVE-2025-0637,Beta10
CVE-2025-0638,NLnet Labs
CVE-2025-0639,GitLab
CVE-2025-0640,Akinsoft
CVE-2025-0642,PosCube Hardware Software and Consulting Ltd. Co.
CVE-2025-0643,Narkom Communication and Software Technologies Trade Ltd. Co.
CVE-2025-0645,Narkom Communication and Software Technologies Trade Ltd. Co.
CVE-2025-0647,Arm
CVE-2025-0648,M-Files Corporation
CVE-2025-0649,Google
CVE-2025-0650,Red Hat
CVE-2025-0651,Cloudflare
CVE-2025-0652,GitLab
CVE-2025-0656,IBM
CVE-2025-0657,Automated Logic
CVE-2025-0657,Carrier
CVE-2025-0658,Automated Logic
CVE-2025-0658,Carrier
CVE-2025-0659,Rockwell Automation
CVE-2025-0660,Concrete CMS
CVE-2025-0661,detheme
CVE-2025-0662,FreeBSD
CVE-2025-0663,WSO2
CVE-2025-0664,Trellix
CVE-2025-0665,curl
CVE-2025-0666,BOINC
CVE-2025-0667,BOINC
CVE-2025-0668,BOINC
CVE-2025-0669,BOINC
CVE-2025-0670,Akinsoft
CVE-2025-0672,WSO2
CVE-2025-0673,GitLab
CVE-2025-0674,Elber
CVE-2025-0675,Elber
CVE-2025-0676,Moxa
CVE-2025-0677,Red Hat
CVE-2025-0678,Red Hat
CVE-2025-0679,GitLab
CVE-2025-0680,New Rock Technologies
CVE-2025-0681,New Rock Technologies
CVE-2025-0682,ThemeREX
CVE-2025-0683,Contec Health
CVE-2025-0684,Red Hat
CVE-2025-0685,Red Hat
CVE-2025-0686,Red Hat
CVE-2025-0689,Red Hat
CVE-2025-0690,Red Hat
CVE-2025-0691,Devolutions
CVE-2025-0693,AWS
CVE-2025-0694,CODESYS
CVE-2025-0695,Cesanta
CVE-2025-0696,Cesanta
CVE-2025-0697,Telstra
CVE-2025-0698,JoeyBling
CVE-2025-0699,JoeyBling
CVE-2025-0700,JoeyBling
CVE-2025-0701,JoeyBling
CVE-2025-0702,JoeyBling
CVE-2025-0703,JoeyBling
CVE-2025-0704,JoeyBling
CVE-2025-0705,JoeyBling
CVE-2025-0706,JoeyBling
CVE-2025-0707,Rise Group
CVE-2025-0708,fumiao
CVE-2025-0710,CampCodes
CVE-2025-0712,Elastic
CVE-2025-0714,Mobatek
CVE-2025-0716,Google
CVE-2025-0719,IBM
CVE-2025-0720,Microword
CVE-2025-0721,needyamin
CVE-2025-0722,needyamin
CVE-2025-0723,metagauss
CVE-2025-0724,metagauss
CVE-2025-0725,curl
CVE-2025-0726,Eclipse Foundation
CVE-2025-0727,Eclipse Foundation
CVE-2025-0728,Eclipse Foundation
CVE-2025-0729,TP-Link
CVE-2025-0730,TP-Link
CVE-2025-0731,SMA
CVE-2025-0734,y_project
CVE-2025-0736,Red Hat
CVE-2025-0739,EmbedAI
CVE-2025-0740,EmbedAI
CVE-2025-0741,EmbedAI
CVE-2025-0742,EmbedAI
CVE-2025-0743,EmbedAI
CVE-2025-0744,EmbedAI
CVE-2025-0745,EmbedAI
CVE-2025-0746,EmbedAI
CVE-2025-0747,EmbedAI
CVE-2025-0748,Fave Themes
CVE-2025-0749,Fave Themes
CVE-2025-0750,Red Hat
CVE-2025-0751,Axiomatic
CVE-2025-0752,Red Hat
CVE-2025-0753,Axiomatic
CVE-2025-0754,Red Hat
CVE-2025-0755,MongoDB Inc
CVE-2025-0756,Hitachi Vantara
CVE-2025-0757,Hitachi Vantara
CVE-2025-0758,Hitachi Vantara
CVE-2025-0759,IBM
CVE-2025-0760,Tenable
CVE-2025-0762,Google
CVE-2025-0763,webcodingplace
CVE-2025-0764,tomdever
CVE-2025-0765,GitLab
CVE-2025-0767,Melapress
CVE-2025-0769,PixelYourSite
CVE-2025-0781,FlightGear
CVE-2025-0783,pankajindevops
CVE-2025-0784,Intelbras
CVE-2025-0785,ESAFENET
CVE-2025-0786,ESAFENET
CVE-2025-0787,ESAFENET
CVE-2025-0788,ESAFENET
CVE-2025-0789,ESAFENET
CVE-2025-0790,ESAFENET
CVE-2025-0791,ESAFENET
CVE-2025-0792,ESAFENET
CVE-2025-0793,ESAFENET
CVE-2025-0794,ESAFENET
CVE-2025-0795,ESAFENET
CVE-2025-0796,kevin-brent
CVE-2025-0797,MicroWorld
CVE-2025-0798,MicroWorld
CVE-2025-0799,IBM
CVE-2025-0800,SourceCodester
CVE-2025-0801,ratemyagent
CVE-2025-0802,SourceCodester
CVE-2025-0803,Codezips
CVE-2025-0804,clickwhale
CVE-2025-0805,mlcalc
CVE-2025-0806,code-projects
CVE-2025-0807,ashikcse
CVE-2025-0808,propertyhive
CVE-2025-0809,kpgraham
CVE-2025-0810,edmonparker
CVE-2025-0811,GitLab
CVE-2025-0813,Schneider Electric
CVE-2025-0814,Schneider Electric
CVE-2025-0815,Schneider Electric
CVE-2025-0816,Schneider Electric
CVE-2025-0817,FormCraft
CVE-2025-0818,File Manager
CVE-2025-0818,ninjateam
CVE-2025-0818,saadiqbal
CVE-2025-0819,Arm Ltd
CVE-2025-0820,clicface
CVE-2025-0821,bitpressadmin
CVE-2025-0822,bitpressadmin
CVE-2025-0823,IBM
CVE-2025-0824,Hitachi
CVE-2025-0826,Dassault Systèmes
CVE-2025-0827,Dassault Systèmes
CVE-2025-0828,Dassault Systèmes
CVE-2025-0829,Dassault Systèmes
CVE-2025-0830,Dassault Systèmes
CVE-2025-0831,Dassault Systèmes
CVE-2025-0832,Dassault Systèmes
CVE-2025-0833,Dassault Systèmes
CVE-2025-0834,Wondershare
CVE-2025-0835,Imagination Technologies
CVE-2025-0836,Milestone Systems
CVE-2025-0837,ThemeREX
CVE-2025-0838,abseil
CVE-2025-0839,ZoomIt
CVE-2025-0840,GNU
CVE-2025-0841,Aridius
CVE-2025-0842,needyamin
CVE-2025-0843,needyamin
CVE-2025-0844,needyamin
CVE-2025-0845,designthemes
CVE-2025-0846,1000 Projects
CVE-2025-0847,1000 Projects
CVE-2025-0848,Tenda
CVE-2025-0849,CampCodes
CVE-2025-0851,AWS
CVE-2025-0853,Potenza Global Solutions
CVE-2025-0855,Potenza Global Solutions
CVE-2025-0856,Potenza Global Solutions
CVE-2025-0858,"HP, Inc."
CVE-2025-0859,boldgrid
CVE-2025-0860,vruizg
CVE-2025-0861,vruizg
CVE-2025-0862,supersaas
CVE-2025-0863,flexmls
CVE-2025-0864,realmag777
CVE-2025-0865,debaat
CVE-2025-0866,torviswesley
CVE-2025-0867,SICK AG
CVE-2025-0868,Arc53
CVE-2025-0869,Cianet
CVE-2025-0870,Axiomatic
CVE-2025-0872,itsourcecode
CVE-2025-0873,itsourcecode
CVE-2025-0874,code-projects
CVE-2025-0875,PROLIZ Computer Software Hardware Service Trade Ltd. Co.
CVE-2025-0876,Isin Basi Advertisement Information Technologies Trade Inc.
CVE-2025-0877,AtaksAPP
CVE-2025-0878,Akinsoft
CVE-2025-0879,Shopside Software
CVE-2025-0880,Codezips
CVE-2025-0881,Codezips
CVE-2025-0882,code-projects
CVE-2025-0883,OpenText™
CVE-2025-0884,OpenText™
CVE-2025-0885,OpenText™
CVE-2025-0886,Lenovo
CVE-2025-0889,BeyondTrust
CVE-2025-0890,Zyxel
CVE-2025-0893,Symantec
CVE-2025-0895,IBM
CVE-2025-0896,Orthanc
CVE-2025-0897,wpcalc
CVE-2025-0898,WPXpro
CVE-2025-0899,PDF-XChange
CVE-2025-0900,PDF-XChange
CVE-2025-0901,PDF-XChange
CVE-2025-0902,PDF-XChange
CVE-2025-0903,PDF-XChange
CVE-2025-0904,PDF-XChange
CVE-2025-0905,PDF-XChange
CVE-2025-0906,PDF-XChange
CVE-2025-0907,PDF-XChange
CVE-2025-0908,PDF-XChange
CVE-2025-0909,PDF-XChange
CVE-2025-0910,PDF-XChange
CVE-2025-0911,PDF-XChange
CVE-2025-0912,stellarwp
CVE-2025-0913,Go standard library
CVE-2025-0914,Rapid7
CVE-2025-0915,IBM
CVE-2025-0916,yaycommerce
CVE-2025-0917,IBM
CVE-2025-0918,yaycommerce
CVE-2025-0921,Mitsubishi Electric Corporation
CVE-2025-0921,Mitsubishi Electric Iconics Digital Solutions
CVE-2025-0923,IBM
CVE-2025-0924,melapress
CVE-2025-0926,Axis Communications AB
CVE-2025-0928,Canonical
CVE-2025-0929,Lewe
CVE-2025-0930,Lewe
CVE-2025-0932,Arm Ltd
CVE-2025-0934,code-projects
CVE-2025-0935,maxfoundry
CVE-2025-0936,Arista Networks
CVE-2025-0937,HashiCorp
CVE-2025-0938,Python Software Foundation
CVE-2025-0939,dcooperman
CVE-2025-0941,Beckman Coulter Life Sciences
CVE-2025-0942,Jalios
CVE-2025-0943,itsourcecode
CVE-2025-0944,itsourcecode
CVE-2025-0945,itsourcecode
CVE-2025-0946,itsourcecode
CVE-2025-0947,itsourcecode
CVE-2025-0948,itsourcecode
CVE-2025-0949,itsourcecode
CVE-2025-0950,itsourcecode
CVE-2025-0951,LiquidThemes
CVE-2025-0952,cmsmasters
CVE-2025-0953,yaycommerce
CVE-2025-0954,futuredesigngrp
CVE-2025-0955,beeteam368
CVE-2025-0956,FantasticPlugins
CVE-2025-0957,yaycommerce
CVE-2025-0958,nitesh_singh
CVE-2025-0959,imithemes
CVE-2025-0960,AutomationDirect
CVE-2025-0961,code-projects
CVE-2025-0966,IBM
CVE-2025-0967,code-projects
CVE-2025-0968,roxnor
CVE-2025-0969,themefusecom
CVE-2025-0970,Zenvia
CVE-2025-0971,Zenvia
CVE-2025-0972,Zenvia
CVE-2025-0974,MaxD
CVE-2025-0975,IBM
CVE-2025-0976,Hitachi
CVE-2025-0980,Nokia
CVE-2025-0981,ChurchCRM
CVE-2025-0982,Google Cloud
CVE-2025-0984,Netoloji Software
CVE-2025-0985,IBM
CVE-2025-0986,IBM
CVE-2025-0987,CB Project Ltd. Co.
CVE-2025-0990,webtroniclabs
CVE-2025-0993,GitLab
CVE-2025-0994,Trimble
CVE-2025-0995,Google
CVE-2025-0996,Google
CVE-2025-0997,Google
CVE-2025-0999,Google
CVE-2025-1000,IBM
CVE-2025-1001,Medixant
CVE-2025-1002,MicroDicom
CVE-2025-1003,"HP, Inc."
CVE-2025-1004,HP Inc.
CVE-2025-1005,roxnor
CVE-2025-1006,Google
CVE-2025-1007,Eclipse Foundation
CVE-2025-1008,worldweb
CVE-2025-1009,Mozilla
CVE-2025-1010,Mozilla
CVE-2025-1011,Mozilla
CVE-2025-1012,Mozilla
CVE-2025-1013,Mozilla
CVE-2025-1014,Mozilla
CVE-2025-1015,Mozilla
CVE-2025-1016,Mozilla
CVE-2025-1017,Mozilla
CVE-2025-1018,Mozilla
CVE-2025-1019,Mozilla
CVE-2025-1020,Mozilla
CVE-2025-1021,Synology
CVE-2025-1023,ChurchCRM
CVE-2025-1024,ChurchCRM
CVE-2025-1028,kleor
CVE-2025-1029,Utarit Information Services Inc.
CVE-2025-1030,Utarit Informatics Services Inc.
CVE-2025-1031,Utarit Informatics Services Inc.
CVE-2025-1035,Komtera Technolgies
CVE-2025-1036,Hitachi Energy
CVE-2025-1037,Hitachi Energy
CVE-2025-1038,Hitachi Energy
CVE-2025-1039,yonifre
CVE-2025-1040,significant-gravitas
CVE-2025-1041,Avaya
CVE-2025-1042,GitLab
CVE-2025-1043,awsmin
CVE-2025-1044,Logsign
CVE-2025-1045,Luxion
CVE-2025-1046,Luxion
CVE-2025-1047,Luxion
CVE-2025-1048,Sonos
CVE-2025-1049,Sonos
CVE-2025-1050,Sonos
CVE-2025-1051,Sonos
CVE-2025-1052,Mintty
CVE-2025-1053,Brocade
CVE-2025-1054,uicore
CVE-2025-1055,K7 Security
CVE-2025-1056,Axis Communications AB
CVE-2025-1057,Red Hat
CVE-2025-1058,Schneider Electric
CVE-2025-1059,Schneider Electric
CVE-2025-1060,Schneider Electric
CVE-2025-1061,nextendweb
CVE-2025-1063,techlabpro1
CVE-2025-1064,xootix
CVE-2025-1065,themeisle
CVE-2025-1066,openPLC
CVE-2025-1067,Esri
CVE-2025-1068,Esri
CVE-2025-1070,Schneider Electric
CVE-2025-1071,WatchGuard
CVE-2025-1072,GitLab
CVE-2025-1073,Panasonic
CVE-2025-1074,Webkul
CVE-2025-1075,Checkmk GmbH
CVE-2025-1076,Holded
CVE-2025-1077,IBL Software Engineering
CVE-2025-1078,AppHouseKitchen
CVE-2025-1079,Google
CVE-2025-1080,The Document Foundation
CVE-2025-1081,Bharti Airtel
CVE-2025-1082,Mindskip
CVE-2025-1083,Mindskip
CVE-2025-1084,Mindskip
CVE-2025-1085,Animati
CVE-2025-1086,Safetytest
CVE-2025-1087,Kong Inc.
CVE-2025-1088,Grafana
CVE-2025-1091,Tenable
CVE-2025-1093,LiquidThemes
CVE-2025-1095,IBM
CVE-2025-1097,kubernetes
CVE-2025-1098,kubernetes
CVE-2025-1099,TP-Link
CVE-2025-1100,Q-Free
CVE-2025-1101,Q-Free
CVE-2025-1102,Q-Free
CVE-2025-1103,D-Link
CVE-2025-1104,D-Link
CVE-2025-1107,Impronta
CVE-2025-1108,Impronta
CVE-2025-1110,GitLab
CVE-2025-1112,IBM
CVE-2025-1113,taisan
CVE-2025-1116,Dreamvention
CVE-2025-1118,Red Hat
CVE-2025-1119,croixhaug
CVE-2025-1121,Google
CVE-2025-1122,Google
CVE-2025-1123,solidwp
CVE-2025-1125,Red Hat
CVE-2025-1126,Lexmark
CVE-2025-1127,Lexmark
CVE-2025-1128,wpeverest
CVE-2025-1131,Asterisk
CVE-2025-1132,ChurchCRM
CVE-2025-1133,ChurchCRM
CVE-2025-1134,ChurchCRM
CVE-2025-1135,ChurchCRM
CVE-2025-1137,IBM
CVE-2025-1138,IBM
CVE-2025-1139,IBM
CVE-2025-1142,IBM
CVE-2025-1143,Billion Electric
CVE-2025-1144,Quanxun
CVE-2025-1145,NetVision Information
CVE-2025-1146,CrowdStrike
CVE-2025-1147,GNU
CVE-2025-1148,GNU
CVE-2025-1149,GNU
CVE-2025-1150,GNU
CVE-2025-1151,GNU
CVE-2025-1152,GNU
CVE-2025-1153,GNU
CVE-2025-1154,xxyopen
CVE-2025-1155,Webkul
CVE-2025-1156,Pix Software
CVE-2025-1157,Allims
CVE-2025-1158,ESAFENET
CVE-2025-1159,CampCodes
CVE-2025-1160,SourceCodester
CVE-2025-1161,NomySoft Information Technology Training and Consulting Inc.
CVE-2025-1162,code-projects
CVE-2025-1163,code-projects
CVE-2025-1164,code-projects
CVE-2025-1165,Lumsoft
CVE-2025-1166,SourceCodester
CVE-2025-1167,Mayuri K
CVE-2025-1168,SourceCodester
CVE-2025-1169,SourceCodester
CVE-2025-1170,code-projects
CVE-2025-1171,code-projects
CVE-2025-1172,1000 Projects
CVE-2025-1173,1000 Projects
CVE-2025-1174,1000 Projects
CVE-2025-1175,Kelio
CVE-2025-1176,GNU
CVE-2025-1177,dayrui
CVE-2025-1178,GNU
CVE-2025-1179,GNU
CVE-2025-1180,GNU
CVE-2025-1181,GNU
CVE-2025-1182,GNU
CVE-2025-1183,CodeZips
CVE-2025-1184,pihome-shc
CVE-2025-1185,pihome-shc
CVE-2025-1186,dayrui
CVE-2025-1187,code-projects
CVE-2025-1188,Codezips
CVE-2025-1189,1000 Projects
CVE-2025-1190,code-projects
CVE-2025-1191,SourceCodester
CVE-2025-1192,SourceCodester
CVE-2025-1193,Devolutions
CVE-2025-1194,huggingface
CVE-2025-1195,code-projects
CVE-2025-1196,code-projects
CVE-2025-1197,code-projects
CVE-2025-1198,GitLab
CVE-2025-1199,SourceCodester
CVE-2025-1200,SourceCodester
CVE-2025-1201,SourceCodester
CVE-2025-1202,SourceCodester
CVE-2025-1204,Contec Health
CVE-2025-1206,Codezips
CVE-2025-1207,phjounin
CVE-2025-1208,code-projects
CVE-2025-1209,code-projects
CVE-2025-1210,code-projects
CVE-2025-1212,GitLab
CVE-2025-1213,pihome-shc
CVE-2025-1214,pihome-shc
CVE-2025-1217,PHP Group
CVE-2025-1219,PHP Group
CVE-2025-1220,PHP Group
CVE-2025-1221,silabs.com
CVE-2025-1222,Citrix
CVE-2025-1223,Citrix
CVE-2025-1228,olajowon
CVE-2025-1229,olajowon
CVE-2025-1230,Prestashop
CVE-2025-1231,Devolutions
CVE-2025-1233,AlThemist
CVE-2025-1235,WAGO
CVE-2025-1239,WatchGuard
CVE-2025-1240,WinZip Computing
CVE-2025-1241,Fortra
CVE-2025-1242,Gardyn
CVE-2025-1243,"Temporal Technologies, Inc."
CVE-2025-1244,Red Hat
CVE-2025-1245,Hitachi
CVE-2025-1246,Arm Ltd
CVE-2025-1247,Red Hat
CVE-2025-1249,Marcus (aka @msykes)
CVE-2025-1250,GitLab
CVE-2025-1252,RTI
CVE-2025-1253,RTI
CVE-2025-1254,RTI
CVE-2025-1255,RTI
CVE-2025-1257,GitLab
CVE-2025-1259,Arista Networks
CVE-2025-1260,Arista Networks
CVE-2025-1261,devitemsllc
CVE-2025-1262,webfactory
CVE-2025-1264,aioseo
CVE-2025-1265,Elseta
CVE-2025-1267,trainingbusinesspros
CVE-2025-1268,Canon Inc.
CVE-2025-1269,HAVELSAN
CVE-2025-1270,Anapi Group
CVE-2025-1271,Anapi Group
CVE-2025-1272,Fedora Project
CVE-2025-1272,Red Hat
CVE-2025-1273,Autodesk
CVE-2025-1274,Autodesk
CVE-2025-1275,Autodesk
CVE-2025-1276,Autodesk
CVE-2025-1277,Autodesk
CVE-2025-1278,GitLab
CVE-2025-1279,SeaTheme
CVE-2025-1282,ThemeMakers
CVE-2025-1283,Dingtian
CVE-2025-1284,xpertsclub
CVE-2025-1285,SmartDataSoft
CVE-2025-1287,posimyththemes
CVE-2025-1290,Google
CVE-2025-1291,stellarwp
CVE-2025-1292,Google
CVE-2025-1293,HashiCorp
CVE-2025-1294,WPQuark
CVE-2025-1295,Templines
CVE-2025-1296,HashiCorp
CVE-2025-1298,TECNO
CVE-2025-1299,GitLab
CVE-2025-1300,Ericsson
CVE-2025-1301,Yordam Informatics
CVE-2025-1304,spicethemes
CVE-2025-1305,spicethemes
CVE-2025-1306,spicethemes
CVE-2025-1307,spicethemes
CVE-2025-1308,Pure Storage
CVE-2025-1309,admintwentytwenty
CVE-2025-1310,blueglassch
CVE-2025-1311,wclovers
CVE-2025-1312,ultimateblocks
CVE-2025-1313,scriptsbundle
CVE-2025-1314,smub
CVE-2025-1315,sfwebservice
CVE-2025-1316,Edimax
CVE-2025-1319,elemntor
CVE-2025-1320,winkm89
CVE-2025-1321,winkm89
CVE-2025-1322,wppost
CVE-2025-1323,wppost
CVE-2025-1324,wppost
CVE-2025-1325,wppost
CVE-2025-1326,Fave Themes
CVE-2025-1327,Fave Themes
CVE-2025-1328,mrlegend1235
CVE-2025-1329,IBM
CVE-2025-1330,IBM
CVE-2025-1331,IBM
CVE-2025-1333,IBM
CVE-2025-1334,IBM
CVE-2025-1337,Eastnets
CVE-2025-1338,NUUO
CVE-2025-1339,TOTOLINK
CVE-2025-1340,TOTOLINK
CVE-2025-1348,IBM
CVE-2025-1349,IBM
CVE-2025-1351,IBM
CVE-2025-1352,GNU
CVE-2025-1353,Kong
CVE-2025-1354,ASUS
CVE-2025-1355,needyamin
CVE-2025-1356,needyamin
CVE-2025-1357,Seventh
CVE-2025-1358,Pix Software
CVE-2025-1359,SIAM Industria de Automação e Monitoramento
CVE-2025-1360,Internet Web Solutions
CVE-2025-1361,ip2location
CVE-2025-1364,MicroWord
CVE-2025-1365,GNU
CVE-2025-1366,MicroWord
CVE-2025-1367,MicroWord
CVE-2025-1368,MicroWord
CVE-2025-1369,MicroWord
CVE-2025-1370,MicroWorld
CVE-2025-1371,GNU
CVE-2025-1372,GNU
CVE-2025-1374,code-projects
CVE-2025-1376,GNU
CVE-2025-1377,GNU
CVE-2025-1379,code-projects
CVE-2025-1380,Codezips
CVE-2025-1381,code-projects
CVE-2025-1383,eteubert
CVE-2025-1384,OMRON Corporation
CVE-2025-1385,ClickHouse
CVE-2025-1386,ch-go
CVE-2025-1387,Learning Digital
CVE-2025-1388,Learning Digital
CVE-2025-1389,Learning Digital
CVE-2025-1390,OpenAnolis
CVE-2025-1391,Red Hat
CVE-2025-1392,D-Link
CVE-2025-1393,Weidmueller
CVE-2025-1394,silabs.com
CVE-2025-1395,Codriapp Innovation and Software Technologies Inc.
CVE-2025-1396,WSO2
CVE-2025-1398,Mattermost
CVE-2025-1399,libplctag
CVE-2025-1400,libplctag
CVE-2025-1402,stellarwp
CVE-2025-1403,IBM
CVE-2025-1404,ays-pro
CVE-2025-1405,implecode
CVE-2025-1406,s56bouya
CVE-2025-1407,amothemo
CVE-2025-1408,metagauss
CVE-2025-1410,apexws
CVE-2025-1411,IBM
CVE-2025-1412,Mattermost
CVE-2025-1413,Blackmagic Design Inc
CVE-2025-1414,Mozilla
CVE-2025-1415,Proget
CVE-2025-1416,Proget
CVE-2025-1417,Proget
CVE-2025-1418,Proget
CVE-2025-1419,Proget
CVE-2025-1420,Proget
CVE-2025-1421,Proget
CVE-2025-1424,PocketBook
CVE-2025-1425,PocketBook
CVE-2025-1426,Google
CVE-2025-1427,Autodesk
CVE-2025-1428,Autodesk
CVE-2025-1429,Autodesk
CVE-2025-1430,Autodesk
CVE-2025-1431,Autodesk
CVE-2025-1432,Autodesk
CVE-2025-1433,Autodesk
CVE-2025-1434,AREAL SAS
CVE-2025-1435,johnjamesjacoby
CVE-2025-1437,mdempfle
CVE-2025-1439,mdempfle
CVE-2025-1440,mdempfle
CVE-2025-1441,wproyal
CVE-2025-1445,Hitachi Energy
CVE-2025-1447,kasuganosoras
CVE-2025-1448,Synway
CVE-2025-1449,Rockwell Automation
CVE-2025-1450,premio
CVE-2025-1451,parisneo
CVE-2025-1455,wproyal
CVE-2025-1456,wproyal
CVE-2025-1457,bdthemes
CVE-2025-1458,bdthemes
CVE-2025-1459,gpriday
CVE-2025-1463,javmah
CVE-2025-1464,Baiyi
CVE-2025-1468,CODESYS
CVE-2025-1469,Turtek Software
CVE-2025-1470,Eclipse Foundation
CVE-2025-1471,Eclipse Foundation
CVE-2025-1472,Mattermost
CVE-2025-1473,mlflow
CVE-2025-1474,mlflow
CVE-2025-1475,whyun
CVE-2025-1477,GitLab
CVE-2025-1478,GitLab
CVE-2025-1479,Lenovo
CVE-2025-1481,mandooox
CVE-2025-1483,enituretechnology
CVE-2025-1484,Hitachi Energy
CVE-2025-1488,wpo365
CVE-2025-1489,marcelismus
CVE-2025-1490,brijeshk89
CVE-2025-1491,teastudiopl
CVE-2025-1492,Wireshark Foundation
CVE-2025-1493,IBM
CVE-2025-1494,IBM
CVE-2025-1495,IBM
CVE-2025-1496,BG-TEK
CVE-2025-1497,MLJAR
CVE-2025-1499,IBM
CVE-2025-1500,IBM
CVE-2025-1501,Nozomi Networks
CVE-2025-1502,ip2location
CVE-2025-1503,brechtvds
CVE-2025-1504,andyexeter
CVE-2025-1505,berocket
CVE-2025-1506,roxnor
CVE-2025-1507,sharethis
CVE-2025-1508,themeum
CVE-2025-1509,versluis
CVE-2025-1510,keesiemeijer
CVE-2025-1511,wpeverest
CVE-2025-1512,ideaboxcreations
CVE-2025-1513,contest-gallery
CVE-2025-1514,realmag777
CVE-2025-1515,Chimpstudio
CVE-2025-1516,GitLab
CVE-2025-1517,shaonsina
CVE-2025-1520,PostHog
CVE-2025-1521,PostHog
CVE-2025-1522,PostHog
CVE-2025-1526,detheme
CVE-2025-1527,devitemsllc
CVE-2025-1528,Search & Filter
CVE-2025-1529,johanaarstein
CVE-2025-1530,tripetto
CVE-2025-1531,Hitachi
CVE-2025-1532,Honor
CVE-2025-1533,ASUS
CVE-2025-1534,Payara Platform
CVE-2025-1535,Baiyi
CVE-2025-1536,Raisecom
CVE-2025-1537,Harpia
CVE-2025-1538,D-Link
CVE-2025-1539,D-Link
CVE-2025-1540,GitLab
CVE-2025-1542,Infonet Projekt SA
CVE-2025-1543,iteachyou
CVE-2025-1544,dingfanzu
CVE-2025-1545,WatchGuard
CVE-2025-1546,BDCOM
CVE-2025-1547,WatchGuard
CVE-2025-1548,iteachyou
CVE-2025-1549,WatchGuard
CVE-2025-1550,Google
CVE-2025-1551,IBM
CVE-2025-1553,pankajindevops
CVE-2025-1555,hzmanyun
CVE-2025-1556,westboy
CVE-2025-1558,Mattermost
CVE-2025-1559,clearcodehq
CVE-2025-1560,darkosxrc
CVE-2025-1561,scottopolis
CVE-2025-1562,amans2k
CVE-2025-1564,Select-Themes
CVE-2025-1565,TeconceTheme
CVE-2025-1566,Google
CVE-2025-1568,Google
CVE-2025-1570,wpwax
CVE-2025-1571,timstrifler
CVE-2025-1572,iqonicdesign
CVE-2025-1575,Harpia
CVE-2025-1576,code-projects
CVE-2025-1577,code-projects
CVE-2025-1578,Campcodes
CVE-2025-1578,PHPGurukul
CVE-2025-1579,code-projects
CVE-2025-1580,PHPGurukul
CVE-2025-1581,PHPGurukul
CVE-2025-1582,PHPGurukul
CVE-2025-1583,PHPGurukul
CVE-2025-1584,opensolon
CVE-2025-1585,otale
CVE-2025-1586,code-projects
CVE-2025-1587,SourceCodester
CVE-2025-1588,PHPGurukul
CVE-2025-1589,SourceCodester
CVE-2025-1590,SourceCodester
CVE-2025-1591,SourceCodester
CVE-2025-1592,SourceCodester
CVE-2025-1593,SourceCodester
CVE-2025-1595,Anhui Xufan Information Technology
CVE-2025-1596,SourceCodester
CVE-2025-1597,SourceCodester
CVE-2025-1598,SourceCodester
CVE-2025-1599,SourceCodester
CVE-2025-1606,SourceCodester
CVE-2025-1607,SourceCodester
CVE-2025-1608,LB-LINK
CVE-2025-1609,LB-LINK
CVE-2025-1610,LB-LINK
CVE-2025-1612,Edimax
CVE-2025-1613,FiberHome
CVE-2025-1614,FiberHome
CVE-2025-1615,FiberHome
CVE-2025-1616,FiberHome
CVE-2025-1617,Netis
CVE-2025-1618,vTiger
CVE-2025-1629,Excitel Broadband Private
CVE-2025-1634,Red Hat
CVE-2025-1635,Devolutions
CVE-2025-1636,Devolutions
CVE-2025-1638,Edge-Themes
CVE-2025-1639,crowdyTheme
CVE-2025-1640,Benner
CVE-2025-1641,Benner
CVE-2025-1642,Benner
CVE-2025-1643,Benner
CVE-2025-1644,Benner
CVE-2025-1645,Benner
CVE-2025-1646,Lumsoft
CVE-2025-1647,Bootstrap
CVE-2025-1648,yawaveadmin
CVE-2025-1649,Autodesk
CVE-2025-1650,Autodesk
CVE-2025-1651,Autodesk
CVE-2025-1652,Autodesk
CVE-2025-1653,stylemix
CVE-2025-1656,Autodesk
CVE-2025-1657,stylemix
CVE-2025-1658,Autodesk
CVE-2025-1659,Autodesk
CVE-2025-1660,Autodesk
CVE-2025-1661,realmag777
CVE-2025-1662,apprhyme
CVE-2025-1663,unitecms
CVE-2025-1664,wpdevteam
CVE-2025-1665,themefusion
CVE-2025-1666,cookiebot
CVE-2025-1667,jdsofttech
CVE-2025-1668,jdsofttech
CVE-2025-1669,jdsofttech
CVE-2025-1670,jdsofttech
CVE-2025-1671,Elated-Themes
CVE-2025-1672,ninjateam
CVE-2025-1673,zephyrproject-rtos
CVE-2025-1674,zephyrproject-rtos
CVE-2025-1675,zephyrproject-rtos
CVE-2025-1676,hzmanyun
CVE-2025-1677,GitLab
CVE-2025-1679,Moxa
CVE-2025-1680,Moxa
CVE-2025-1681,ThemeMakers
CVE-2025-1682,ThemeMakers
CVE-2025-1683,1E
CVE-2025-1687,ThemeMakers
CVE-2025-1688,Milestone Systems
CVE-2025-1689,ThemeMakers
CVE-2025-1690,ThemeMakers
CVE-2025-1691,MongoDB Inc
CVE-2025-1692,MongoDB Inc
CVE-2025-1693,MongoDB Inc
CVE-2025-1695,F5
CVE-2025-1696,Docker
CVE-2025-1697,"HP, Inc."
CVE-2025-1698,Motorola
CVE-2025-1699,Motorola
CVE-2025-1700,Motorola
CVE-2025-1701,MIM Software
CVE-2025-1702,ultimatemember
CVE-2025-1703,ultimateblocks
CVE-2025-1704,Google
CVE-2025-1705,tagDiv
CVE-2025-1706,Imagination Technologies
CVE-2025-1707,techlabpro1
CVE-2025-1708,Endress+Hauser
CVE-2025-1709,Endress+Hauser
CVE-2025-1710,Endress+Hauser
CVE-2025-1711,Endress+Hauser
CVE-2025-1712,Checkmk GmbH
CVE-2025-1713,Xen
CVE-2025-1714,Perforce
CVE-2025-1716,mmaitre314
CVE-2025-1717,pluginly
CVE-2025-1718,Hitachi Energy
CVE-2025-1719,IBM
CVE-2025-1721,IBM
CVE-2025-1722,IBM
CVE-2025-1723,ManageEngine
CVE-2025-1724,Zohocorp
CVE-2025-1725,bitpressadmin
CVE-2025-1726,Esri
CVE-2025-1727,End-of-Train and Head-of-Train remote linking protocol
CVE-2025-1729,Lenovo
CVE-2025-1730,specialk
CVE-2025-1731,Zyxel
CVE-2025-1732,Zyxel
CVE-2025-1734,PHP Group
CVE-2025-1735,PHP Group
CVE-2025-1736,PHP Group
CVE-2025-1738,Trivision
CVE-2025-1739,Trivision
CVE-2025-1740,Akinsoft
CVE-2025-1742,pihome-shc
CVE-2025-1743,zyx0814
CVE-2025-1744,radareorg
CVE-2025-1745,LinZhaoguan
CVE-2025-1746,OpenCart
CVE-2025-1747,OpenCart
CVE-2025-1748,OpenCart
CVE-2025-1749,OpenCart
CVE-2025-1750,run-llama
CVE-2025-1751,ATISoluciones
CVE-2025-1752,run-llama
CVE-2025-1753,run-llama
CVE-2025-1754,GitLab
CVE-2025-1755,MongoDB Inc
CVE-2025-1756,MongoDB Inc
CVE-2025-1757,portfoliohub
CVE-2025-1758,Progress
CVE-2025-1759,IBM
CVE-2025-1761,IBM
CVE-2025-1763,GitLab
CVE-2025-1764,hiddenpearls
CVE-2025-1766,arraytics
CVE-2025-1767,Kubernetes
CVE-2025-1768,cifi
CVE-2025-1769,webtoffee
CVE-2025-1770,arraytics
CVE-2025-1771,ShineTheme
CVE-2025-1773,ShineTheme
CVE-2025-1774,NASK - PIB
CVE-2025-1776,Soteshop
CVE-2025-1777,SeaTheme
CVE-2025-1778,SeaTheme
CVE-2025-1780,themekraft
CVE-2025-1781,W3C
CVE-2025-1782,ifax
CVE-2025-1783,kometschuh
CVE-2025-1784,brainstormforce
CVE-2025-1785,codename065
CVE-2025-1786,rizinorg
CVE-2025-1787,Genetec Inc.
CVE-2025-1788,rizinorg
CVE-2025-1789,Genetec Inc.
CVE-2025-1790,Genetec Inc.
CVE-2025-1791,Zorlan
CVE-2025-1792,Mattermost
CVE-2025-1793,run-llama
CVE-2025-1794,johanaarstein
CVE-2025-1795,Python Software Foundation
CVE-2025-1796,langgenius
CVE-2025-1797,Hunan Zhonghe Baiyi Information Technology
CVE-2025-1799,Zorlan
CVE-2025-1800,D-Link
CVE-2025-1801,Red Hat
CVE-2025-1802,devitemsllc
CVE-2025-1804,Blizzard
CVE-2025-1805,HACHI
CVE-2025-1806,Eastnets
CVE-2025-1807,Eastnets
CVE-2025-1808,Pixsoft
CVE-2025-1809,Pixsoft
CVE-2025-1810,Pixsoft
CVE-2025-1811,AT Software Solutions
CVE-2025-1812,zj1983
CVE-2025-1813,zj1983
CVE-2025-1814,Tenda
CVE-2025-1815,pbrong
CVE-2025-1818,zj1983
CVE-2025-1819,Tenda
CVE-2025-1820,zj1983
CVE-2025-1821,zj1983
CVE-2025-1823,IBM
CVE-2025-1826,IBM
CVE-2025-1828,perl
CVE-2025-1829,TOTOLINK
CVE-2025-1830,zj1983
CVE-2025-1831,zj1983
CVE-2025-1832,zj1983
CVE-2025-1833,zj1983
CVE-2025-1834,zj1983
CVE-2025-1835,osuuu
CVE-2025-1838,IBM
CVE-2025-1840,ESAFENET
CVE-2025-1841,ESAFENET
CVE-2025-1842,FITSTATS Technologies
CVE-2025-1844,ESAFENET
CVE-2025-1845,ESAFENET
CVE-2025-1846,zj1983
CVE-2025-1847,zj1983
CVE-2025-1848,zj1983
CVE-2025-1849,zj1983
CVE-2025-1850,Codezips
CVE-2025-1851,Tenda
CVE-2025-1852,Totolink
CVE-2025-1853,Tenda
CVE-2025-1854,Codezips
CVE-2025-1855,PHPGurukul
CVE-2025-1856,Codezips
CVE-2025-1857,PHPGurukul
CVE-2025-1858,Codezips
CVE-2025-1859,PHPGurukul
CVE-2025-1860,ZEFRAM
CVE-2025-1861,PHP Group
CVE-2025-1862,WSO2
CVE-2025-1863,Yokogawa Electric Corporation
CVE-2025-1864,radareorg
CVE-2025-1865,Elaborate Bytes AG
CVE-2025-1866,warmcat
CVE-2025-1867,ithewei
CVE-2025-1868,Famatech Corp
CVE-2025-1869,Mayuri K
CVE-2025-1870,Mayuri K
CVE-2025-1871,Mayuri K
CVE-2025-1872,Mayuri K
CVE-2025-1873,Mayuri K
CVE-2025-1874,Mayuri K
CVE-2025-1875,Mayuri K
CVE-2025-1876,D-Link
CVE-2025-1877,D-Link
CVE-2025-1878,i-Drive
CVE-2025-1879,i-Drive
CVE-2025-1880,i-Drive
CVE-2025-1881,i-Drive
CVE-2025-1882,i-Drive
CVE-2025-1883,Dassault Systèmes
CVE-2025-1884,Dassault Systèmes
CVE-2025-1885,Restajet Information Technologies Inc.
CVE-2025-1886,Sage
CVE-2025-1887,Sage
CVE-2025-1888,Leica BioSystems
CVE-2025-1889,mmaitre314
CVE-2025-1894,PHPGurukul
CVE-2025-1895,Tenda
CVE-2025-1896,Tenda
CVE-2025-1897,Tenda
CVE-2025-1898,Tenda
CVE-2025-1899,Tenda
CVE-2025-1900,PHPGurukul
CVE-2025-1901,PHPGurukul
CVE-2025-1902,PHPGurukul
CVE-2025-1903,Codezips
CVE-2025-1904,code-projects
CVE-2025-1905,SourceCodester
CVE-2025-1906,PHPGurukul
CVE-2025-1907,Instantel
CVE-2025-1908,GitLab
CVE-2025-1909,BuddyBoss
CVE-2025-1910,WatchGuard
CVE-2025-1911,webtoffee
CVE-2025-1912,webtoffee
CVE-2025-1913,webtoffee
CVE-2025-1914,Google
CVE-2025-1915,Google
CVE-2025-1916,Google
CVE-2025-1917,Google
CVE-2025-1918,Google
CVE-2025-1919,Google
CVE-2025-1920,Google
CVE-2025-1921,Google
CVE-2025-1922,Google
CVE-2025-1923,Google
CVE-2025-1924,Yokogawa Electric Corporation
CVE-2025-1926,softaculous
CVE-2025-1927,Restajet Information Technologies Inc.
CVE-2025-1928,Restajet Information Technologies Inc.
CVE-2025-1929,Risk Yazılım Teknolojileri Ltd. Şti.
CVE-2025-1930,Mozilla
CVE-2025-1931,Mozilla
CVE-2025-1932,Mozilla
CVE-2025-1933,Mozilla
CVE-2025-1934,Mozilla
CVE-2025-1935,Mozilla
CVE-2025-1936,Mozilla
CVE-2025-1937,Mozilla
CVE-2025-1938,Mozilla
CVE-2025-1939,Mozilla
CVE-2025-1940,Mozilla
CVE-2025-1941,Mozilla
CVE-2025-1942,Mozilla
CVE-2025-1943,Mozilla
CVE-2025-1944,mmaitre314
CVE-2025-1945,mmaitre314
CVE-2025-1946,hzmanyun
CVE-2025-1947,hzmanyun
CVE-2025-1948,Eclipse Foundation
CVE-2025-1950,IBM
CVE-2025-1951,IBM
CVE-2025-1952,PHPGurukul
CVE-2025-1953,vLLM
CVE-2025-1954,PHPGurukul
CVE-2025-1955,code-projects
CVE-2025-1956,code-projects
CVE-2025-1957,code-projects
CVE-2025-1958,aaluoxiang
CVE-2025-1959,Codezips
CVE-2025-1960,Schneider Electric
CVE-2025-1961,SourceCodester
CVE-2025-1962,projectworlds
CVE-2025-1963,projectworlds
CVE-2025-1964,projectworlds
CVE-2025-1965,projectworlds
CVE-2025-1966,PHPGurukul
CVE-2025-1967,code-projects
CVE-2025-1968,Progress Software Corporation
CVE-2025-1969,AWS
CVE-2025-1970,webtoffee
CVE-2025-1971,webtoffee
CVE-2025-1972,webtoffee
CVE-2025-1973,webtoffee
CVE-2025-1974,kubernetes
CVE-2025-1975,ollama
CVE-2025-1976,Brocade
CVE-2025-1977,Moxa
CVE-2025-1978,Hitachi
CVE-2025-1980,Symfonia
CVE-2025-1981,Symfonia
CVE-2025-1982,Symfonia
CVE-2025-1983,Symfonia
CVE-2025-1984,Xerox
CVE-2025-1985,Pepperl+Fuchs
CVE-2025-1987,Bitdefender
CVE-2025-1987,Psono
CVE-2025-1991,IBM
CVE-2025-1992,IBM
CVE-2025-1993,IBM
CVE-2025-1994,IBM
CVE-2025-1997,IBM
CVE-2025-1998,IBM
CVE-2025-2000,IBM
CVE-2025-2002,Schneider Electric
CVE-2025-2003,Devolutions
CVE-2025-2004,wpminds
CVE-2025-2005,rustaurius
CVE-2025-2006,berrypress
CVE-2025-2007,smackcoders
CVE-2025-2008,smackcoders
CVE-2025-2009,contrid
CVE-2025-2010,mhmrajib
CVE-2025-2011,averta
CVE-2025-2012,Ashlar-Vellum
CVE-2025-2013,Ashlar-Vellum
CVE-2025-2014,Ashlar-Vellum
CVE-2025-2015,Ashlar-Vellum
CVE-2025-2016,Ashlar-Vellum
CVE-2025-2017,Ashlar-Vellum
CVE-2025-2018,Ashlar-Vellum
CVE-2025-2019,Ashlar-Vellum
CVE-2025-2020,Ashlar-Vellum
CVE-2025-2021,Ashlar-Vellum
CVE-2025-2022,Ashlar-Vellum
CVE-2025-2023,Ashlar-Vellum
CVE-2025-2024,Trimble
CVE-2025-2025,stellarwp
CVE-2025-2026,Moxa
CVE-2025-2027,ASUS
CVE-2025-2028,checkpoint
CVE-2025-2029,MicroDicom
CVE-2025-2030,Seeyon
CVE-2025-2033,code-projects
CVE-2025-2034,PHPGurukul
CVE-2025-2035,s-a-zhd
CVE-2025-2036,s-a-zhd
CVE-2025-2037,code-projects
CVE-2025-2038,code-projects
CVE-2025-2039,code-projects
CVE-2025-2040,zhijiantianya
CVE-2025-2041,s-a-zhd
CVE-2025-2042,huang-yk
CVE-2025-2043,LinZhaoguan
CVE-2025-2044,code-projects
CVE-2025-2045,GitLab
CVE-2025-2046,SourceCodester
CVE-2025-2047,PHPGurukul
CVE-2025-2049,code-projects
CVE-2025-2050,PHPGurukul
CVE-2025-2051,PHPGurukul
CVE-2025-2052,PHPGurukul
CVE-2025-2053,PHPGurukul
CVE-2025-2054,code-projects
CVE-2025-2056,johndarrel
CVE-2025-2057,PHPGurukul
CVE-2025-2058,PHPGurukul
CVE-2025-2059,PHPGurukul
CVE-2025-2060,PHPGurukul
CVE-2025-2061,code-projects
CVE-2025-2062,projectworlds
CVE-2025-2063,projectworlds
CVE-2025-2064,projectworlds
CVE-2025-2065,projectworlds
CVE-2025-2066,projectworlds
CVE-2025-2067,projectworlds
CVE-2025-2068,FileZ
CVE-2025-2069,FileZ
CVE-2025-2070,FileZ
CVE-2025-2071,FAST LTA
CVE-2025-2072,FAST LTA
CVE-2025-2073,Google
CVE-2025-2074,webfactory
CVE-2025-2075,uncannyowl
CVE-2025-2076,gnarf
CVE-2025-2077,duogeek
CVE-2025-2078,gpenverne
CVE-2025-2079,Optigo Networks
CVE-2025-2080,Optigo Networks
CVE-2025-2081,Optigo Networks
CVE-2025-2082,Tesla
CVE-2025-2083,binsaifullah
CVE-2025-2084,PHPGurukul
CVE-2025-2085,StarSea99
CVE-2025-2086,StarSea99
CVE-2025-2087,StarSea99
CVE-2025-2088,PHPGurukul
CVE-2025-2089,StarSea99
CVE-2025-2090,PHPGurukul
CVE-2025-2091,M-Files Corporation
CVE-2025-2092,Checkmk GmbH
CVE-2025-2093,PHPGurukul
CVE-2025-2094,TOTOLINK
CVE-2025-2095,TOTOLINK
CVE-2025-2096,TOTOLINK
CVE-2025-2097,TOTOLINK
CVE-2025-2098,Beijing Honghu Yuntu Technology
CVE-2025-2099,huggingface
CVE-2025-2101,ThemeMove
CVE-2025-2102,HYPR
CVE-2025-2103,IronTemplates
CVE-2025-2104,softaculous
CVE-2025-2105,artbees
CVE-2025-2106,arielbrailovsky
CVE-2025-2107,arielbrailovsky
CVE-2025-2108,xpro
CVE-2025-2109,aresit
CVE-2025-2110,aresit
CVE-2025-2111,hiddenpearls
CVE-2025-2112,user-xiangpeng
CVE-2025-2113,AT Software Solutions
CVE-2025-2114,Shenzhen Sixun Software
CVE-2025-2115,zzskzy
CVE-2025-2116,Beijing Founder Electronics
CVE-2025-2117,Beijing Founder Electronics
CVE-2025-2118,Quantico Tecnologia
CVE-2025-2119,Thinkware
CVE-2025-2120,Thinkware
CVE-2025-2121,Thinkware
CVE-2025-2122,Thinkware
CVE-2025-2124,Control iD
CVE-2025-2125,Control iD
CVE-2025-2126,JoomlaUX
CVE-2025-2127,JoomlaUX
CVE-2025-2128,stylemix
CVE-2025-2131,dayrui
CVE-2025-2134,IBM
CVE-2025-2135,Google
CVE-2025-2136,Google
CVE-2025-2137,Google
CVE-2025-2138,IBM
CVE-2025-2139,IBM
CVE-2025-2140,IBM
CVE-2025-2141,IBM
CVE-2025-2146,Canon Inc.
CVE-2025-2147,Beijing Zhide Intelligent Internet Technology
CVE-2025-2150,HGiga
CVE-2025-2151,Open Asset Import Library
CVE-2025-2152,Open Asset Import Library
CVE-2025-2154,Echo Call Center Services Trade and Industry Inc.
CVE-2025-2155,Echo Call Center Services Trade and Industry Inc.
CVE-2025-2157,Red Hat
CVE-2025-2158,mythemeshop
CVE-2025-2159,M-Files Corporation
CVE-2025-2160,Pegasystems
CVE-2025-2161,Pegasystems
CVE-2025-2163,zoorum
CVE-2025-2164,pixelstats
CVE-2025-2165,samhoamt
CVE-2025-2166,creativemindssolutions
CVE-2025-2167,bastho
CVE-2025-2168,bdthemes
CVE-2025-2169,realmag777
CVE-2025-2170,SonicWall
CVE-2025-2171,Aviatrix
CVE-2025-2172,Aviatrix
CVE-2025-2179,Palo Alto Networks
CVE-2025-2180,Palo Alto Networks
CVE-2025-2181,Palo Alto Networks
CVE-2025-2182,Palo Alto Networks
CVE-2025-2183,Palo Alto Networks
CVE-2025-2184,Palo Alto Networks
CVE-2025-2185,ALBEDO Telecom
CVE-2025-2186,amans2k
CVE-2025-2188,Honor
CVE-2025-2189,Mogify Infotech
CVE-2025-2190,TECNO
CVE-2025-2191,Claro
CVE-2025-2192,Stoque
CVE-2025-2197,Honor
CVE-2025-2199,Innovación y Cualificación
CVE-2025-2200,Innovación y Cualificación
CVE-2025-2201,Innovación y Cualificación
CVE-2025-2202,Innovación y Cualificación
CVE-2025-2204,Tapandsign Technologies Software Inc.
CVE-2025-2205,mooveagency
CVE-2025-2206,aitangbao
CVE-2025-2207,aitangbao
CVE-2025-2208,aitangbao
CVE-2025-2209,aitangbao
CVE-2025-2210,aitangbao
CVE-2025-2211,aitangbao
CVE-2025-2212,Castlenet
CVE-2025-2213,Castlenet
CVE-2025-2216,zzskzy
CVE-2025-2217,zzskzy
CVE-2025-2218,LoveCards
CVE-2025-2219,LoveCards
CVE-2025-2220,Odyssey
CVE-2025-2221,whyun
CVE-2025-2222,Schneider Electric
CVE-2025-2223,Schneider Electric
CVE-2025-2224,wpwax
CVE-2025-2225,cyberchimps
CVE-2025-2228,cyberchimps
CVE-2025-2229,Philips
CVE-2025-2230,Philips
CVE-2025-2231,PDF-XChange
CVE-2025-2232,PureThemes
CVE-2025-2233,Samsung
CVE-2025-2236,OpenText
CVE-2025-2237,ApusThemes
CVE-2025-2238,Odin_Design
CVE-2025-2239,Hillstone Networks
CVE-2025-2240,Red Hat
CVE-2025-2241,Red Hat
CVE-2025-2242,GitLab
CVE-2025-2243,Bitdefender
CVE-2025-2244,Bitdefender
CVE-2025-2245,Bitdefender
CVE-2025-2246,GitLab
CVE-2025-2249,sojweb
CVE-2025-2250,sminozzi
CVE-2025-2251,Red Hat
CVE-2025-2252,smub
CVE-2025-2253,imithemes
CVE-2025-2254,GitLab
CVE-2025-2255,GitLab
CVE-2025-2256,GitLab
CVE-2025-2257,boldgrid
CVE-2025-2258,Eclipse Foundation
CVE-2025-2259,Eclipse Foundation
CVE-2025-2260,Eclipse Foundation
CVE-2025-2261,TIBCO Software Inc
CVE-2025-2262,samdani
CVE-2025-2263,Santesoft
CVE-2025-2264,Santesoft
CVE-2025-2265,Santesoft
CVE-2025-2266,mestresdowp
CVE-2025-2267,wp01ru
CVE-2025-2268,HP Inc.
CVE-2025-2269,10web
CVE-2025-2270,adamskaat
CVE-2025-2271,issuetrak
CVE-2025-2272,Forcepoint
CVE-2025-2274,Forcepoint
CVE-2025-2276,davidvongries
CVE-2025-2277,Devolutions
CVE-2025-2278,Devolutions
CVE-2025-2280,Devolutions
CVE-2025-2284,Santesoft
CVE-2025-2285,Rockwell Automation
CVE-2025-2286,Rockwell Automation
CVE-2025-2287,Rockwell Automation
CVE-2025-2288,Rockwell Automation
CVE-2025-2289,zozothemes
CVE-2025-2290,chrisbadgett
CVE-2025-2292,Xorcom
CVE-2025-2293,Rockwell Automation
CVE-2025-2294,extendthemes
CVE-2025-2295,TianoCore
CVE-2025-2296,TianoCore
CVE-2025-2297,BeyondTrust
CVE-2025-2298,Dremio Corporation
CVE-2025-2299,theluckywp
CVE-2025-2300,Hitachi
CVE-2025-2301,Akbim Software
CVE-2025-2302,mihail-barinov
CVE-2025-2303,landwire
CVE-2025-2304,owen2345
CVE-2025-2305,SYNCPILOT
CVE-2025-2306,SYNCPILOT
CVE-2025-2307,Verisay Communication and Information Technology Industry and Trade Ltd. Co.
CVE-2025-2311,Sechard Information Technologies
CVE-2025-2312,cifs-utils
CVE-2025-2313,CGM
CVE-2025-2314,cozmoslabs
CVE-2025-2317,woobewoo
CVE-2025-2319,scheeeli
CVE-2025-2320,274056675
CVE-2025-2321,274056675
CVE-2025-2322,274056675
CVE-2025-2323,274056675
CVE-2025-2324,Progress
CVE-2025-2325,boopathi0001
CVE-2025-2327,Pure Storage
CVE-2025-2328,glenwpcoder
CVE-2025-2329,silabs.com
CVE-2025-2330,shamsbd71
CVE-2025-2331,stellarwp
CVE-2025-2332,smackcoders
CVE-2025-2334,274056675
CVE-2025-2335,Drivin
CVE-2025-2336,Google
CVE-2025-2337,tbeu
CVE-2025-2338,tbeu
CVE-2025-2339,otale
CVE-2025-2340,otale
CVE-2025-2341,IROAD
CVE-2025-2342,IROAD
CVE-2025-2343,IROAD
CVE-2025-2344,IROAD
CVE-2025-2345,IROAD
CVE-2025-2346,IROAD
CVE-2025-2347,IROAD
CVE-2025-2348,IROAD
CVE-2025-2349,IROAD
CVE-2025-2350,IROAD
CVE-2025-2351,DayCloud
CVE-2025-2352,StarSea99
CVE-2025-2353,VAM
CVE-2025-2354,VAM
CVE-2025-2355,BlackVue
CVE-2025-2356,BlackVue
CVE-2025-2358,Shenzhen Mingyuan Cloud Technology
CVE-2025-2359,D-Link
CVE-2025-2360,D-Link
CVE-2025-2361,Mercurial
CVE-2025-2362,PHPGurukul
CVE-2025-2363,lenve
CVE-2025-2364,lenve
CVE-2025-2367,Oiwtech
CVE-2025-2368,WebAssembly
CVE-2025-2369,TOTOLINK
CVE-2025-2370,TOTOLINK
CVE-2025-2371,PHPGurukul
CVE-2025-2372,PHPGurukul
CVE-2025-2373,PHPGurukul
CVE-2025-2374,PHPGurukul
CVE-2025-2375,PHPGurukul
CVE-2025-2376,viames
CVE-2025-2377,SourceCodester
CVE-2025-2378,PHPGurukul
CVE-2025-2379,PHPGurukul
CVE-2025-2380,PHPGurukul
CVE-2025-2381,PHPGurukul
CVE-2025-2382,PHPGurukul
CVE-2025-2383,PHPGurukul
CVE-2025-2384,code-projects
CVE-2025-2385,code-projects
CVE-2025-2386,PHPGurukul
CVE-2025-2387,SourceCodester
CVE-2025-2388,Keytop
CVE-2025-2389,code-projects
CVE-2025-2390,code-projects
CVE-2025-2391,code-projects
CVE-2025-2392,code-projects
CVE-2025-2393,code-projects
CVE-2025-2394,Ecovacs
CVE-2025-2395,e-Excellence
CVE-2025-2396,e-Excellence
CVE-2025-2397,China Mobile
CVE-2025-2398,China Mobile
CVE-2025-2399,Mitsubishi Electric Corporation
CVE-2025-2401,Immunity Debugger
CVE-2025-2402,KNIME
CVE-2025-2403,Hitachi Energy
CVE-2025-2404,Ubit Information Technologies
CVE-2025-2405,Verisay Communication and Information Technology Industry and Trade Ltd. Co.
CVE-2025-2406,Verisay Communication and Information Technology Industry and Trade Ltd. Co.
CVE-2025-2407,Mobatime
CVE-2025-2408,GitLab
CVE-2025-2409,ABB
CVE-2025-2410,ABB
CVE-2025-2411,Akinsoft
CVE-2025-2412,Akinsoft
CVE-2025-2413,Akinsoft
CVE-2025-2414,Akinsoft
CVE-2025-2415,Akinsoft
CVE-2025-2416,Akinsoft
CVE-2025-2417,Akinsoft
CVE-2025-2418,TR7 Cyber ​​Defense Inc.
CVE-2025-2419,code-projects
CVE-2025-2420,猫宁i
CVE-2025-2421,Profelis Informatics
CVE-2025-2424,Mattermost
CVE-2025-2425,"ESET, spol. s.r.o"
CVE-2025-2440,Schneider Electric
CVE-2025-2441,Schneider Electric
CVE-2025-2442,Schneider Electric
CVE-2025-2443,GitLab
CVE-2025-2449,NI
CVE-2025-2450,NI
CVE-2025-2469,GitLab
CVE-2025-2470,aonetheme
CVE-2025-2471,PHPGurukul
CVE-2025-2472,PHPGurukul
CVE-2025-2473,PHPGurukul
CVE-2025-2474,BlackBerry
CVE-2025-2475,Mattermost
CVE-2025-2476,Google
CVE-2025-2477,cryokey
CVE-2025-2478,allhart
CVE-2025-2479,duogeek
CVE-2025-2480,Santesoft
CVE-2025-2481,dman25560
CVE-2025-2482,pienaro
CVE-2025-2483,bobcares_plugins
CVE-2025-2484,skustes
CVE-2025-2485,glenwpcoder
CVE-2025-2486,Ubuntu
CVE-2025-2487,Red Hat
CVE-2025-2488,Profelis Informatics
CVE-2025-2489,NTFS Tool
CVE-2025-2490,Dromara
CVE-2025-2491,Dromara
CVE-2025-2492,ASUS
CVE-2025-2493,Sytel Ltd
CVE-2025-2494,Sytel Ltd
CVE-2025-2495,Sytel Ltd
CVE-2025-2497,Autodesk
CVE-2025-2498,GitLab
CVE-2025-2499,Devolutions
CVE-2025-2500,Hitachi Energy
CVE-2025-2501,Lenovo
CVE-2025-2502,Lenovo
CVE-2025-2503,Lenovo
CVE-2025-2505,philsbury
CVE-2025-2506,EnterpriseDB
CVE-2025-2509,Google
CVE-2025-2510,bittokazi
CVE-2025-2511,mitchelllevy
CVE-2025-2512,thomstark
CVE-2025-2513,smartpixels
CVE-2025-2514,Hitachi
CVE-2025-2515,Eclipse Foundation
CVE-2025-2516,Kingsoft
CVE-2025-2517,OpenText
CVE-2025-2518,IBM
CVE-2025-2519,iqonicdesign
CVE-2025-2520,Honeywell
CVE-2025-2521,Honeywell
CVE-2025-2522,Honeywell
CVE-2025-2523,Honeywell
CVE-2025-2525,iqonicdesign
CVE-2025-2526,iqonicdesign
CVE-2025-2527,Mattermost
CVE-2025-2528,Devolutions
CVE-2025-2529,IBM
CVE-2025-2530,Luxion
CVE-2025-2531,Luxion
CVE-2025-2532,Luxion
CVE-2025-2533,IBM
CVE-2025-2534,IBM
CVE-2025-2536,Liferay
CVE-2025-2537,denis-de-bernardy
CVE-2025-2537,smub
CVE-2025-2537,wpdevart
CVE-2025-2538,Esri
CVE-2025-2539,thomstark
CVE-2025-2540,devrix
CVE-2025-2540,fuzzoid
CVE-2025-2540,nayon46
CVE-2025-2540,raihancse
CVE-2025-2540,wptipsntricks
CVE-2025-2541,wedevs
CVE-2025-2542,obbdpu
CVE-2025-2543,spiderdevs
CVE-2025-2544,adamwillhoeft
CVE-2025-2545,Best Practical Solutions
CVE-2025-2546,D-Link
CVE-2025-2547,D-Link
CVE-2025-2548,D-Link
CVE-2025-2549,D-Link
CVE-2025-2550,D-Link
CVE-2025-2551,D-Link
CVE-2025-2552,D-Link
CVE-2025-2553,D-Link
CVE-2025-2555,Audi
CVE-2025-2556,Audi
CVE-2025-2557,Audi
CVE-2025-2559,Red Hat
CVE-2025-2562,Devolutions
CVE-2025-2564,Mattermost
CVE-2025-2565,Liferay
CVE-2025-2566,Kaleris
CVE-2025-2567,Lantronix
CVE-2025-2568,themehunk
CVE-2025-2570,Mattermost
CVE-2025-2571,Mattermost
CVE-2025-2572,Progress Software Corporation
CVE-2025-2573,zia420
CVE-2025-2574,Xpdf
CVE-2025-2575,wpzita
CVE-2025-2576,themerox
CVE-2025-2577,bitspecter
CVE-2025-2578,ameliabooking
CVE-2025-2579,bplugins
CVE-2025-2580,bitpressadmin
CVE-2025-2582,SimpleMachines
CVE-2025-2583,SimpleMachines
CVE-2025-2584,WebAssembly
CVE-2025-2585,EBM Technologies
CVE-2025-2586,Red Hat
CVE-2025-2587,Jinher
CVE-2025-2588,Hercules
CVE-2025-2589,code-projects
CVE-2025-2590,code-projects
CVE-2025-2591,Open Asset Import Library
CVE-2025-2592,Open Asset Import Library
CVE-2025-2595,CODESYS
CVE-2025-2596,Checkmk GmbH
CVE-2025-2597,Impact Technologies
CVE-2025-2598,AWS
CVE-2025-2600,Devolutions
CVE-2025-2601,SourceCodester
CVE-2025-2602,SourceCodester
CVE-2025-2603,SourceCodester
CVE-2025-2604,SourceCodester
CVE-2025-2605,Honeywell
CVE-2025-2606,SourceCodester
CVE-2025-2607,phplaozhang
CVE-2025-2608,PHPGurukul
CVE-2025-2609,MagnusSolution
CVE-2025-2610,MagnusSolution
CVE-2025-2611,ICT Innovations
CVE-2025-2613,mehrazmorshed
CVE-2025-2614,GitLab
CVE-2025-2615,GitLab
CVE-2025-2616,yangyouwang 杨有旺
CVE-2025-2617,yangyouwang 杨有旺
CVE-2025-2618,D-Link
CVE-2025-2619,D-Link
CVE-2025-2620,D-Link
CVE-2025-2621,D-Link
CVE-2025-2622,aizuda
CVE-2025-2623,westboy
CVE-2025-2624,westboy
CVE-2025-2625,westboy
CVE-2025-2626,SourceCodester
CVE-2025-2627,PHPGurukul
CVE-2025-2628,PHPGurukul
CVE-2025-2629,NI
CVE-2025-2630,NI
CVE-2025-2631,NI
CVE-2025-2632,NI
CVE-2025-2633,NI
CVE-2025-2634,NI
CVE-2025-2635,codeverve
CVE-2025-2636,instawp
CVE-2025-2640,PHPGurukul
CVE-2025-2641,PHPGurukul
CVE-2025-2642,PHPGurukul
CVE-2025-2643,PHPGurukul
CVE-2025-2644,PHPGurukul
CVE-2025-2645,PHPGurukul
CVE-2025-2646,PHPGurukul
CVE-2025-2647,PHPGurukul
CVE-2025-2648,PHPGurukul
CVE-2025-2649,PHPGurukul
CVE-2025-2650,PHPGurukul
CVE-2025-2651,SourceCodester
CVE-2025-2652,SourceCodester
CVE-2025-2654,SourceCodester
CVE-2025-2655,SourceCodester
CVE-2025-2656,PHPGurukul
CVE-2025-2657,projectworlds
CVE-2025-2658,PHPGurukul
CVE-2025-2659,Project Worlds
CVE-2025-2660,Project Worlds
CVE-2025-2661,Project Worlds
CVE-2025-2662,Project Worlds
CVE-2025-2663,PHPGurukul
CVE-2025-2664,CodeZips
CVE-2025-2665,PHPGurukul
CVE-2025-2667,IBM
CVE-2025-2668,IBM
CVE-2025-2669,IBM
CVE-2025-2670,IBM
CVE-2025-2671,Yue Lao
CVE-2025-2672,code-projects
CVE-2025-2673,code-projects
CVE-2025-2674,PHPGurukul
CVE-2025-2675,PHPGurukul
CVE-2025-2676,PHPGurukul
CVE-2025-2677,PHPGurukul
CVE-2025-2678,PHPGurukul
CVE-2025-2679,PHPGurukul
CVE-2025-2680,PHPGurukul
CVE-2025-2681,PHPGurukul
CVE-2025-2682,PHPGurukul
CVE-2025-2683,PHPGurukul
CVE-2025-2684,PHPGurukul
CVE-2025-2685,tobiasbg
CVE-2025-2686,mingyuefusu 明月复苏
CVE-2025-2687,PHPGurukul
CVE-2025-2688,TOTOLINK
CVE-2025-2689,yiisoft
CVE-2025-2690,yiisoft
CVE-2025-2694,IBM
CVE-2025-2697,IBM
CVE-2025-2699,GetmeUK
CVE-2025-2700,michelson
CVE-2025-2701,AMTT
CVE-2025-2702,Softwin
CVE-2025-2703,Grafana
CVE-2025-2704,OpenVPN
CVE-2025-2705,Digiwin
CVE-2025-2706,Digiwin
CVE-2025-2707,zhijiantianya
CVE-2025-2708,zhijiantianya
CVE-2025-2709,Yonyou
CVE-2025-2710,Yonyou
CVE-2025-2711,Yonyou
CVE-2025-2712,Yonyou
CVE-2025-2713,Google
CVE-2025-2714,JoomlaUX
CVE-2025-2715,timschofield
CVE-2025-2716,China Mobile
CVE-2025-2717,D-Link
CVE-2025-2719,hasthemes
CVE-2025-2725,H3C
CVE-2025-2726,H3C
CVE-2025-2727,H3C
CVE-2025-2728,H3C
CVE-2025-2729,H3C
CVE-2025-2730,H3C
CVE-2025-2731,H3C
CVE-2025-2732,H3C
CVE-2025-2733,mannaandpoem
CVE-2025-2734,PHPGurukul
CVE-2025-2735,PHPGurukul
CVE-2025-2736,PHPGurukul
CVE-2025-2737,PHPGurukul
CVE-2025-2738,PHPGurukul
CVE-2025-2739,PHPGurukul
CVE-2025-2740,PHPGurukul
CVE-2025-2742,zhijiantianya
CVE-2025-2743,zhijiantianya
CVE-2025-2744,zhijiantianya
CVE-2025-2745,AVEVA
CVE-2025-2746,Kentico
CVE-2025-2747,Kentico
CVE-2025-2748,Kentico
CVE-2025-2749,Kentico
CVE-2025-2750,Open Asset Import Library
CVE-2025-2751,Open Asset Import Library
CVE-2025-2752,Open Asset Import Library
CVE-2025-2753,Open Asset Import Library
CVE-2025-2754,Open Asset Import Library
CVE-2025-2755,Open Asset Import Library
CVE-2025-2756,Open Asset Import Library
CVE-2025-2757,Open Asset Import Library
CVE-2025-2759,GStreamer
CVE-2025-2760,GIMP
CVE-2025-2761,GIMP
CVE-2025-2762,CarlinKit
CVE-2025-2763,CarlinKit
CVE-2025-2764,CarlinKit
CVE-2025-2765,CarlinKit
CVE-2025-2766,70mai
CVE-2025-2767,Arista
CVE-2025-2768,Bdrive
CVE-2025-2769,Bdrive
CVE-2025-2770,BEC Technologies
CVE-2025-2771,BEC Technologies
CVE-2025-2772,BEC Technologies
CVE-2025-2773,BEC Technologies
CVE-2025-2775,SysAid
CVE-2025-2776,SysAid
CVE-2025-2777,SysAid
CVE-2025-2779,htplugins
CVE-2025-2780,WofficeIO
CVE-2025-2781,WatchGuard
CVE-2025-2782,WatchGuard
CVE-2025-2783,Google
CVE-2025-2784,Red Hat
CVE-2025-2786,Red Hat
CVE-2025-2787,KNIME
CVE-2025-2789,wcmp
CVE-2025-2793,IBM
CVE-2025-2794,Kentico
CVE-2025-2796,Arista Networks
CVE-2025-2797,WofficeIO
CVE-2025-2798,XTENDIFY
CVE-2025-2799,wpeventmanager
CVE-2025-2800,wpeventmanager
CVE-2025-2801,dorinabc
CVE-2025-2802,layoutboxx
CVE-2025-2803,davemacd
CVE-2025-2804,tagDiv
CVE-2025-2805,vikashsrivastava1111989
CVE-2025-2806,tagDiv
CVE-2025-2807,stylemix
CVE-2025-2808,stylemix
CVE-2025-2809,azurecurve
CVE-2025-2810,Draeger
CVE-2025-2811,GL.iNet
CVE-2025-2812,Mydata Informatics
CVE-2025-2813,Phoenix Contact
CVE-2025-2814,LDS
CVE-2025-2815,quyle91
CVE-2025-2816,a3rev
CVE-2025-2817,Mozilla
CVE-2025-2818,Motorola
CVE-2025-2819,Bizerba SE & Co. KG
CVE-2025-2820,Bizerba SE & Co. KG
CVE-2025-2821,quadlayers
CVE-2025-2824,IBM
CVE-2025-2826,Arista Networks
CVE-2025-2827,IBM
CVE-2025-2828,langchain-ai
CVE-2025-2829,Rockwell Automation
CVE-2025-2830,Mozilla
CVE-2025-2831,mingyuefusu 明月复苏
CVE-2025-2832,mingyuefusu 明月复苏
CVE-2025-2833,zhangyd-c
CVE-2025-2835,zhangyd-c
CVE-2025-2836,metagauss
CVE-2025-2837,Silicon Labs
CVE-2025-2838,Silicon Labs
CVE-2025-2839,vjinfotech
CVE-2025-2840,bhuvnesh
CVE-2025-2841,reality66
CVE-2025-2842,Red Hat
CVE-2025-2843,Red Hat
CVE-2025-2843,rhobs
CVE-2025-2846,SourceCodester
CVE-2025-2847,Codezips
CVE-2025-2848,Synology
CVE-2025-2850,GL.iNet
CVE-2025-2851,GL.iNet
CVE-2025-2852,SourceCodester
CVE-2025-2853,GitLab
CVE-2025-2854,code-projects
CVE-2025-2855,elunez
CVE-2025-2857,Mozilla
CVE-2025-2858,Arteche
CVE-2025-2859,Arteche
CVE-2025-2860,Arteche
CVE-2025-2861,Arteche
CVE-2025-2862,Arteche
CVE-2025-2863,Arteche
CVE-2025-2864,Arteche
CVE-2025-2865,Arteche
CVE-2025-2866,The Document Foundation
CVE-2025-2867,GitLab
CVE-2025-2868,Clinic Queuing System
CVE-2025-2869,Clinic Queuing System
CVE-2025-2870,Clinic Queuing System
CVE-2025-2871,quadlayers
CVE-2025-2874,specialk
CVE-2025-2875,Schneider Electric
CVE-2025-2876,melapress
CVE-2025-2877,Red Hat
CVE-2025-2878,Kentico
CVE-2025-2879,Arm Ltd
CVE-2025-2880,yame
CVE-2025-2881,bap22
CVE-2025-2882,greenmoney
CVE-2025-2883,zealopensource
CVE-2025-2884,Trusted Computing Group
CVE-2025-2885,AWS
CVE-2025-2886,AWS
CVE-2025-2887,AWS
CVE-2025-2888,AWS
CVE-2025-2889,jackdewey
CVE-2025-2890,TagDiv
CVE-2025-2891,contempoinc
CVE-2025-2892,smub
CVE-2025-2893,jegstudio
CVE-2025-2894,Unitree
CVE-2025-2895,IBM
CVE-2025-2896,IBM
CVE-2025-2898,IBM
CVE-2025-2900,IBM
CVE-2025-2902,Hitachi
CVE-2025-2903,Perforce
CVE-2025-2905,WSO2
CVE-2025-2906,contempoinc
CVE-2025-2908,Fermax
CVE-2025-2909,Fermax
CVE-2025-2910,Fermax
CVE-2025-2911,Fermax
CVE-2025-2916,Aishida
CVE-2025-2918,ultimateblocks
CVE-2025-2919,Netis
CVE-2025-2920,Netis
CVE-2025-2921,Netis
CVE-2025-2922,Netis
CVE-2025-2927,ESAFENET
CVE-2025-2928,Genetec Inc.
CVE-2025-2932,jkdevstudio
CVE-2025-2933,aweos
CVE-2025-2934,GitLab
CVE-2025-2935,webguyio
CVE-2025-2937,GitLab
CVE-2025-2938,GitLab
CVE-2025-2939,techjewel
CVE-2025-2940,techjewel
CVE-2025-2941,glenwpcoder
CVE-2025-2944,jegtheme
CVE-2025-2945,pgadmin.org
CVE-2025-2946,pgadmin.org
CVE-2025-2947,IBM
CVE-2025-2950,IBM
CVE-2025-2951,Bluestar
CVE-2025-2952,Bluestar
CVE-2025-2954,mannaandpoem
CVE-2025-2955,TOTOLINK
CVE-2025-2956,TRENDnet
CVE-2025-2957,TRENDnet
CVE-2025-2958,TRENDnet
CVE-2025-2959,TRENDnet
CVE-2025-2960,TRENDnet
CVE-2025-2962,zephyrproject-rtos
CVE-2025-2973,code-projects
CVE-2025-2974,CodeCanyon
CVE-2025-2975,GFI
CVE-2025-2976,GFI
CVE-2025-2977,GFI
CVE-2025-2980,Legrand
CVE-2025-2981,Legrand
CVE-2025-2982,Legrand
CVE-2025-2983,Legrand
CVE-2025-2984,code-projects
CVE-2025-2985,code-projects
CVE-2025-2986,IBM
CVE-2025-2987,IBM
CVE-2025-2988,IBM
CVE-2025-2989,Tenda
CVE-2025-2990,Tenda
CVE-2025-2991,Tenda
CVE-2025-2992,Tenda
CVE-2025-2993,Tenda
CVE-2025-2994,Tenda
CVE-2025-2995,Tenda
CVE-2025-2996,Tenda
CVE-2025-2997,zhangyanbo2007
CVE-2025-3002,Digital China
CVE-2025-3003,ESAFENET
CVE-2025-3004,Sayski
CVE-2025-3005,Sayski
CVE-2025-3006,PHPGurukul
CVE-2025-3007,Novastar
CVE-2025-3008,Novastar
CVE-2025-3009,Jinher Network
CVE-2025-3010,Khronos Group
CVE-2025-3011,PiExtract
CVE-2025-3012,"Unisoc (Shanghai) Technologies Co., Ltd."
CVE-2025-3013,FPT Software
CVE-2025-3014,FPT Software
CVE-2025-3015,Open Asset Import Library
CVE-2025-3016,Open Asset Import Library
CVE-2025-3018,SourceCodester
CVE-2025-3019,KNIME
CVE-2025-3020,Wiesemann & Theis
CVE-2025-3021,e-solutions
CVE-2025-3022,e-solutions
CVE-2025-3025,Gen Digital
CVE-2025-3026,PrimeKey Solutions AB
CVE-2025-3027,PrimeKey Solutions AB
CVE-2025-3028,Mozilla
CVE-2025-3029,Mozilla
CVE-2025-3030,Mozilla
CVE-2025-3031,Mozilla
CVE-2025-3032,Mozilla
CVE-2025-3033,Mozilla
CVE-2025-3034,Mozilla
CVE-2025-3035,Mozilla
CVE-2025-3036,yzk2356911358
CVE-2025-3037,yzk2356911358
CVE-2025-3038,code-projects
CVE-2025-3039,code-projects
CVE-2025-3040,Project Worlds
CVE-2025-3041,Project Worlds
CVE-2025-3042,Project Worlds
CVE-2025-3043,GuoMinJim
CVE-2025-3044,run-llama
CVE-2025-3045,oretnom23
CVE-2025-3045,SourceCodester
CVE-2025-3046,run-llama
CVE-2025-3047,AWS
CVE-2025-3048,AWS
CVE-2025-3050,IBM
CVE-2025-3051,RRWO
CVE-2025-3052,DT Research
CVE-2025-3053,admintwentytwenty
CVE-2025-3054,wedevs
CVE-2025-3055,wedevs
CVE-2025-3056,codename065
CVE-2025-3057,Drupal
CVE-2025-3058,jauharixelion
CVE-2025-3059,Drupal
CVE-2025-3060,Drupal
CVE-2025-3061,Drupal
CVE-2025-3062,Drupal
CVE-2025-3063,shopperapprovedapp
CVE-2025-3064,syammohanm
CVE-2025-3065,neoslab
CVE-2025-3066,Google
CVE-2025-3067,Google
CVE-2025-3068,Google
CVE-2025-3069,Google
CVE-2025-3070,Google
CVE-2025-3071,Google
CVE-2025-3072,Google
CVE-2025-3073,Google
CVE-2025-3074,Google
CVE-2025-3075,elemntor
CVE-2025-3076,https://elementor.com/
CVE-2025-3077,MuffinGroup
CVE-2025-3078,Canon Inc.
CVE-2025-3079,Canon Inc.
CVE-2025-3082,MongoDB Inc
CVE-2025-3083,MongoDB Inc
CVE-2025-3084,MongoDB Inc
CVE-2025-3085,MongoDB Inc
CVE-2025-3086,M-Files Corporation
CVE-2025-3087,M-Files Corporation
CVE-2025-3089,ServiceNow
CVE-2025-3090,Helmholz
CVE-2025-3090,MB connect line
CVE-2025-3091,Helmholz
CVE-2025-3091,MB connect line
CVE-2025-3092,Helmholz
CVE-2025-3092,MB connect line
CVE-2025-3096,SourceCodester
CVE-2025-3097,paulgpetty
CVE-2025-3098,ulshamim
CVE-2025-3099,dbejean
CVE-2025-3100,wedevs
CVE-2025-3101,wp-configurator
CVE-2025-3102,brainstormforce
CVE-2025-3103,LambertGroup
CVE-2025-3104,WPStaging
CVE-2025-3105,TangibleWP
CVE-2025-3106,choijun
CVE-2025-3107,contrid
CVE-2025-3108,run-llama
CVE-2025-3110,OpenVPN
CVE-2025-3111,GitLab
CVE-2025-3112,Schneider Electric
CVE-2025-3113,Perforce
CVE-2025-3114,Spotfire
CVE-2025-3115,Spotfire
CVE-2025-3116,Schneider Electric
CVE-2025-3117,Schneider Electric
CVE-2025-3118,SourceCodester
CVE-2025-3119,SourceCodester
CVE-2025-3120,SourceCodester
CVE-2025-3122,WebAssembly
CVE-2025-3124,GitHub
CVE-2025-3125,WSO2
CVE-2025-3128,Mitsubishi Electric Europe
CVE-2025-3129,Drupal
CVE-2025-3130,Drupal
CVE-2025-3131,Drupal
CVE-2025-3134,code-projects
CVE-2025-3135,fcba_zzm
CVE-2025-3137,PHPGurukul
CVE-2025-3138,PHPGurukul
CVE-2025-3139,code-projects
CVE-2025-3140,SourceCodester
CVE-2025-3141,SourceCodester
CVE-2025-3142,SourceCodester
CVE-2025-3143,SourceCodester
CVE-2025-3146,PHPGurukul
CVE-2025-3147,PHPGurukul
CVE-2025-3148,codeprojects
CVE-2025-3149,itning
CVE-2025-3150,itning
CVE-2025-3151,SourceCodester
CVE-2025-3152,caipeichao
CVE-2025-3153,Concrete CMS
CVE-2025-3154,Xpdf
CVE-2025-3155,Red Hat
CVE-2025-3157,Intelbras
CVE-2025-3158,Open Asset Import Library
CVE-2025-3159,Open Asset Import Library
CVE-2025-3160,Open Asset Import Library
CVE-2025-3161,Tenda
CVE-2025-3162,InternLM
CVE-2025-3163,InternLM
CVE-2025-3164,Tencent Music Entertainment
CVE-2025-3165,thu-pacman
CVE-2025-3166,code-projects
CVE-2025-3167,Tenda
CVE-2025-3168,PHPGurukul
CVE-2025-3170,Project Worlds
CVE-2025-3171,Project Worlds
CVE-2025-3172,Project Worlds
CVE-2025-3173,Project Worlds
CVE-2025-3174,Project Worlds
CVE-2025-3175,Project Worlds
CVE-2025-3176,Project Worlds
CVE-2025-3178,projectworlds
CVE-2025-3179,projectworlds
CVE-2025-3180,projectworlds
CVE-2025-3181,projectworlds
CVE-2025-3182,projectworlds
CVE-2025-3183,projectworlds
CVE-2025-3184,projectworlds
CVE-2025-3185,projectworlds
CVE-2025-3186,projectworlds
CVE-2025-3187,PHPGurukul
CVE-2025-3188,PHPGurukul
CVE-2025-3189,DoWISP
CVE-2025-3195,itsourcecode
CVE-2025-3196,Open Asset Import Library
CVE-2025-3198,GNU
CVE-2025-3199,ageerle
CVE-2025-3200,Wiesemann & Theis
CVE-2025-3202,ageerle
CVE-2025-3203,Tenda
CVE-2025-3204,CodeAstro
CVE-2025-3205,CodeAstro
CVE-2025-3206,code-projects
CVE-2025-3207,code-projects
CVE-2025-3208,code-projects
CVE-2025-3209,code-projects
CVE-2025-3210,code-projects
CVE-2025-3211,code-projects
CVE-2025-3212,Arm Ltd
CVE-2025-3213,PHPGurukul
CVE-2025-3214,JFinal
CVE-2025-3215,PHPGurukul
CVE-2025-3216,PHPGurukul
CVE-2025-3217,PHPGurukul
CVE-2025-3218,IBM
CVE-2025-3219,CodeCanyon
CVE-2025-3220,PHPGurukul
CVE-2025-3221,IBM
CVE-2025-3222,GE Vernova
CVE-2025-3223,GE Vernova
CVE-2025-3224,Docker
CVE-2025-3225,run-llama
CVE-2025-3227,Mattermost
CVE-2025-3228,Mattermost
CVE-2025-3229,PHPGurukul
CVE-2025-3230,Mattermost
CVE-2025-3231,PHPGurukul
CVE-2025-3232,Mitsubishi Electric Europe
CVE-2025-3234,ninjateam
CVE-2025-3235,PHPGurukul
CVE-2025-3236,Tenda
CVE-2025-3237,Tenda
CVE-2025-3238,PHPGurukul
CVE-2025-3239,PHPGurukul
CVE-2025-3240,PHPGurukul
CVE-2025-3241,zhangyanbo2007
CVE-2025-3242,PHPGurukul
CVE-2025-3243,code-projects
CVE-2025-3244,SourceCodester
CVE-2025-3245,itsourcecode
CVE-2025-3246,GitHub
CVE-2025-3247,rocklobsterinc
CVE-2025-3248,langflow-ai
CVE-2025-3249,TOTOLINK
CVE-2025-3250,elunez
CVE-2025-3251,xujiangfei
CVE-2025-3252,xujiangfei
CVE-2025-3253,xujiangfei
CVE-2025-3254,xujiangfei
CVE-2025-3255,xujiangfei
CVE-2025-3256,xujiangfei
CVE-2025-3257,xujiangfei
CVE-2025-3258,PHPGurukul
CVE-2025-3259,Tenda
CVE-2025-3260,Grafana
CVE-2025-3262,huggingface
CVE-2025-3263,huggingface
CVE-2025-3264,huggingface
CVE-2025-3265,PHPGurukul
CVE-2025-3266,qinguoyi
CVE-2025-3267,qinguoyi
CVE-2025-3268,qinguoyi
CVE-2025-3272,OpenText™
CVE-2025-3275,themesflat
CVE-2025-3276,sonalsinha21
CVE-2025-3277,SQLite
CVE-2025-3278,Edge-Themes
CVE-2025-3279,GitLab
CVE-2025-3280,elextensions
CVE-2025-3281,wpeverest
CVE-2025-3282,wpeverest
CVE-2025-3284,WPEverest
CVE-2025-3285,Rockwell Automation
CVE-2025-3286,Rockwell Automation
CVE-2025-3287,Rockwell Automation
CVE-2025-3288,Rockwell Automation
CVE-2025-3289,Rockwell Automation
CVE-2025-3292,wpeverest
CVE-2025-3294,benjaminprojas
CVE-2025-3295,benjaminprojas
CVE-2025-3296,SourceCodester
CVE-2025-3297,SourceCodester
CVE-2025-3298,SourceCodester
CVE-2025-3299,PHPGurukul
CVE-2025-3300,ludwigyou
CVE-2025-3301,silabs.com
CVE-2025-3302,xagio
CVE-2025-3303,code-projects
CVE-2025-3304,code-projects
CVE-2025-3305,1902756969
CVE-2025-3305,code-projects
CVE-2025-3306,code-projects
CVE-2025-3307,code-projects
CVE-2025-3308,code-projects
CVE-2025-3309,code-projects
CVE-2025-3310,code-projects
CVE-2025-3311,PHPGurukul
CVE-2025-3312,PHPGurukul
CVE-2025-3313,PHPGurukul
CVE-2025-3314,SourceCodester
CVE-2025-3315,SourceCodester
CVE-2025-3316,PHPGurukul
CVE-2025-3317,fumiao
CVE-2025-3318,Kenj_Frog 肯尼基蛙
CVE-2025-3319,IBM
CVE-2025-3320,IBM
CVE-2025-3321,B. Braun Melsungen AG
CVE-2025-3322,B. Braun Melsungen AG
CVE-2025-3323,code-projects
CVE-2025-3323,godcheese
CVE-2025-3324,code-projects
CVE-2025-3324,godcheese
CVE-2025-3325,iteaj
CVE-2025-3326,iteaj
CVE-2025-3327,iteaj
CVE-2025-3328,Tenda
CVE-2025-3329,Consumer
CVE-2025-3330,codeprojects
CVE-2025-3331,codeprojects
CVE-2025-3332,codeprojects
CVE-2025-3333,codeprojects
CVE-2025-3334,codeprojects
CVE-2025-3335,codeprojects
CVE-2025-3336,codeprojects
CVE-2025-3337,codeprojects
CVE-2025-3338,codeprojects
CVE-2025-3339,codeprojects
CVE-2025-3340,codeprojects
CVE-2025-3341,codeprojects
CVE-2025-3342,codeprojects
CVE-2025-3343,codeprojects
CVE-2025-3344,codeprojects
CVE-2025-3345,codeprojects
CVE-2025-3346,Tenda
CVE-2025-3347,code-projects
CVE-2025-3348,code-projects
CVE-2025-3349,PCMan
CVE-2025-3350,PHPGurukul
CVE-2025-3351,PHPGurukul
CVE-2025-3352,PHPGurukul
CVE-2025-3353,PHPGurukul
CVE-2025-3354,IBM
CVE-2025-3355,IBM
CVE-2025-3356,IBM
CVE-2025-3357,IBM
CVE-2025-3359,Red Hat
CVE-2025-3360,Red Hat
CVE-2025-3361,HGiga
CVE-2025-3362,HGiga
CVE-2025-3363,HGiga
CVE-2025-3364,HGiga
CVE-2025-3365,B. Braun Melsungen AG
CVE-2025-3369,xxyopen
CVE-2025-3370,PHPGurukul
CVE-2025-3371,PCMan
CVE-2025-3372,PCMan
CVE-2025-3373,PCMan
CVE-2025-3374,PCMan
CVE-2025-3375,PCMan
CVE-2025-3376,PCMan
CVE-2025-3377,PCMan
CVE-2025-3378,PCMan
CVE-2025-3379,PCMan
CVE-2025-3380,PCMan
CVE-2025-3381,zhangyanbo2007
CVE-2025-3382,joey-zhou
CVE-2025-3383,SourceCodester
CVE-2025-3384,1000 Projects
CVE-2025-3385,LinZhaoguan
CVE-2025-3386,LinZhaoguan
CVE-2025-3387,renrenio
CVE-2025-3388,hailey888
CVE-2025-3389,hailey888
CVE-2025-3390,hailey888
CVE-2025-3391,hailey888
CVE-2025-3392,hailey888
CVE-2025-3393,mrcen
CVE-2025-3394,ABB
CVE-2025-3395,ABB
CVE-2025-3396,GitLab
CVE-2025-3398,lenve
CVE-2025-3399,ESAFENET
CVE-2025-3400,ESAFENET
CVE-2025-3401,ESAFENET
CVE-2025-3402,Seeyon
CVE-2025-3403,Vivotek
CVE-2025-3404,codename065
CVE-2025-3405,FCJ Venture Builder
CVE-2025-3406,Nothings
CVE-2025-3407,Nothings
CVE-2025-3408,Nothings
CVE-2025-3409,Nothings
CVE-2025-3410,mymagicpower
CVE-2025-3411,mymagicpower
CVE-2025-3412,mymagicpower
CVE-2025-3413,opplus
CVE-2025-3415,Grafana
CVE-2025-3416,Red Hat
CVE-2025-3417,stringfold
CVE-2025-3418,wpclever
CVE-2025-3419,arraytics
CVE-2025-3421,wpeverest
CVE-2025-3422,wpeverest
CVE-2025-3423,IBM
CVE-2025-3424,Philips
CVE-2025-3425,Philips
CVE-2025-3426,Philips
CVE-2025-3427,fuzzoid
CVE-2025-3428,fuzzoid
CVE-2025-3429,fuzzoid
CVE-2025-3430,fuzzoid
CVE-2025-3431,ZoomIt
CVE-2025-3432,elpix
CVE-2025-3433,smartdevth
CVE-2025-3434,yaycommerce
CVE-2025-3435,kitae-park
CVE-2025-3436,gdragon
CVE-2025-3437,stylemix
CVE-2025-3438,inspireui
CVE-2025-3439,wpeverest
CVE-2025-3440,IBM
CVE-2025-3442,TP-Link
CVE-2025-3444,ManageEngine
CVE-2025-3445,github.com/mholt/archiver/v3
CVE-2025-3446,Mattermost
CVE-2025-3448,B&R Industrial Automation GmbH
CVE-2025-3449,B&R Industrial Automation GmbH
CVE-2025-3450,B&R Industrial Automation
CVE-2025-3452,secupress
CVE-2025-3453,saadiqbal
CVE-2025-3454,Grafana
CVE-2025-3455,1clickmigration
CVE-2025-3456,Arista Networks
CVE-2025-3457,oceanwp
CVE-2025-3458,oceanwp
CVE-2025-3459,ON Semiconductor
CVE-2025-3460,ON Semiconductor
CVE-2025-3461,ON Semiconductor
CVE-2025-3462,ASUS
CVE-2025-3463,ASUS
CVE-2025-3464,ASUS
CVE-2025-3465,ABB
CVE-2025-3466,langgenius
CVE-2025-3467,langgenius
CVE-2025-3468,webaways
CVE-2025-3469,Wikimedia Foundation
CVE-2025-3470,totalsoft
CVE-2025-3472,oceanwp
CVE-2025-3473,IBM
CVE-2025-3474,Drupal
CVE-2025-3475,Drupal
CVE-2025-3476,OpenText™
CVE-2025-3478,OpenText
CVE-2025-3479,wpmudev
CVE-2025-3480,MedDream
CVE-2025-3481,MedDream
CVE-2025-3482,MedDream
CVE-2025-3483,MedDream
CVE-2025-3484,MedDream
CVE-2025-3485,Allegra
CVE-2025-3486,Allegra
CVE-2025-3487,wpmudev
CVE-2025-3488,WPML
CVE-2025-3489,Nababur
CVE-2025-3491,kiranpatil353
CVE-2025-3495,Delta Electronics
CVE-2025-3496,Auma Riester
CVE-2025-3497,Radiflow
CVE-2025-3498,Radiflow
CVE-2025-3499,Radiflow
CVE-2025-3500,Avast
CVE-2025-3501,Red Hat
CVE-2025-3506,Checkmk GmbH
CVE-2025-3508,HP Inc.
CVE-2025-3509,GitHub
CVE-2025-3510,tagDiv
CVE-2025-3511,Mitsubishi Electric Corporation
CVE-2025-3512,Qt
CVE-2025-3515,glenwpcoder
CVE-2025-3517,Devolutions
CVE-2025-3518,Unblu inc.
CVE-2025-3519,Unblu inc.
CVE-2025-3520,wonderboymusic
CVE-2025-3521,wpspeedo
CVE-2025-3522,Mozilla
CVE-2025-3523,Mozilla
CVE-2025-3525,GitLab
CVE-2025-3526,Liferay
CVE-2025-3527,EventON
CVE-2025-3528,Red Hat
CVE-2025-3529,mra13
CVE-2025-3530,mra13
CVE-2025-3534,PowerCreator
CVE-2025-3535,shuanx
CVE-2025-3536,Tutorials-Website
CVE-2025-3537,Tutorials-Website
CVE-2025-3538,D-Link
CVE-2025-3539,H3C
CVE-2025-3540,H3C
CVE-2025-3541,H3C
CVE-2025-3542,H3C
CVE-2025-3543,H3C
CVE-2025-3544,H3C
CVE-2025-3545,H3C
CVE-2025-3546,H3C
CVE-2025-3547,frdel
CVE-2025-3548,Open Asset Import Library
CVE-2025-3549,Open Asset Import Library
CVE-2025-3550,wowjoy 浙江湖州华卓信息科技有限公司
CVE-2025-3555,ScriptAndTools
CVE-2025-3556,ScriptAndTools
CVE-2025-3557,ScriptAndTools
CVE-2025-3558,ghostxbh
CVE-2025-3559,ghostxbh
CVE-2025-3560,ghostxbh
CVE-2025-3561,ghostxbh
CVE-2025-3562,Yonyou
CVE-2025-3564,code-projects
CVE-2025-3564,huanfenz
CVE-2025-3565,code-projects
CVE-2025-3565,huanfenz
CVE-2025-3566,veal98 小牛肉
CVE-2025-3567,veal98 小牛肉
CVE-2025-3568,Webkul
CVE-2025-3569,code-projects
CVE-2025-3569,JamesZBL
CVE-2025-3570,code-projects
CVE-2025-3570,JamesZBL
CVE-2025-3571,Fannuo
CVE-2025-3572,INTUMIT
CVE-2025-3574,T-INNOVA
CVE-2025-3575,T-INNOVA
CVE-2025-3576,Red Hat
CVE-2025-3577,Zyxel
CVE-2025-3578,AiDex
CVE-2025-3579,AiDex
CVE-2025-3580,Grafana
CVE-2025-3585,westboy
CVE-2025-3586,Liferay
CVE-2025-3587,code-projects
CVE-2025-3587,ZeroWdd
CVE-2025-3588,joelittlejohn
CVE-2025-3589,SourceCodester
CVE-2025-3590,Adianti
CVE-2025-3591,code-projects
CVE-2025-3591,ZHENFENG13
CVE-2025-3592,code-projects
CVE-2025-3592,ZHENFENG13
CVE-2025-3593,code-projects
CVE-2025-3593,ZHENFENG13
CVE-2025-3594,Liferay
CVE-2025-3598,elliotvs
CVE-2025-3599,Symantec
CVE-2025-3600,Progress Software
CVE-2025-3601,GitLab
CVE-2025-3602,Liferay
CVE-2025-3603,v1rustyle
CVE-2025-3604,v1rustyle
CVE-2025-3605,arkenon
CVE-2025-3606,Vestel
CVE-2025-3607,arkenon
CVE-2025-3608,Mozilla
CVE-2025-3609,pixel_prime
CVE-2025-3610,pixel_prime
CVE-2025-3611,Mattermost
CVE-2025-3612,Demtec
CVE-2025-3613,Demtec
CVE-2025-3614,roxnor
CVE-2025-3615,techjewel
CVE-2025-3616,wpsoul
CVE-2025-3617,Rockwell Automation
CVE-2025-3618,Rockwell Automation
CVE-2025-3619,Google
CVE-2025-3620,Google
CVE-2025-3621,ProTNS
CVE-2025-3622,Xorbits
CVE-2025-3623,uncannyowl
CVE-2025-3624,Hitachi
CVE-2025-3626,Frauscher
CVE-2025-3629,IBM
CVE-2025-3630,IBM
CVE-2025-3631,IBM
CVE-2025-3632,IBM
CVE-2025-3633,IBM
CVE-2025-3639,Liferay
CVE-2025-3646,Petlibrio
CVE-2025-3648,ServiceNow
CVE-2025-3651,iManage
CVE-2025-3652,Petlibrio
CVE-2025-3653,Petlibrio
CVE-2025-3654,Petlibrio
CVE-2025-3659,Digi International
CVE-2025-3660,Petlibrio
CVE-2025-3661,bobbingwide
CVE-2025-3663,TOTOLINK
CVE-2025-3664,TOTOLINK
CVE-2025-3665,TOTOLINK
CVE-2025-3666,TOTOLINK
CVE-2025-3667,TOTOLINK
CVE-2025-3668,TOTOLINK
CVE-2025-3669,ullakalim8
CVE-2025-3670,kiwichat
CVE-2025-3671,dasinfomedia
CVE-2025-3674,TOTOLINK
CVE-2025-3675,TOTOLINK
CVE-2025-3676,xxyopen
CVE-2025-3677,lm-sys
CVE-2025-3678,PCMan
CVE-2025-3679,PCMan
CVE-2025-3680,PCMan
CVE-2025-3681,PCMan
CVE-2025-3682,PCMan
CVE-2025-3683,PCMan
CVE-2025-3684,Xianqi
CVE-2025-3685,code-projects
CVE-2025-3686,misstt123
CVE-2025-3687,misstt123
CVE-2025-3688,mirweiye
CVE-2025-3689,PHPGurukul
CVE-2025-3690,PHPGurukul
CVE-2025-3691,mirweiye
CVE-2025-3692,SourceCodester
CVE-2025-3693,Tenda
CVE-2025-3694,SourceCodester
CVE-2025-3696,SourceCodester
CVE-2025-3697,SourceCodester
CVE-2025-3698,TECNO
CVE-2025-3699,Mitsubishi Electric Corporation
CVE-2025-3701,Malcure Web Security
CVE-2025-3702,Melapress
CVE-2025-3703,wipeoutmedia
CVE-2025-3704,DBAR Productions
CVE-2025-3705,Frauscher
CVE-2025-3706,104 Corporation
CVE-2025-3707,Sunnet
CVE-2025-3708,Le-yan
CVE-2025-3709,Flowring Technology
CVE-2025-3710,ATEN
CVE-2025-3711,ATEN
CVE-2025-3712,ATEN
CVE-2025-3713,ATEN
CVE-2025-3714,ATEN
CVE-2025-3715,boldthemes
CVE-2025-3716,"ESET, spol. s.r.o"
CVE-2025-3717,Grafana Labs
CVE-2025-3718,Nozomi Networks
CVE-2025-3719,Nozomi Networks
CVE-2025-3722,Trellix
CVE-2025-3723,PCMan
CVE-2025-3724,PCMan
CVE-2025-3725,PCMan
CVE-2025-3726,PCMan
CVE-2025-3727,PCMan
CVE-2025-3728,SourceCodester
CVE-2025-3729,SourceCodester
CVE-2025-3733,Drupal
CVE-2025-3734,Drupal
CVE-2025-3735,Drupal
CVE-2025-3736,Drupal
CVE-2025-3737,Drupal
CVE-2025-3738,Drupal
CVE-2025-3739,Drupal
CVE-2025-3740,dasinfomedia
CVE-2025-3743,wpswings
CVE-2025-3744,HashiCorp
CVE-2025-3746,thedrifted
CVE-2025-3748,realmag777
CVE-2025-3749,mgyura
CVE-2025-3750,johnzenausa
CVE-2025-3751,TIBCO Software Inc
CVE-2025-3752,joedolson
CVE-2025-3753,Open Source Robotics Foundation
CVE-2025-3755,Mitsubishi Electric Corporation
CVE-2025-3756,ABB
CVE-2025-3757,OPKSSH
CVE-2025-3758,Netis Systems
CVE-2025-3759,Netis Systems
CVE-2025-3760,Liferay
CVE-2025-3761,joedolson
CVE-2025-3762,PCMan
CVE-2025-3763,SourceCodester
CVE-2025-3764,SourceCodester
CVE-2025-3765,SourceCodester
CVE-2025-3766,webfactory
CVE-2025-3767,Centreon
CVE-2025-3768,Devolutions
CVE-2025-3769,latepoint
CVE-2025-3770,TianoCore
CVE-2025-3771,Trellix
CVE-2025-3773,Trellix
CVE-2025-3774,marcinlawrowski
CVE-2025-3775,devitemsllc
CVE-2025-3776,cajka
CVE-2025-3777,huggingface
CVE-2025-3779,personizely
CVE-2025-3780,wclovers
CVE-2025-3781,creativefreedomau
CVE-2025-3782,cyclonecode
CVE-2025-3783,SourceCodester
CVE-2025-3784,Mitsubishi Electric Corporation
CVE-2025-3785,D-Link
CVE-2025-3786,Tenda
CVE-2025-3788,baseweb
CVE-2025-3789,baseweb
CVE-2025-3790,baseweb
CVE-2025-3791,symisc
CVE-2025-3793,lamarant
CVE-2025-3794,smub
CVE-2025-3796,PHPGurukul
CVE-2025-3801,songquanpeng
CVE-2025-3802,Tenda
CVE-2025-3803,Tenda
CVE-2025-3804,thautwarm
CVE-2025-3805,sarrionandia
CVE-2025-3806,dazhouda
CVE-2025-3807,zhenfeng13
CVE-2025-3808,zhenfeng13
CVE-2025-3809,qriouslad
CVE-2025-3810,iqonicdesign
CVE-2025-3811,iqonicdesign
CVE-2025-3812,QuantumCloud
CVE-2025-3813,wproyal
CVE-2025-3814,wijnbergdevelopments
CVE-2025-3815,devsoftbaltic
CVE-2025-3816,westboy
CVE-2025-3817,SourceCodester
CVE-2025-3818,webpy
CVE-2025-3819,PHPGurukul
CVE-2025-3820,Tenda
CVE-2025-3821,SourceCodester
CVE-2025-3822,SourceCodester
CVE-2025-3823,SourceCodester
CVE-2025-3824,SourceCodester
CVE-2025-3825,SourceCodester
CVE-2025-3826,SourceCodester
CVE-2025-3827,PHPGurukul
CVE-2025-3828,PHPGurukul
CVE-2025-3829,PHPGurukul
CVE-2025-3830,kuangstudy
CVE-2025-3831,checkpoint
CVE-2025-3832,jeremyshapiro
CVE-2025-3833,ManageEngine
CVE-2025-3834,ManageEngine
CVE-2025-3835,ManageEngine
CVE-2025-3836,ManageEngine
CVE-2025-3837,Saviynt
CVE-2025-3838,Saviynt
CVE-2025-3840,Saviynt
CVE-2025-3841,wix-incubator
CVE-2025-3842,panhainan
CVE-2025-3843,panhainan
CVE-2025-3844,peprodev
CVE-2025-3845,markparticle
CVE-2025-3846,markparticle
CVE-2025-3847,markparticle
CVE-2025-3849,YXJ2018
CVE-2025-3850,YXJ2018
CVE-2025-3851,themesgrove
CVE-2025-3852,eoxia
CVE-2025-3853,eoxia
CVE-2025-3854,H3C
CVE-2025-3855,CodeCanyon
CVE-2025-3856,xxyopen
CVE-2025-3857,Amazon
CVE-2025-3858,michelegiorgi
CVE-2025-3859,Mozilla
CVE-2025-3860,dealertrend
CVE-2025-3861,buildwps
CVE-2025-3862,contest-gallery
CVE-2025-3863,plugindevs
CVE-2025-3864,hackney
CVE-2025-3866,rohanpawale
CVE-2025-3867,rafe007
CVE-2025-3868,codeandreload
CVE-2025-3869,4stats
CVE-2025-3870,olarmarius
CVE-2025-3871,Fortra
CVE-2025-3872,Centreon
CVE-2025-3873,silabs.com
CVE-2025-3874,mra13
CVE-2025-3875,Mozilla
CVE-2025-3876,cozyvision1
CVE-2025-3878,cozyvision1
CVE-2025-3879,HashiCorp
CVE-2025-3880,assafp
CVE-2025-3881,eCharge Hardy Barth
CVE-2025-3882,eCharge Hardy Barth
CVE-2025-3883,eCharge Hardy Barth
CVE-2025-3884,Cloudera
CVE-2025-3885,Harman Becker
CVE-2025-3886,Cato Networks
CVE-2025-3887,GStreamer
CVE-2025-3888,artbees
CVE-2025-3889,mra13
CVE-2025-3890,mra13
CVE-2025-3891,Red Hat
CVE-2025-3892,Axis Communications AB
CVE-2025-3893,Jan Syski
CVE-2025-3894,Jan Syski
CVE-2025-3895,Jan Syski
CVE-2025-3897,diego-la-monica
CVE-2025-3898,Schneider Electric
CVE-2025-3899,Schneider Electric
CVE-2025-3900,Drupal
CVE-2025-3901,Drupal
CVE-2025-3902,Drupal
CVE-2025-3903,Drupal
CVE-2025-3904,Drupal
CVE-2025-3905,Schneider Electric
CVE-2025-3906,felipe152
CVE-2025-3907,Drupal
CVE-2025-3908,OpenVPN
CVE-2025-3909,Mozilla
CVE-2025-3910,Red Hat
CVE-2025-3911,Docker
CVE-2025-3912,westguard
CVE-2025-3913,Mattermost
CVE-2025-3914,aeropage
CVE-2025-3915,aeropage
CVE-2025-3916,Schneider Electric
CVE-2025-3917,kelerkgibo
CVE-2025-3918,nootheme
CVE-2025-3919,webtoffee
CVE-2025-3920,SUR-FBD CMMS
CVE-2025-3921,peprodev
CVE-2025-3922,GitLab
CVE-2025-3923,buildwps
CVE-2025-3924,peprodev
CVE-2025-3925,BrightSign
CVE-2025-3927,Digigram
CVE-2025-3928,Commvault
CVE-2025-3929,MDaemon
CVE-2025-3930,Strapi
CVE-2025-3931,Red Hat
CVE-2025-3932,Mozilla
CVE-2025-3933,huggingface
CVE-2025-3935,ConnectWise
CVE-2025-3936,Tridium
CVE-2025-3937,Tridium
CVE-2025-3938,Tridium
CVE-2025-3939,Tridium
CVE-2025-3940,Tridium
CVE-2025-3941,Tridium
CVE-2025-3942,Tridium
CVE-2025-3943,Tridium
CVE-2025-3944,Tridium
CVE-2025-3945,Tridium
CVE-2025-3946,Honeywell
CVE-2025-3947,Honeywell
CVE-2025-3949,seedprod
CVE-2025-3950,GitLab
CVE-2025-3952,projectopia
CVE-2025-3953,veronalabs
CVE-2025-3955,codeprojects
CVE-2025-3956,201206030
CVE-2025-3957,opplus
CVE-2025-3958,withstars
CVE-2025-3959,withstars
CVE-2025-3960,withstars
CVE-2025-3961,withstars
CVE-2025-3962,withstars
CVE-2025-3963,withstars
CVE-2025-3964,withstars
CVE-2025-3965,itwanger
CVE-2025-3966,itwanger
CVE-2025-3967,itwanger
CVE-2025-3968,codeprojects
CVE-2025-3969,codeprojects
CVE-2025-3970,baseweb
CVE-2025-3971,PHPGurukul
CVE-2025-3972,PHPGurukul
CVE-2025-3973,PHPGurukul
CVE-2025-3974,PHPGurukul
CVE-2025-3975,ScriptAndTools
CVE-2025-3976,PHPGurukul
CVE-2025-3977,iteachyou
CVE-2025-3978,dazhouda
CVE-2025-3979,dazhouda
CVE-2025-3980,wowjoy 浙江湖州华卓信息科技有限公司
CVE-2025-3981,wowjoy 浙江湖州华卓信息科技有限公司
CVE-2025-3982,nortikin
CVE-2025-3983,AMTT
CVE-2025-3984,Apereo
CVE-2025-3985,Apereo
CVE-2025-3986,Apereo
CVE-2025-3987,TOTOLINK
CVE-2025-3988,TOTOLINK
CVE-2025-3989,TOTOLINK
CVE-2025-3990,TOTOLINK
CVE-2025-3991,TOTOLINK
CVE-2025-3992,TOTOLINK
CVE-2025-3993,TOTOLINK
CVE-2025-3994,TOTOLINK
CVE-2025-3995,TOTOLINK
CVE-2025-3996,TOTOLINK
CVE-2025-3997,dazhouda
CVE-2025-3998,CodeAstro
CVE-2025-3999,Seeyon
CVE-2025-4000,Seeyon
CVE-2025-4001,scipopt
CVE-2025-4002,RefindPlusRepo
CVE-2025-4003,RefindPlusRepo
CVE-2025-4004,PHPGurukul
CVE-2025-4005,PHPGurukul
CVE-2025-4006,youyiio
CVE-2025-4007,Tenda
CVE-2025-4008,Smartbedded
CVE-2025-4009,Evertz
CVE-2025-4010,Netcomm
CVE-2025-4012,playeduxyz
CVE-2025-4013,PHPGurukul
CVE-2025-4014,PHPGurukul
CVE-2025-4015,20120630
CVE-2025-4016,20120630
CVE-2025-4017,20120630
CVE-2025-4018,20120630
CVE-2025-4019,20120630
CVE-2025-4020,PHPGurukul
CVE-2025-4021,code-projects
CVE-2025-4022,web-arena-x
CVE-2025-4023,itsourcecode
CVE-2025-4024,itsourcecode
CVE-2025-4025,itsourcecode
CVE-2025-4026,PHPGurukul
CVE-2025-4027,PHPGurukul
CVE-2025-4028,PHPGurukul
CVE-2025-4029,code-projects
CVE-2025-4030,PHPGurukul
CVE-2025-4031,PHPGurukul
CVE-2025-4032,inclusionAI
CVE-2025-4033,PHPGurukul
CVE-2025-4034,projectworlds
CVE-2025-4035,Red Hat
CVE-2025-4036,201206030
CVE-2025-4037,code-projects
CVE-2025-4038,code-projects
CVE-2025-4039,PHPGurukul
CVE-2025-4040,Turpak
CVE-2025-4041,Optigo Networks
CVE-2025-4043,Milesight
CVE-2025-4044,Lexmark
CVE-2025-4046,Lexmark
CVE-2025-4047,wpmudev
CVE-2025-4049,SIGNUM-NET
CVE-2025-4050,Google
CVE-2025-4051,Google
CVE-2025-4052,Google
CVE-2025-4053,Be-Tech
CVE-2025-4054,comesio
CVE-2025-4054,Relevanssi
CVE-2025-4055,josj404
CVE-2025-4056,Red Hat
CVE-2025-4057,Red Hat
CVE-2025-4058,Projectworlds
CVE-2025-4059,code-projects
CVE-2025-4060,PHPGurukul
CVE-2025-4061,code-projects
CVE-2025-4062,code-projects
CVE-2025-4063,code-projects
CVE-2025-4064,ScriptAndTools
CVE-2025-4065,ScriptAndTools
CVE-2025-4066,ScriptAndTools
CVE-2025-4067,ScriptAndTools
CVE-2025-4068,code-projects
CVE-2025-4069,code-projects
CVE-2025-4070,PHPGurukul
CVE-2025-4071,PHPGurukul
CVE-2025-4072,PHPGurukul
CVE-2025-4073,PHPGurukul
CVE-2025-4074,PHPGurukul
CVE-2025-4076,LB-LINK
CVE-2025-4077,code-projects
CVE-2025-4078,Wangshen
CVE-2025-4079,PCMan
CVE-2025-4080,PHPGurukul
CVE-2025-4081,Blackmagic Design
CVE-2025-4082,Mozilla
CVE-2025-4083,Mozilla
CVE-2025-4084,Mozilla
CVE-2025-4085,Mozilla
CVE-2025-4086,Mozilla
CVE-2025-4087,Mozilla
CVE-2025-4088,Mozilla
CVE-2025-4089,Mozilla
CVE-2025-4090,Mozilla
CVE-2025-4091,Mozilla
CVE-2025-4092,Mozilla
CVE-2025-4093,Mozilla
CVE-2025-4095,Docker
CVE-2025-4096,Google
CVE-2025-4097,GitLab
CVE-2025-4098,Horner Automation
CVE-2025-4099,theandystratton
CVE-2025-4100,stur
CVE-2025-4101,wcmp
CVE-2025-4102,The Beaver Builder Team
CVE-2025-4103,luminfire
CVE-2025-4104,vinoth06
CVE-2025-4105,splitit
CVE-2025-4106,WatchGuard
CVE-2025-4108,PHPGurukul
CVE-2025-4109,PHPGurukul
CVE-2025-4110,PHPGurukul
CVE-2025-4111,PHPGurukul
CVE-2025-4112,PHPGurukul
CVE-2025-4113,PHPGurukul
CVE-2025-4114,Netgear
CVE-2025-4115,Netgear
CVE-2025-4116,Netgear
CVE-2025-4117,Netgear
CVE-2025-4118,Weitong
CVE-2025-4119,Weitong
CVE-2025-4120,Netgear
CVE-2025-4121,Netgear
CVE-2025-4122,Netgear
CVE-2025-4123,Grafana
CVE-2025-4124,Delta Electronics
CVE-2025-4125,Delta Electronics
CVE-2025-4126,emmanuelg
CVE-2025-4127,kcseopro
CVE-2025-4128,Mattermost
CVE-2025-4129,PAVO Inc.
CVE-2025-4130,PAVO Inc.
CVE-2025-4131,garubi
CVE-2025-4134,Avast
CVE-2025-4135,Netgear
CVE-2025-4136,Weitong
CVE-2025-4138,Python Software Foundation
CVE-2025-4139,Netgear
CVE-2025-4140,Netgear
CVE-2025-4141,Netgear
CVE-2025-4142,Netgear
CVE-2025-4145,Netgear
CVE-2025-4146,Netgear
CVE-2025-4147,Netgear
CVE-2025-4148,Netgear
CVE-2025-4149,Netgear
CVE-2025-4150,Netgear
CVE-2025-4151,PHPGurukul
CVE-2025-4152,PHPGurukul
CVE-2025-4153,PHPGurukul
CVE-2025-4154,PHPGurukul
CVE-2025-4155,PHPGurukul
CVE-2025-4156,PHPGurukul
CVE-2025-4157,PHPGurukul
CVE-2025-4158,PCMan
CVE-2025-4159,PCMan
CVE-2025-4160,PCMan
CVE-2025-4161,PCMan
CVE-2025-4162,PCMan
CVE-2025-4163,PHPGurukul
CVE-2025-4164,PHPGurukul
CVE-2025-4166,HashiCorp
CVE-2025-4168,codework
CVE-2025-4169,urkekg
CVE-2025-4170,xavinnydek
CVE-2025-4171,ajay
CVE-2025-4172,katzwebdesign
CVE-2025-4173,SourceCodester
CVE-2025-4174,PHPGurukul
CVE-2025-4175,AlanBinu007
CVE-2025-4176,PHPGurukul
CVE-2025-4177,v1rustyle
CVE-2025-4178,xiaowei1118
CVE-2025-4179,v1rustyle
CVE-2025-4180,PCMan
CVE-2025-4181,PCMan
CVE-2025-4182,PCMan
CVE-2025-4183,PCMan
CVE-2025-4184,PCMan
CVE-2025-4185,Wangshen
CVE-2025-4186,Wangshen
CVE-2025-4188,balasahebbhise
CVE-2025-4189,naicuoctavian
CVE-2025-4191,PHPGurukul
CVE-2025-4192,itsourcecode
CVE-2025-4193,itsourcecode
CVE-2025-4194,alti5
CVE-2025-4195,itsourcecode
CVE-2025-4196,SourceCodester
CVE-2025-4197,code-projects
CVE-2025-4198,todoapuestas
CVE-2025-4199,withinboredom
CVE-2025-4200,BZOTheme
CVE-2025-4202,multicollab
CVE-2025-4203,tomdever
CVE-2025-4204,Inception Software LLP
CVE-2025-4205,danieliser
CVE-2025-4206,trainingbusinesspros
CVE-2025-4208,webaways
CVE-2025-4211,Qt
CVE-2025-4212,wpwham
CVE-2025-4213,PHPGurukul
CVE-2025-4214,PHPGuruku
CVE-2025-4215,gorhill
CVE-2025-4216,scada
CVE-2025-4217,measuremarketing
CVE-2025-4218,handrew
CVE-2025-4219,darkyudex
CVE-2025-4220,xavinnydek
CVE-2025-4221,baswaniyash
CVE-2025-4222,neoslab
CVE-2025-4223,softaculous
CVE-2025-4224,gVectors
CVE-2025-4225,GitLab
CVE-2025-4226,Campcodes
CVE-2025-4226,PHPGurukul
CVE-2025-4227,Palo Alto Networks
CVE-2025-4228,Palo Alto Networks
CVE-2025-4229,Palo Alto Networks
CVE-2025-4230,Palo Alto Networks
CVE-2025-4231,Palo Alto Networks
CVE-2025-4232,Palo Alto Networks
CVE-2025-4233,Palo Alto Networks
CVE-2025-4234,Palo Alto Networks
CVE-2025-4235,Palo Alto Networks
CVE-2025-4236,PCMan
CVE-2025-4237,PCMan
CVE-2025-4238,PCMan
CVE-2025-4239,PCMan
CVE-2025-4240,PCMan
CVE-2025-4241,PHPGurukul
CVE-2025-4242,PHPGurukul
CVE-2025-4243,code-projects
CVE-2025-4244,code-projects
CVE-2025-4247,SourceCodester
CVE-2025-4248,SourceCodester
CVE-2025-4249,PHPGurukul
CVE-2025-4250,code-projects
CVE-2025-4251,PCMan
CVE-2025-4252,PCMan
CVE-2025-4253,PCMan
CVE-2025-4254,PCMan
CVE-2025-4255,PCMan
CVE-2025-4258,zhangyanbo2007
CVE-2025-4260,zhangyanbo2007
CVE-2025-4261,GAIR-NLP
CVE-2025-4262,PHPGurukul
CVE-2025-4263,PHPGurukul
CVE-2025-4264,PHPGurukul
CVE-2025-4265,PHPGurukul
CVE-2025-4266,PHPGurukul
CVE-2025-4267,oretnom23
CVE-2025-4267,SourceCodester
CVE-2025-4268,TOTOLINK
CVE-2025-4269,TOTOLINK
CVE-2025-4270,TOTOLINK
CVE-2025-4271,TOTOLINK
CVE-2025-4272,Mechrevo
CVE-2025-4275,Insyde Software
CVE-2025-4276,Insyde Software
CVE-2025-4277,Insyde Software
CVE-2025-4278,GitLab
CVE-2025-4279,muromuro
CVE-2025-4280,Poedit
CVE-2025-4281,Shenzhen Sixun Software
CVE-2025-4282,oretnom23
CVE-2025-4282,SourceCodester
CVE-2025-4283,oretnom23
CVE-2025-4283,SourceCodester
CVE-2025-4284,Rolantis Information Technologies
CVE-2025-4285,Rolantis Information Technologies
CVE-2025-4286,Intelbras
CVE-2025-4288,PCMan
CVE-2025-4289,PCMan
CVE-2025-4290,PCMan
CVE-2025-4294,HotelRunner
CVE-2025-4295,HotelRunner
CVE-2025-4296,HotelRunner
CVE-2025-4297,PHPGurukul
CVE-2025-4298,Tenda
CVE-2025-4299,Tenda
CVE-2025-4300,itsourcecode
CVE-2025-4301,itsourcecode
CVE-2025-4303,PHPGurukul
CVE-2025-4304,PHPGurukul
CVE-2025-4305,kefaming
CVE-2025-4306,PHPGurukul
CVE-2025-4307,PHPGurukul
CVE-2025-4308,PHPGurukul
CVE-2025-4309,PHPGurukul
CVE-2025-4310,itsourcecode
CVE-2025-4311,itsourcecode
CVE-2025-4312,SourceCodester
CVE-2025-4313,SourceCodester
CVE-2025-4314,SourceCodester
CVE-2025-4315,cubewp1211
CVE-2025-4316,Devolutions
CVE-2025-4317,CodexThemes
CVE-2025-4318,Amazon
CVE-2025-4319,Birebirsoft Software and Technology Solutions
CVE-2025-4320,Birebirsoft Software and Technology Solutions
CVE-2025-4321,silabs.com
CVE-2025-4322,StylemixThemes
CVE-2025-4328,fp2952
CVE-2025-4330,Python Software Foundation
CVE-2025-4331,SourceCodester
CVE-2025-4332,PHPGurukul
CVE-2025-4333,feng_ha_ha
CVE-2025-4333,megagao
CVE-2025-4334,nmedia
CVE-2025-4335,n3wnormal
CVE-2025-4336,emagicone
CVE-2025-4337,mitchelllevy
CVE-2025-4338,Lantronix
CVE-2025-4339,CodexThemes
CVE-2025-4340,D-Link
CVE-2025-4341,D-Link
CVE-2025-4342,D-Link
CVE-2025-4343,D-Link
CVE-2025-4344,D-Link
CVE-2025-4345,D-Link
CVE-2025-4346,D-Link
CVE-2025-4347,D-Link
CVE-2025-4348,D-Link
CVE-2025-4349,D-Link
CVE-2025-4350,D-Link
CVE-2025-4352,Brilliance
CVE-2025-4353,Brilliance
CVE-2025-4354,Tenda
CVE-2025-4355,Tenda
CVE-2025-4356,Tenda
CVE-2025-4357,Tenda
CVE-2025-4358,PHPGurukul
CVE-2025-4359,itsourcecode
CVE-2025-4360,itsourcecode
CVE-2025-4361,PHPGurukul
CVE-2025-4362,itsourcecode
CVE-2025-4363,itsourcecode
CVE-2025-4364,Assured Telematics Inc.
CVE-2025-4365,NetScaler
CVE-2025-4367,codename065
CVE-2025-4368,Tenda
CVE-2025-4369,papin
CVE-2025-4370,themefusecom
CVE-2025-4371,Lenovo
CVE-2025-4372,Google
CVE-2025-4373,Red Hat
CVE-2025-4374,Project Quay
CVE-2025-4374,Red Hat
CVE-2025-4375,Sparx Systems
CVE-2025-4376,Sparx Systems
CVE-2025-4377,Sparx Systems
CVE-2025-4378,Ataturk University
CVE-2025-4379,Studio Fabryka
CVE-2025-4380,scripteo
CVE-2025-4381,scripteo
CVE-2025-4382,Red Hat
CVE-2025-4383,Art-in Bilişim Teknolojileri ve Yazılım Hizm. Tic. Ltd. Şti.
CVE-2025-4384,arcinfo
CVE-2025-4386,Medtronic
CVE-2025-4387,Tyche Softwares
CVE-2025-4388,Liferay
CVE-2025-4389,CodeRevolution
CVE-2025-4390,nimeshrmr
CVE-2025-4391,CodeRevolution
CVE-2025-4392,anssilaitila
CVE-2025-4393,Medtronic
CVE-2025-4394,Medtronic
CVE-2025-4395,Medtronic
CVE-2025-4396,comesio
CVE-2025-4396,Relevanssi
CVE-2025-4397,Medtronic
CVE-2025-4403,glenwpcoder
CVE-2025-4404,Red Hat
CVE-2025-4405,hotwptemplates
CVE-2025-4406,tomdever
CVE-2025-4407,ABB
CVE-2025-4410,Insyde Software
CVE-2025-4411,Dataprom Informatics
CVE-2025-4412,SparkLabs
CVE-2025-4413,byrev
CVE-2025-4414,cmsmasters
CVE-2025-4415,Drupal
CVE-2025-4416,Drupal
CVE-2025-4417,AVEVA
CVE-2025-4418,AVEVA
CVE-2025-4419,hotwptemplates
CVE-2025-4420,themehunk
CVE-2025-4421,Insyde Software
CVE-2025-4422,Insyde Software
CVE-2025-4423,Insyde Software
CVE-2025-4424,Insyde Software
CVE-2025-4425,Insyde Software
CVE-2025-4426,Insyde Software
CVE-2025-4427,Ivanti
CVE-2025-4428,Ivanti
CVE-2025-4430,Naukowa i Akademicka Sieć Komputerowa - Państwowy Instytut Badawczy
CVE-2025-4431,krasenslavov
CVE-2025-4432,Red Hat
CVE-2025-4433,Devolutions
CVE-2025-4435,Python Software Foundation
CVE-2025-4437,Red Hat
CVE-2025-4439,GitLab
CVE-2025-4440,H3C
CVE-2025-4441,D-Link
CVE-2025-4442,D-Link
CVE-2025-4443,D-Link
CVE-2025-4445,D-Link
CVE-2025-4446,H3C
CVE-2025-4447,Eclipse Foundation
CVE-2025-4448,D-Link
CVE-2025-4449,D-Link
CVE-2025-4450,D-Link
CVE-2025-4451,D-Link
CVE-2025-4452,D-Link
CVE-2025-4453,D-Link
CVE-2025-4454,D-Link
CVE-2025-4455,Patch My PC
CVE-2025-4456,Project Worlds
CVE-2025-4457,Project Worlds
CVE-2025-4458,code-projects
CVE-2025-4459,code-projects
CVE-2025-4460,TOTOLINK
CVE-2025-4461,TOTOLINK
CVE-2025-4462,TOTOLINK
CVE-2025-4463,itsourcecode
CVE-2025-4464,itsourcecode
CVE-2025-4465,itsourcecode
CVE-2025-4466,itsourcecode
CVE-2025-4467,SourceCodester
CVE-2025-4468,SourceCodester
CVE-2025-4469,SourceCodester
CVE-2025-4470,SourceCodester
CVE-2025-4471,code-projects
CVE-2025-4472,code-projects
CVE-2025-4473,vinoth06
CVE-2025-4474,vinoth06
CVE-2025-4476,Red Hat
CVE-2025-4477,TeamT5
CVE-2025-4478,Red Hat
CVE-2025-4479,roxnor
CVE-2025-4480,code-projects
CVE-2025-4481,SourceCodester
CVE-2025-4482,Project Worlds
CVE-2025-4483,itsourcecode
CVE-2025-4484,itsourcecode
CVE-2025-4485,itsourcecode
CVE-2025-4486,itsourcecode
CVE-2025-4487,itsourcecode
CVE-2025-4488,itsourcecode
CVE-2025-4489,Campcodes
CVE-2025-4490,Campcodes
CVE-2025-4491,Campcodes
CVE-2025-4492,Campcodes
CVE-2025-4493,Devolutions
CVE-2025-4494,JAdmin-JAVA
CVE-2025-4495,JAdmin-JAVA
CVE-2025-4496,TOTOLINK
CVE-2025-4497,code-projects
CVE-2025-4498,code-projects
CVE-2025-4499,code-projects
CVE-2025-4500,code-projects
CVE-2025-4501,code-projects
CVE-2025-4502,Campcodes
CVE-2025-4503,Campcodes
CVE-2025-4504,SourceCodester
CVE-2025-4505,PHPGurukul
CVE-2025-4506,Campcodes
CVE-2025-4507,Campcodes
CVE-2025-4508,PHPGurukul
CVE-2025-4509,PHPGurukul
CVE-2025-4510,Changjietong
CVE-2025-4511,vector4wang
CVE-2025-4512,Inetum
CVE-2025-4513,Catalyst
CVE-2025-4514,Zhengzhou Jiuhua Electronic Technology
CVE-2025-4515,Zylon
CVE-2025-4516,Python Software Foundation
CVE-2025-4517,Python Software Foundation
CVE-2025-4519,themeatelier
CVE-2025-4520,uncannyowl
CVE-2025-4521,themeatelier
CVE-2025-4522,themeatelier
CVE-2025-4523,themeatelier
CVE-2025-4524,WPStylish
CVE-2025-4526,Dígitro
CVE-2025-4527,Dígitro
CVE-2025-4528,Dígitro
CVE-2025-4529,Seeyon
CVE-2025-4530,feng_ha_ha
CVE-2025-4530,megagao
CVE-2025-4531,Seeyon
CVE-2025-4532,Shanghai Bairui Information Technology
CVE-2025-4534,SunGrow
CVE-2025-4535,Gosuncn Technology Group
CVE-2025-4536,Gosuncn Technology Group
CVE-2025-4537,yangzongzhuan
CVE-2025-4539,Hainan
CVE-2025-4540,MTSoftware
CVE-2025-4542,Freeebird
CVE-2025-4543,LyLme
CVE-2025-4544,D-Link
CVE-2025-4545,CTCMS
CVE-2025-4546,1Panel-dev
CVE-2025-4547,SourceCodester
CVE-2025-4548,Campcodes
CVE-2025-4549,Campcodes
CVE-2025-4550,PHPGurukul
CVE-2025-4553,PHPGurukul
CVE-2025-4554,PHPGurukul
CVE-2025-4555,ZONG YU
CVE-2025-4556,ZONG YU
CVE-2025-4557,ZONG YU
CVE-2025-4558,WormHole Tech
CVE-2025-4559,Netvision
CVE-2025-4560,Netvision
CVE-2025-4561,Kinfor
CVE-2025-4563,Kubernetes
CVE-2025-4564,facturaone
CVE-2025-4565,protocolbuffers
CVE-2025-4566,elemntor
CVE-2025-4568,Trol InterMedia
CVE-2025-4569,ASUS
CVE-2025-4570,ASUS
CVE-2025-4571,stellarwp
CVE-2025-4573,Mattermost
CVE-2025-4574,Red Hat
CVE-2025-4575,OpenSSL
CVE-2025-4576,Liferay
CVE-2025-4577,smub
CVE-2025-4579,dyland
CVE-2025-4581,Liferay
CVE-2025-4582,RTI
CVE-2025-4583,https://profiles.wordpress.org/smub/
CVE-2025-4583,smub
CVE-2025-4584,irmau
CVE-2025-4585,irmau
CVE-2025-4586,irmau
CVE-2025-4587,johnjamesjacoby
CVE-2025-4588,mrgoodfellow
CVE-2025-4589,nackle2k10
CVE-2025-4590,daisycon
CVE-2025-4591,welukame
CVE-2025-4592,aspengrovestudios
CVE-2025-4593,avimegladon
CVE-2025-4594,tournamatch
CVE-2025-4595,jtewes
CVE-2025-4596,Asseco
CVE-2025-4597,bc2018
CVE-2025-4598,Red Hat
CVE-2025-4599,Liferay
CVE-2025-4600,Google Cloud
CVE-2025-4601,InspiryThemes
CVE-2025-4602,emagicone
CVE-2025-4603,emagicone
CVE-2025-4604,Liferay
CVE-2025-4605,Autodesk
CVE-2025-4606,uxper
CVE-2025-4607,empoweringprowebsite
CVE-2025-4608,gorbo
CVE-2025-4609,Google
CVE-2025-4610,cbutlerjr
CVE-2025-4611,rilwis
CVE-2025-4613,Google
CVE-2025-4614,Palo Alto Networks
CVE-2025-4615,Palo Alto Networks
CVE-2025-4616,Palo Alto Networks
CVE-2025-4617,Palo Alto Networks
CVE-2025-4618,Palo Alto Networks
CVE-2025-4619,Palo Alto Networks
CVE-2025-4631,unitybusinesstechnology
CVE-2025-4632,Samsung Electronics
CVE-2025-4633,JCT
CVE-2025-4634,JCT
CVE-2025-4635,JCT
CVE-2025-4636,JCT
CVE-2025-4637,davisking
CVE-2025-4638,PointCloudLibrary
CVE-2025-4639,Peergos
CVE-2025-4640,PointCloudLibrary
CVE-2025-4641,bonigarcia
CVE-2025-4643,Payload CMS
CVE-2025-4644,Payload CMS
CVE-2025-4645,Axis Communications AB
CVE-2025-4646,Centreon
CVE-2025-4647,Centreon
CVE-2025-4648,Centreon
CVE-2025-4649,Centreon
CVE-2025-4650,Centreon
CVE-2025-4653,Pandora FMS
CVE-2025-4654,soumettre
CVE-2025-4655,Liferay
CVE-2025-4656,HashiCorp
CVE-2025-4657,Lenovo
CVE-2025-4658,OPKSSH
CVE-2025-4659,crmperks
CVE-2025-4660,Forescout
CVE-2025-4661,Brocade
CVE-2025-4662,Broadcom
CVE-2025-4663,Broadcom
CVE-2025-4664,Google
CVE-2025-4665,WordPress Contact Form 7 Database Addon CFDB7 By Arshid
CVE-2025-4666,kseaborn
CVE-2025-4667,croixhaug
CVE-2025-4669,wpdevelop
CVE-2025-4670,smub
CVE-2025-4671,cozmoslabs
CVE-2025-4672,offsprout
CVE-2025-4673,Go standard library
CVE-2025-4674,Go toolchain
CVE-2025-4675,ABB
CVE-2025-4676,ABB
CVE-2025-4677,ABB
CVE-2025-4678,Pandora FMS
CVE-2025-4679,Synology
CVE-2025-4680,upKeeper Solutions
CVE-2025-4681,upKeeper Solutions
CVE-2025-4682,wpdevteam
CVE-2025-4683,inspireui
CVE-2025-4684,blockspare
CVE-2025-4685,gutentor
CVE-2025-4686,Kodmatic Computer Software Tourism Construction Industry and Trade Ltd. Co.
CVE-2025-4687,Teltonika Networks
CVE-2025-4688,BGS Interactive
CVE-2025-4689,scripteo
CVE-2025-4690,Google
CVE-2025-4691,syntactics
CVE-2025-4692,ABUP
CVE-2025-4695,Campcodes
CVE-2025-4695,PHPGurukul
CVE-2025-4696,Campcodes
CVE-2025-4696,PHPGurukul
CVE-2025-4697,PHPGurukul
CVE-2025-4698,PHPGurukul
CVE-2025-4699,PHPGurukul
CVE-2025-4700,GitLab
CVE-2025-4701,VITA-MLLM
CVE-2025-4702,PHPGurukul
CVE-2025-4703,PHPGurukul
CVE-2025-4704,PHPGurukul
CVE-2025-4705,PHPGurukul
CVE-2025-4706,projectworlds
CVE-2025-4707,Campcodes
CVE-2025-4708,Campcodes
CVE-2025-4709,Campcodes
CVE-2025-4710,Campcodes
CVE-2025-4711,Campcodes
CVE-2025-4712,Campcodes
CVE-2025-4713,Campcodes
CVE-2025-4714,Campcodes
CVE-2025-4715,Campcodes
CVE-2025-4716,Campcodes
CVE-2025-4717,PHPGurukul
CVE-2025-4718,Campcodes
CVE-2025-4719,Campcodes
CVE-2025-4720,SourceCodester
CVE-2025-4721,itsourcecode
CVE-2025-4722,itsourcecode
CVE-2025-4723,itsourcecode
CVE-2025-4724,itsourcecode
CVE-2025-4725,itsourcecode
CVE-2025-4726,itsourcecode
CVE-2025-4728,SourceCodester
CVE-2025-4729,TOTOLINK
CVE-2025-4730,TOTOLINK
CVE-2025-4731,TOTOLINK
CVE-2025-4732,TOTOLINK
CVE-2025-4733,TOTOLINK
CVE-2025-4734,Campcodes
CVE-2025-4735,Campcodes
CVE-2025-4736,PHPGurukul
CVE-2025-4737,TECNO
CVE-2025-4738,Yirmibes Software
CVE-2025-4739,projectworlds
CVE-2025-4740,BeamCtrl
CVE-2025-4741,Campcodes
CVE-2025-4742,XU-YIJIE
CVE-2025-4743,code-projects
CVE-2025-4744,code-projects
CVE-2025-4745,code-projects
CVE-2025-4746,Campcodes
CVE-2025-4747,Bohua
CVE-2025-4748,Erlang
CVE-2025-4749,D-Link
CVE-2025-4750,D-Link
CVE-2025-4751,D-Link
CVE-2025-4752,D-Link
CVE-2025-4753,D-Link
CVE-2025-4754,ash-project
CVE-2025-4755,D-Link
CVE-2025-4756,D-Link
CVE-2025-4757,PHPGurukul
CVE-2025-4758,PHPGurukul
CVE-2025-4760,WSO2
CVE-2025-4761,PHPGurukul
CVE-2025-4762,Lleidanet PKI
CVE-2025-4763,Aida Computer Information Technology Inc.
CVE-2025-4764,Aida Computer Information Technology Inc.
CVE-2025-4765,PHPGurukul
CVE-2025-4766,PHPGurukul
CVE-2025-4767,defog-ai
CVE-2025-4768,feng_ha_ha
CVE-2025-4768,megagao
CVE-2025-4769,CBEWIN
CVE-2025-4770,PHPGurukul
CVE-2025-4771,PHPGurukul
CVE-2025-4772,PHPGurukul
CVE-2025-4773,PHPGurukul
CVE-2025-4774,leap13
CVE-2025-4775,dcooney
CVE-2025-4776,averta
CVE-2025-4777,PHPGurukul
CVE-2025-4778,PHPGurukul
CVE-2025-4779,lunary-ai
CVE-2025-4780,PHPGurukul
CVE-2025-4781,PHPGurukul
CVE-2025-4782,oretnom23
CVE-2025-4782,SourceCodester
CVE-2025-4783,timstrifler
CVE-2025-4784,Moderec
CVE-2025-4785,PHPGurukul
CVE-2025-4786,oretnom23
CVE-2025-4786,SourceCodester
CVE-2025-4787,oretnom23
CVE-2025-4787,SourceCodester
CVE-2025-4788,FreeFloat
CVE-2025-4789,FreeFloat
CVE-2025-4790,FreeFloat
CVE-2025-4791,FreeFloat
CVE-2025-4792,FreeFloat
CVE-2025-4793,PHPGurukul
CVE-2025-4794,PHPGurukul
CVE-2025-4795,gongfuxiang
CVE-2025-4796,arraytics
CVE-2025-4797,uxper
CVE-2025-4798,gamerz
CVE-2025-4799,gamerz
CVE-2025-4800,StylemixThemes
CVE-2025-4802,The GNU C Library
CVE-2025-4803,steinrein
CVE-2025-4804,WatchGuard
CVE-2025-4805,WatchGuard
CVE-2025-4806,oretnom23
CVE-2025-4806,SourceCodester
CVE-2025-4807,SourceCodester
CVE-2025-4808,PHPGurukul
CVE-2025-4809,Tenda
CVE-2025-4810,Tenda
CVE-2025-4811,CodeAstro
CVE-2025-4812,PHPGurukul
CVE-2025-4813,PHPGurukul
CVE-2025-4814,Campcodes
CVE-2025-4815,Campcodes
CVE-2025-4816,SourceCodester
CVE-2025-4817,Sourcecodester
CVE-2025-4818,SourceCodester
CVE-2025-4819,y_project
CVE-2025-4820,Cloudflare
CVE-2025-4821,Cloudflare
CVE-2025-4822,Bayraktar Solar Energies
CVE-2025-4823,TOTOLINK
CVE-2025-4824,TOTOLINK
CVE-2025-4825,TOTOLINK
CVE-2025-4826,TOTOLINK
CVE-2025-4827,TOTOLINK
CVE-2025-4828,Schiocco
CVE-2025-4829,TOTOLINK
CVE-2025-4830,TOTOLINK
CVE-2025-4831,TOTOLINK
CVE-2025-4832,TOTOLINK
CVE-2025-4833,TOTOLINK
CVE-2025-4834,TOTOLINK
CVE-2025-4835,TOTOLINK
CVE-2025-4836,Projectworlds
CVE-2025-4837,projectworlds
CVE-2025-4838,kanwangzjm
CVE-2025-4839,itwanger
CVE-2025-4841,D-Link
CVE-2025-4842,D-Link
CVE-2025-4843,D-Link
CVE-2025-4844,FreeFloat
CVE-2025-4845,FreeFloat
CVE-2025-4846,FreeFloat
CVE-2025-4847,FreeFloat
CVE-2025-4848,FreeFloat
CVE-2025-4849,TOTOLINK
CVE-2025-4850,TOTOLINK
CVE-2025-4851,TOTOLINK
CVE-2025-4852,TOTOLINK
CVE-2025-4855,Schiocco
CVE-2025-4857,contrid
CVE-2025-4858,D-Link
CVE-2025-4859,D-Link
CVE-2025-4860,D-Link
CVE-2025-4861,PHPGurukul
CVE-2025-4862,PHPGurukul
CVE-2025-4863,Advaya Softech
CVE-2025-4864,itsourcecode
CVE-2025-4865,itsourcecode
CVE-2025-4866,weibocom
CVE-2025-4867,Tenda
CVE-2025-4868,merikbest
CVE-2025-4869,itsourcecode
CVE-2025-4870,itsourcecode
CVE-2025-4871,PCMan
CVE-2025-4872,FreeFloat
CVE-2025-4873,PHPGurukul
CVE-2025-4874,PHPGurukul
CVE-2025-4875,Campcodes
CVE-2025-4876,ConnectWise
CVE-2025-4877,Red Hat
CVE-2025-4878,Red Hat
CVE-2025-4879,Citrix
CVE-2025-4880,PHPGurukul
CVE-2025-4881,itsourcecode
CVE-2025-4882,itsourcecode
CVE-2025-4883,D-Link
CVE-2025-4884,itsourcecode
CVE-2025-4885,itsourcecode
CVE-2025-4886,itsourcecode
CVE-2025-4887,SourceCodester
CVE-2025-4888,code-projects
CVE-2025-4889,code-projects
CVE-2025-4890,code-projects
CVE-2025-4891,code-projects
CVE-2025-4892,code-projects
CVE-2025-4893,jammy928
CVE-2025-4894,calmkart
CVE-2025-4895,SourceCodester
CVE-2025-4896,Tenda
CVE-2025-4897,Tenda
CVE-2025-4898,SourceCodester
CVE-2025-4899,Campcodes
CVE-2025-4900,Campcodes
CVE-2025-4901,D-Link
CVE-2025-4902,D-Link
CVE-2025-4903,D-Link
CVE-2025-4904,D-Link
CVE-2025-4905,iop-apl-uw
CVE-2025-4906,PHPGurukul
CVE-2025-4907,PHPGurukul
CVE-2025-4908,PHPGurukul
CVE-2025-4909,SourceCodester
CVE-2025-4910,PHPGurukul
CVE-2025-4911,PHPGurukul
CVE-2025-4912,SourceCodester
CVE-2025-4913,PHPGurukul
CVE-2025-4914,PHPGurukul
CVE-2025-4915,PHPGurukul
CVE-2025-4916,PHPGurukul
CVE-2025-4917,PHPGurukul
CVE-2025-4918,Mozilla
CVE-2025-4919,Mozilla
CVE-2025-4922,HashiCorp
CVE-2025-4923,SourceCodester
CVE-2025-4924,SourceCodester
CVE-2025-4925,PHPGurukul
CVE-2025-4926,PHPGurukul
CVE-2025-4927,PHPGurukul
CVE-2025-4928,projectworlds
CVE-2025-4929,Campcodes
CVE-2025-4930,Campcodes
CVE-2025-4931,projectworlds
CVE-2025-4932,projectworlds
CVE-2025-4933,ponaravindb
CVE-2025-4934,PHPGurukul
CVE-2025-4935,SourceCodester
CVE-2025-4936,projectworlds
CVE-2025-4937,SourceCodester
CVE-2025-4938,PHPGurukul
CVE-2025-4939,PHPGurukul
CVE-2025-4940,1000 Projects
CVE-2025-4941,PHPGurukul
CVE-2025-4943,choijun
CVE-2025-4944,choijun
CVE-2025-4945,Red Hat
CVE-2025-4946,Odin_Design
CVE-2025-4947,curl
CVE-2025-4948,Red Hat
CVE-2025-4949,Eclipse JGit
CVE-2025-4951,Rapid7
CVE-2025-4952,ESET
CVE-2025-4953,Red Hat
CVE-2025-4956,AA-Team
CVE-2025-4957,Metagauss
CVE-2025-4960,EPSON
CVE-2025-4962,lunary-ai
CVE-2025-4963,wpextended
CVE-2025-4964,hk1993
CVE-2025-4965,wpbakery
CVE-2025-4966,hk1993
CVE-2025-4967,Esri
CVE-2025-4968,wpbakery
CVE-2025-4969,Red Hat
CVE-2025-4970,bannersky
CVE-2025-4971,Broadcom
CVE-2025-4972,GitLab
CVE-2025-4973,AmentoTech
CVE-2025-4975,TP-Link Systems Inc.
CVE-2025-4976,GitLab
CVE-2025-4977,Netgear
CVE-2025-4978,Netgear
CVE-2025-4979,GitLab
CVE-2025-4980,Netgear
CVE-2025-4981,Mattermost
CVE-2025-4983,Dassault Systèmes
CVE-2025-4984,Dassault Systèmes
CVE-2025-4985,Dassault Systèmes
CVE-2025-4986,Dassault Systèmes
CVE-2025-4987,Dassault Systèmes
CVE-2025-4988,Dassault Systèmes
CVE-2025-4989,Dassault Systèmes
CVE-2025-4990,Dassault Systèmes
CVE-2025-4991,Dassault Systèmes
CVE-2025-4992,Dassault Systèmes
CVE-2025-4993,RTI
CVE-2025-4994,SafeLine
CVE-2025-4996,Intelbras
CVE-2025-4997,H3C
CVE-2025-4998,H3C
CVE-2025-4999,Linksys
CVE-2025-5000,Linksys
CVE-2025-5001,GNU
CVE-2025-5002,SourceCodester
CVE-2025-5003,projectworlds
CVE-2025-5004,projectworlds
CVE-2025-5005,Shanghai Lingdang Information Technology
CVE-2025-5006,Campcodes
CVE-2025-5008,projectworlds
CVE-2025-5009,Google
CVE-2025-5010,moonlightL
CVE-2025-5011,moonlightL
CVE-2025-5012,AmentoTech
CVE-2025-5014,Chimp Group
CVE-2025-5015,Parsons
CVE-2025-5016,comesio
CVE-2025-5016,Relevanssi
CVE-2025-5017,catalyst2020
CVE-2025-5018,hivesupport
CVE-2025-5019,hivesupport
CVE-2025-5020,Mozilla
CVE-2025-5022,Mitsubishi Electric Corporation
CVE-2025-5023,Mitsubishi Electric Corporation
CVE-2025-5024,Red Hat
CVE-2025-5025,curl
CVE-2025-5028,"ESET, spol. s.r.o"
CVE-2025-5029,Kingdee
CVE-2025-5030,Ackites
CVE-2025-5031,Ackites
CVE-2025-5032,Campcodes
CVE-2025-5033,XiaoBingby
CVE-2025-5036,Autodesk
CVE-2025-5037,Autodesk
CVE-2025-5038,Autodesk
CVE-2025-5039,Autodesk
CVE-2025-5040,Autodesk
CVE-2025-5042,Autodesk
CVE-2025-5043,Autodesk
CVE-2025-5046,Autodesk
CVE-2025-5047,Autodesk
CVE-2025-5048,Autodesk
CVE-2025-5049,FreeFloat
CVE-2025-5050,FreeFloat
CVE-2025-5051,FreeFloat
CVE-2025-5052,FreeFloat
CVE-2025-5053,FreeFloat
CVE-2025-5054,Canonical
CVE-2025-5055,edgarrojas
CVE-2025-5056,Campcodes
CVE-2025-5057,Campcodes
CVE-2025-5058,emagicone
CVE-2025-5059,Campcodes
CVE-2025-5060,Bravis-Themes
CVE-2025-5061,vjinfotech
CVE-2025-5062,automattic
CVE-2025-5063,Google
CVE-2025-5064,Google
CVE-2025-5065,Google
CVE-2025-5066,Google
CVE-2025-5067,Google
CVE-2025-5068,Google
CVE-2025-5069,GitLab
CVE-2025-5071,tigroumeow
CVE-2025-5072,ASR
CVE-2025-5073,FreeFloat
CVE-2025-5074,FreeFloat
CVE-2025-5075,FreeFloat
CVE-2025-5076,FreeFloat
CVE-2025-5077,Campcodes
CVE-2025-5078,Campcodes
CVE-2025-5078,PHPGurukul
CVE-2025-5079,Campcodes
CVE-2025-5079,PHPGurukul
CVE-2025-5080,Tenda
CVE-2025-5081,Campcodes
CVE-2025-5082,milmor
CVE-2025-5083,milmor
CVE-2025-5084,mdshuvo
CVE-2025-5085,ariyes
CVE-2025-5086,Dassault Systèmes
CVE-2025-5087,Kaleris
CVE-2025-5088,Arista Networks
CVE-2025-5089,Arista Networks
CVE-2025-5090,Arista Networks
CVE-2025-5092,famethemes
CVE-2025-5092,galaxyweblinks
CVE-2025-5092,lightgalleryteam
CVE-2025-5092,oxilab
CVE-2025-5092,tplugins
CVE-2025-5092,vowelweb
CVE-2025-5092,wproyal
CVE-2025-5092,wpsofts
CVE-2025-5095,Burk Technology
CVE-2025-5096,tobiasbg
CVE-2025-5098,Mobile Dynamix
CVE-2025-5099,Mobile Dynamix
CVE-2025-5100,Mobile Dynamix
CVE-2025-5101,GitLab
CVE-2025-5103,wpswings
CVE-2025-5105,TOZED
CVE-2025-5106,Fujian
CVE-2025-5107,Fujian
CVE-2025-5108,zongzhige
CVE-2025-5109,FreeFloat
CVE-2025-5110,FreeFloat
CVE-2025-5111,FreeFloat
CVE-2025-5112,FreeFloat
CVE-2025-5113,Diviotec
CVE-2025-5114,easysoft
CVE-2025-5115,Eclipse Jetty
CVE-2025-5116,brikou
CVE-2025-5117,themeglow
CVE-2025-5119,Emlog
CVE-2025-5120,huggingface
CVE-2025-5121,GitLab
CVE-2025-5122,goiblas
CVE-2025-5123,a3rev
CVE-2025-5124,Sony
CVE-2025-5126,Teledyne FLIR
CVE-2025-5127,Teledyne FLIR
CVE-2025-5128,ScriptAndTools
CVE-2025-5129,Sangfor
CVE-2025-5130,Tmall
CVE-2025-5131,Tmall
CVE-2025-5132,Tmall
CVE-2025-5133,Tmall
CVE-2025-5134,Tmall
CVE-2025-5135,Tmall
CVE-2025-5136,Tmall
CVE-2025-5140,Seeyon
CVE-2025-5141,Fortra
CVE-2025-5142,pluginsandsnippets
CVE-2025-5143,realmag777
CVE-2025-5144,stellarwp
CVE-2025-5145,Netcore
CVE-2025-5146,Netcore
CVE-2025-5147,Netcore
CVE-2025-5148,FunAudioLLM
CVE-2025-5151,defog-ai
CVE-2025-5152,Chanjet
CVE-2025-5155,qianfox
CVE-2025-5156,H3C
CVE-2025-5157,H3C
CVE-2025-5158,H3C
CVE-2025-5159,H3C
CVE-2025-5160,H3C
CVE-2025-5161,H3C
CVE-2025-5162,H3C
CVE-2025-5163,yangshare 技术杨工
CVE-2025-5165,Open Asset Import Library
CVE-2025-5166,Open Asset Import Library
CVE-2025-5167,Open Asset Import Library
CVE-2025-5168,Open Asset Import Library
CVE-2025-5169,Open Asset Import Library
CVE-2025-5170,llisoft
CVE-2025-5171,llisoft
CVE-2025-5173,HumanSignal
CVE-2025-5174,erdogant
CVE-2025-5175,erdogant
CVE-2025-5176,Realce Tecnologia
CVE-2025-5177,Realce Tecnologia
CVE-2025-5178,Realce Tecnologia
CVE-2025-5179,Realce Tecnologia
CVE-2025-5180,Wondershare
CVE-2025-5181,Summer Pearl Group
CVE-2025-5182,Summer Pearl Group
CVE-2025-5183,Summer Pearl Group
CVE-2025-5184,Summer Pearl Group
CVE-2025-5185,Summer Pearl Group
CVE-2025-5186,thinkgem
CVE-2025-5187,Kubernetes
CVE-2025-5190,sorich87
CVE-2025-5191,Moxa
CVE-2025-5192,"Soar Cloud System CO., LTD."
CVE-2025-5195,GitLab
CVE-2025-5196,Wing
CVE-2025-5197,huggingface
CVE-2025-5198,Red Hat
CVE-2025-5199,Canonical
CVE-2025-5200,Open Asset Import Library
CVE-2025-5201,Open Asset Import Library
CVE-2025-5202,Open Asset Import Library
CVE-2025-5203,Open Asset Import Library
CVE-2025-5204,Open Asset Import Library
CVE-2025-5205,1000 Projects
CVE-2025-5207,SourceCodester
CVE-2025-5208,SourceCodester
CVE-2025-5210,PHPGurukul
CVE-2025-5211,PHPGurukul
CVE-2025-5212,PHPGurukul
CVE-2025-5213,projectworlds
CVE-2025-5214,Kashipara
CVE-2025-5215,D-Link
CVE-2025-5216,PHPGurukul
CVE-2025-5217,FreeFloat
CVE-2025-5218,FreeFloat
CVE-2025-5219,FreeFloat
CVE-2025-5220,FreeFloat
CVE-2025-5221,FreeFloat
CVE-2025-5222,Red Hat
CVE-2025-5224,Campcodes
CVE-2025-5225,Campcodes
CVE-2025-5226,PHPGurukul
CVE-2025-5227,PHPGurukul
CVE-2025-5228,D-Link
CVE-2025-5229,Campcodes
CVE-2025-5230,PHPGurukul
CVE-2025-5231,PHPGurukul
CVE-2025-5232,PHPGurukul
CVE-2025-5233,thatdevgirl
CVE-2025-5234,jegstudio
CVE-2025-5235,opensheetmusicdisplay
CVE-2025-5236,ninjateam
CVE-2025-5237,nebojsadabic
CVE-2025-5238,yithemes
CVE-2025-5239,themeatelier
CVE-2025-5240,vcita
CVE-2025-5241,Mitsubishi Electric Corporation
CVE-2025-5243,SMG Software
CVE-2025-5244,GNU
CVE-2025-5245,GNU
CVE-2025-5246,Campcodes
CVE-2025-5247,Gowabby
CVE-2025-5248,PHPGurukul
CVE-2025-5249,PHPGurukul
CVE-2025-5250,PHPGurukul
CVE-2025-5251,PHPGurukul
CVE-2025-5252,PHPGurukul
CVE-2025-5253,Kron Technologies
CVE-2025-5254,Kron Technologies
CVE-2025-5255,Core.ai
CVE-2025-5256,Mautic
CVE-2025-5257,Mautic
CVE-2025-5258,swift
CVE-2025-5259,gonzomir
CVE-2025-5260,Pik Online Yazılım Çözümleri A.Ş.
CVE-2025-5261,Pik Online Yazılım Çözümleri A.Ş.
CVE-2025-5262,Mozilla
CVE-2025-5263,Mozilla
CVE-2025-5264,Mozilla
CVE-2025-5265,Mozilla
CVE-2025-5266,Mozilla
CVE-2025-5267,Mozilla
CVE-2025-5268,Mozilla
CVE-2025-5269,Mozilla
CVE-2025-5270,Mozilla
CVE-2025-5271,Mozilla
CVE-2025-5272,Mozilla
CVE-2025-5275,smub
CVE-2025-5277,alexei-led
CVE-2025-5278,Red Hat
CVE-2025-5279,Amazon
CVE-2025-5280,Google
CVE-2025-5281,Google
CVE-2025-5282,wptravelengine
CVE-2025-5283,Google
CVE-2025-5284,litonice13
CVE-2025-5285,spiderwares
CVE-2025-5286,boldthemes
CVE-2025-5287,erumfaham
CVE-2025-5288,weboccults
CVE-2025-5289,iberezansky
CVE-2025-5290,visualmodo
CVE-2025-5291,averta
CVE-2025-5292,bdthemes
CVE-2025-5295,FreeFloat
CVE-2025-5296,Schneider Electric
CVE-2025-5297,SourceCodester
CVE-2025-5298,Campcodes
CVE-2025-5299,SourceCodester
CVE-2025-5301,OnlyOffice
CVE-2025-5302,run-llama
CVE-2025-5303,enituretechnology
CVE-2025-5304,blafoley
CVE-2025-5306,Pandora FMS
CVE-2025-5307,Santesoft
CVE-2025-5309,BeyondTrust
CVE-2025-5310,Dover Fueling Solutions
CVE-2025-5314,dearhive
CVE-2025-5315,GitLab
CVE-2025-5317,Bitdefender
CVE-2025-5318,Red Hat
CVE-2025-5319,Emit Informatics and Communication Technologies Industry and Trade Ltd. Co.
CVE-2025-5320,gradio-app
CVE-2025-5321,aimhubio
CVE-2025-5322,e4jvikwp
CVE-2025-5323,fossasia
CVE-2025-5324,TechPowerUp
CVE-2025-5325,zhilink 智互联(深圳)科技有限公司
CVE-2025-5326,zhilink 智互联(深圳)科技有限公司
CVE-2025-5327,chshcms
CVE-2025-5328,chshcms
CVE-2025-5329,Martcode Software Inc.
CVE-2025-5330,FreeFloat
CVE-2025-5331,PCMan
CVE-2025-5332,1000 Projects
CVE-2025-5333,Broadcom
CVE-2025-5334,Devolutions
CVE-2025-5335,Autodesk
CVE-2025-5336,holithemes
CVE-2025-5337,metaslider
CVE-2025-5338,wproyal
CVE-2025-5339,scripteo
CVE-2025-5340,smartwpress
CVE-2025-5341,wpmudev
CVE-2025-5342,Zohocorp
CVE-2025-5343,Zohocorp
CVE-2025-5344,Bluebird
CVE-2025-5345,Bluebird
CVE-2025-5346,Bluebird
CVE-2025-5347,Zohocorp
CVE-2025-5349,NetScaler
CVE-2025-5350,WSO2
CVE-2025-5351,libssh
CVE-2025-5351,Red Hat
CVE-2025-5352,lunary-ai
CVE-2025-5353,Ivanti
CVE-2025-5356,FreeFloat
CVE-2025-5357,FreeFloat
CVE-2025-5358,Campcodes
CVE-2025-5358,PHPGurukul
CVE-2025-5359,Campcodes
CVE-2025-5360,Campcodes
CVE-2025-5361,Campcodes
CVE-2025-5362,Campcodes
CVE-2025-5363,Campcodes
CVE-2025-5364,Campcodes
CVE-2025-5365,Campcodes
CVE-2025-5366,ManageEngine
CVE-2025-5367,PHPGurukul
CVE-2025-5368,PHPGurukul
CVE-2025-5369,SourceCodester
CVE-2025-5370,PHPGurukul
CVE-2025-5371,SourceCodester
CVE-2025-5372,libssh
CVE-2025-5372,Red Hat
CVE-2025-5373,PHPGurukul
CVE-2025-5374,PHPGurukul
CVE-2025-5375,PHPGurukul
CVE-2025-5376,SourceCodester
CVE-2025-5377,Astun Technology
CVE-2025-5378,Astun Technology
CVE-2025-5379,NuCom
CVE-2025-5380,ashinigit 天青一白
CVE-2025-5381,Yifang
CVE-2025-5382,Devolutions
CVE-2025-5383,Yifang
CVE-2025-5391,bbioon
CVE-2025-5392,gb-plugins
CVE-2025-5393,Bearsthemes
CVE-2025-5394,Bearsthemes
CVE-2025-5395,ValvePress
CVE-2025-5396,Bearsthemes
CVE-2025-5398,kstover
CVE-2025-5399,curl
CVE-2025-5400,chaitak-gorai
CVE-2025-5401,chaitak-gorai
CVE-2025-5402,chaitak-gorai
CVE-2025-5403,chaitak-gorai
CVE-2025-5404,chaitak-gorai
CVE-2025-5405,chaitak-gorai
CVE-2025-5406,chaitak-gorai
CVE-2025-5407,chaitak-gorai
CVE-2025-5408,WAVLINK
CVE-2025-5409,Mist
CVE-2025-5410,Mist
CVE-2025-5411,Mist
CVE-2025-5412,Mist
CVE-2025-5416,Red Hat
CVE-2025-5417,Red Hat
CVE-2025-5419,Google
CVE-2025-5420,juzaweb
CVE-2025-5421,juzaweb
CVE-2025-5422,juzaweb
CVE-2025-5423,juzaweb
CVE-2025-5424,juzaweb
CVE-2025-5425,juzaweb
CVE-2025-5426,juzaweb
CVE-2025-5427,juzaweb
CVE-2025-5428,juzaweb
CVE-2025-5429,juzaweb
CVE-2025-5430,AssamLook
CVE-2025-5431,AssamLook
CVE-2025-5432,AssamLook
CVE-2025-5433,Fengoffice
CVE-2025-5434,Aem Solutions
CVE-2025-5435,Marwal Infotech
CVE-2025-5436,Multilaser
CVE-2025-5437,Multilaser
CVE-2025-5438,Linksys
CVE-2025-5439,Linksys
CVE-2025-5440,Linksys
CVE-2025-5441,Linksys
CVE-2025-5442,Linksys
CVE-2025-5443,Linksys
CVE-2025-5444,Linksys
CVE-2025-5445,Linksys
CVE-2025-5446,Linksys
CVE-2025-5447,Linksys
CVE-2025-5449,Red Hat
CVE-2025-5450,Ivanti
CVE-2025-5451,Ivanti
CVE-2025-5452,Axis Communications AB
CVE-2025-5454,Axis Communications AB
CVE-2025-5455,Qt
CVE-2025-5456,Ivanti
CVE-2025-5459,Perforce
CVE-2025-5462,Ivanti
CVE-2025-5463,Ivanti
CVE-2025-5464,Ivanti
CVE-2025-5466,Ivanti
CVE-2025-5467,Canonical
CVE-2025-5468,Ivanti
CVE-2025-5469,Yandex
CVE-2025-5470,Yandex
CVE-2025-5471,Yandex
CVE-2025-5472,run-llama
CVE-2025-5473,GIMP
CVE-2025-5474,2BrightSparks
CVE-2025-5475,Sony
CVE-2025-5476,Sony
CVE-2025-5477,Sony
CVE-2025-5478,Sony
CVE-2025-5479,Sony
CVE-2025-5480,Action1
CVE-2025-5481,Sante
CVE-2025-5482,sunshinephotocart
CVE-2025-5483,niaj
CVE-2025-5484,SinoTrack
CVE-2025-5485,SinoTrack
CVE-2025-5486,dr_scythe
CVE-2025-5487,rubengc
CVE-2025-5488,kaushik07
CVE-2025-5490,antoineh
CVE-2025-5491,Acer
CVE-2025-5492,D-Link
CVE-2025-5493,Baison
CVE-2025-5494,Zohocorp
CVE-2025-5495,Netgear
CVE-2025-5496,Zohocorp
CVE-2025-5497,slackero
CVE-2025-5498,slackero
CVE-2025-5499,slackero
CVE-2025-5500,ZhenShi
CVE-2025-5502,TOTOLINK
CVE-2025-5503,TOTOLINK
CVE-2025-5504,TOTOLINK
CVE-2025-5505,TOTOLINK
CVE-2025-5506,TOTOLINK
CVE-2025-5507,TOTOLINK
CVE-2025-5508,TOTOLINK
CVE-2025-5509,quequnlong
CVE-2025-5510,quequnlong
CVE-2025-5511,quequnlong
CVE-2025-5512,quequnlong
CVE-2025-5513,quequnlong
CVE-2025-5514,Mitsubishi Electric Corporation
CVE-2025-5515,TOTOLINK
CVE-2025-5516,TOTOLINK
CVE-2025-5517,ABB
CVE-2025-5518,ArgusTech
CVE-2025-5519,ArgusTech
CVE-2025-5521,WuKongOpenSource
CVE-2025-5522,jack0240 魏
CVE-2025-5523,enilu
CVE-2025-5524,oceanwp
CVE-2025-5525,Jrohy
CVE-2025-5527,Tenda
CVE-2025-5528,heateor
CVE-2025-5529,sparklewpthemes
CVE-2025-5530,wpclever
CVE-2025-5531,emarket-design
CVE-2025-5532,emarket-design
CVE-2025-5533,ajay
CVE-2025-5534,calebzahnd
CVE-2025-5535,chemiker
CVE-2025-5536,rsemeteys
CVE-2025-5537,fooplugins
CVE-2025-5538,cais
CVE-2025-5539,emarket-design
CVE-2025-5540,emarket-design
CVE-2025-5541,frold
CVE-2025-5542,TOTOLINK
CVE-2025-5543,TOTOLINK
CVE-2025-5544,aaluoxiang
CVE-2025-5545,aaluoxiang
CVE-2025-5546,PHPGurukul
CVE-2025-5547,FreeFloat
CVE-2025-5548,FreeFloat
CVE-2025-5549,FreeFloat
CVE-2025-5550,FreeFloat
CVE-2025-5551,FreeFloat
CVE-2025-5553,PHPGurukul
CVE-2025-5554,PHPGurukul
CVE-2025-5555,Nixdorf Wincor
CVE-2025-5556,PHPGurukul
CVE-2025-5557,PHPGurukul
CVE-2025-5558,PHPGurukul
CVE-2025-5559,neoxx
CVE-2025-5560,PHPGurukul
CVE-2025-5561,PHPGurukul
CVE-2025-5562,PHPGurukul
CVE-2025-5563,cyberscorp
CVE-2025-5564,gurievcreative
CVE-2025-5565,jason-lau
CVE-2025-5566,PHPGurukul
CVE-2025-5567,gn_themes
CVE-2025-5568,magepeopleteam
CVE-2025-5570,tigroumeow
CVE-2025-5571,D-Link
CVE-2025-5572,D-Link
CVE-2025-5573,D-Link
CVE-2025-5574,PHPGurukul
CVE-2025-5575,PHPGurukul
CVE-2025-5576,PHPGurukul
CVE-2025-5577,PHPGurukul
CVE-2025-5578,PHPGurukul
CVE-2025-5579,PHPGurukul
CVE-2025-5580,CodeAstro
CVE-2025-5581,CodeAstro
CVE-2025-5582,CodeAstro
CVE-2025-5583,CodeAstro
CVE-2025-5584,PHPGurukul
CVE-2025-5585,gpriday
CVE-2025-5586,tushargohel
CVE-2025-5587,sparklewpthemes
CVE-2025-5588,ickata
CVE-2025-5589,streamweasels
CVE-2025-5590,gopiplus
CVE-2025-5591,Kentico
CVE-2025-5592,FreeFloat
CVE-2025-5593,FreeFloat
CVE-2025-5594,FreeFloat
CVE-2025-5595,FreeFloat
CVE-2025-5596,FreeFloat
CVE-2025-5597,WF Steuerungstechnik GmbH
CVE-2025-5598,WF Steuerungstechnik GmbH
CVE-2025-5599,PHPGurukul
CVE-2025-5600,TOTOLINK
CVE-2025-5601,Wireshark Foundation
CVE-2025-5602,Campcodes
CVE-2025-5603,Campcodes
CVE-2025-5604,Campcodes
CVE-2025-5605,WSO2
CVE-2025-5606,Tenda
CVE-2025-5607,Tenda
CVE-2025-5608,Tenda
CVE-2025-5609,Tenda
CVE-2025-5610,CodeAstro
CVE-2025-5611,CodeAstro
CVE-2025-5612,PHPGurukul
CVE-2025-5613,PHPGurukul
CVE-2025-5614,PHPGurukul
CVE-2025-5615,PHPGurukul
CVE-2025-5616,PHPGurukul
CVE-2025-5617,PHPGurukul
CVE-2025-5618,PHPGurukul
CVE-2025-5619,Tenda
CVE-2025-5620,D-Link
CVE-2025-5621,D-Link
CVE-2025-5622,D-Link
CVE-2025-5623,D-Link
CVE-2025-5624,D-Link
CVE-2025-5625,Campcodes
CVE-2025-5626,Campcodes
CVE-2025-5627,code-projects
CVE-2025-5628,SourceCodester
CVE-2025-5629,Tenda
CVE-2025-5630,D-Link
CVE-2025-5631,anirbandutta9
CVE-2025-5631,code-projects
CVE-2025-5632,anirbandutta9
CVE-2025-5632,code-projects
CVE-2025-5633,anirbandutta9
CVE-2025-5633,code-projects
CVE-2025-5634,PCMan
CVE-2025-5635,PCMan
CVE-2025-5636,PCMan
CVE-2025-5637,PCMan
CVE-2025-5638,PHPGurukul
CVE-2025-5639,PHPGurukul
CVE-2025-5649,SourceCodester
CVE-2025-5650,1000projects
CVE-2025-5651,code-projects
CVE-2025-5652,PHPGurukul
CVE-2025-5653,PHPGurukul
CVE-2025-5654,PHPGurukul
CVE-2025-5655,PHPGurukul
CVE-2025-5656,PHPGurukul
CVE-2025-5657,PHPGurukul
CVE-2025-5658,PHPGurukul
CVE-2025-5659,PHPGurukul
CVE-2025-5660,PHPGurukul
CVE-2025-5661,code-projects
CVE-2025-5662,h2oai
CVE-2025-5663,PHPGurukul
CVE-2025-5664,FreeFloat
CVE-2025-5665,FreeFloat
CVE-2025-5666,FreeFloat
CVE-2025-5667,FreeFloat
CVE-2025-5668,PHPGurukul
CVE-2025-5669,PHPGurukul
CVE-2025-5670,PHPGurukul
CVE-2025-5671,TOTOLINK
CVE-2025-5672,TOTOLINK
CVE-2025-5673,pr-gateway
CVE-2025-5674,code-projects
CVE-2025-5675,Campcodes
CVE-2025-5676,Campcodes
CVE-2025-5677,Campcodes
CVE-2025-5678,stellarwp
CVE-2025-5679,Shenzhen Dashi Tongzhou Information Technology
CVE-2025-5680,Shenzhen Dashi Tongzhou Information Technology
CVE-2025-5681,Turtek Software
CVE-2025-5682,Drupal
CVE-2025-5683,Qt
CVE-2025-5684,roxnor
CVE-2025-5685,Tenda
CVE-2025-5686,andreyk
CVE-2025-5687,Mozilla
CVE-2025-5688,Amazon
CVE-2025-5689,Canonical
CVE-2025-5690,DALIBO
CVE-2025-5692,smackcoders
CVE-2025-5693,PHPGurukul
CVE-2025-5694,PHPGurukul
CVE-2025-5695,Teledyne FLIR
CVE-2025-5696,Brilliance
CVE-2025-5697,Brilliance
CVE-2025-5698,Brilliance
CVE-2025-5699,gsaraiva
CVE-2025-5700,tvledesign
CVE-2025-5701,siteheart
CVE-2025-5702,The GNU C Library
CVE-2025-5703,malcolm-oph
CVE-2025-5704,code-projects
CVE-2025-5705,code-projects
CVE-2025-5706,PHPGurukul
CVE-2025-5707,PHPGurukul
CVE-2025-5708,code-projects
CVE-2025-5709,code-projects
CVE-2025-5710,code-projects
CVE-2025-5711,code-projects
CVE-2025-5712,SourceCodester
CVE-2025-5713,SoluçõesCoop
CVE-2025-5714,SoluçõesCoop
CVE-2025-5715,Signal
CVE-2025-5716,SourceCodester
CVE-2025-5717,WSO2
CVE-2025-5718,Axis Communications AB
CVE-2025-5719,vivo
CVE-2025-5720,ivole
CVE-2025-5721,SourceCodester
CVE-2025-5722,SourceCodester
CVE-2025-5723,SourceCodester
CVE-2025-5724,SourceCodester
CVE-2025-5725,SourceCodester
CVE-2025-5726,SourceCodester
CVE-2025-5727,SourceCodester
CVE-2025-5728,SourceCodester
CVE-2025-5729,code-projects
CVE-2025-5731,Red Hat
CVE-2025-5732,code-projects
CVE-2025-5733,webnus/
CVE-2025-5734,TOTOLINK
CVE-2025-5735,TOTOLINK
CVE-2025-5736,TOTOLINK
CVE-2025-5737,TOTOLINK
CVE-2025-5738,TOTOLINK
CVE-2025-5739,TOTOLINK
CVE-2025-5740,Schneider Electric
CVE-2025-5741,Schneider Electric
CVE-2025-5742,Schneider Electric
CVE-2025-5743,Schneider Electric
CVE-2025-5745,The GNU C Library
CVE-2025-5746,CodeDropz
CVE-2025-5747,WOLFBOX
CVE-2025-5748,WOLFBOX
CVE-2025-5749,WOLFBOX
CVE-2025-5750,WOLFBOX
CVE-2025-5751,WOLFBOX
CVE-2025-5752,gopiplus
CVE-2025-5753,reallaunch
CVE-2025-5754,bbc000tommy
CVE-2025-5755,SourceCodester
CVE-2025-5756,code-projects
CVE-2025-5757,code-projects
CVE-2025-5758,SourceCodester
CVE-2025-5759,PHPGurukul
CVE-2025-5760,eskapism
CVE-2025-5761,PHPGurukul
CVE-2025-5762,code-projects
CVE-2025-5763,Tenda
CVE-2025-5764,code-projects
CVE-2025-5765,code-projects
CVE-2025-5766,code-projects
CVE-2025-5767,wpwham
CVE-2025-5770,WSO2
CVE-2025-5777,NetScaler
CVE-2025-5778,1000 Projects
CVE-2025-5779,code-projects
CVE-2025-5780,code-projects
CVE-2025-5781,Hitachi
CVE-2025-5782,PHPGurukul
CVE-2025-5783,PHPGurukul
CVE-2025-5784,PHPGurukul
CVE-2025-5785,TOTOLINK
CVE-2025-5786,TOTOLINK
CVE-2025-5787,TOTOLINK
CVE-2025-5788,TOTOLINK
CVE-2025-5789,TOTOLINK
CVE-2025-5790,TOTOLINK
CVE-2025-5791,Red Hat
CVE-2025-5792,TOTOLINK
CVE-2025-5793,TOTOLINK
CVE-2025-5794,Tenda
CVE-2025-5795,Tenda
CVE-2025-5796,code-projects
CVE-2025-5797,code-projects
CVE-2025-5798,Tenda
CVE-2025-5799,Tenda
CVE-2025-5800,juiiee8487
CVE-2025-5801,rejuancse
CVE-2025-5803,e4jvikwp
CVE-2025-5804,Case Themes
CVE-2025-5805,Ninetheme
CVE-2025-5806,Jenkins Project
CVE-2025-5807,mpol
CVE-2025-5808,OpenText
CVE-2025-5811,milanmk
CVE-2025-5812,vgwort
CVE-2025-5813,suhailahmad64
CVE-2025-5814,switcorp
CVE-2025-5815,dmitriamartin
CVE-2025-5816,biteship
CVE-2025-5817,suhailahmad64
CVE-2025-5818,krasenslavov
CVE-2025-5819,GitLab
CVE-2025-5820,Sony
CVE-2025-5821,Case-Themes
CVE-2025-5822,Autel
CVE-2025-5823,Autel
CVE-2025-5824,Autel
CVE-2025-5825,Autel
CVE-2025-5826,Autel
CVE-2025-5827,Autel
CVE-2025-5828,Autel
CVE-2025-5829,Autel
CVE-2025-5830,Autel
CVE-2025-5831,Droip
CVE-2025-5832,Pioneer
CVE-2025-5833,Pioneer
CVE-2025-5834,Pioneer
CVE-2025-5835,Droip
CVE-2025-5836,Tenda
CVE-2025-5837,PHPGurukul
CVE-2025-5838,PHPGurukul
CVE-2025-5839,Tenda
CVE-2025-5840,SourceCodester
CVE-2025-5841,andremacola
CVE-2025-5842,butterflymedia
CVE-2025-5843,brandfolder
CVE-2025-5844,techlabpro1
CVE-2025-5845,wpchop
CVE-2025-5846,GitLab
CVE-2025-5847,Tenda
CVE-2025-5848,Tenda
CVE-2025-5849,Tenda
CVE-2025-5850,Tenda
CVE-2025-5851,Tenda
CVE-2025-5852,Tenda
CVE-2025-5853,Tenda
CVE-2025-5854,Tenda
CVE-2025-5855,Tenda
CVE-2025-5856,PHPGurukul
CVE-2025-5857,code-projects
CVE-2025-5858,PHPGurukul
CVE-2025-5859,PHPGurukul
CVE-2025-5860,PHPGurukul
CVE-2025-5861,Tenda
CVE-2025-5862,Tenda
CVE-2025-5863,Tenda
CVE-2025-5864,Tenda
CVE-2025-5870,TRENDnet
CVE-2025-5871,Papendorf
CVE-2025-5872,eGauge
CVE-2025-5873,eCharge Hardy Barth
CVE-2025-5875,TP-LINK Technologies
CVE-2025-5876,Lucky
CVE-2025-5877,Fengoffice
CVE-2025-5878,ESAPI
CVE-2025-5879,WuKongOpenSource
CVE-2025-5881,code-projects
CVE-2025-5884,Konica Minolta
CVE-2025-5885,Konica Minolta
CVE-2025-5887,jsnjfz
CVE-2025-5888,jsnjfz
CVE-2025-5889,juliangruber
CVE-2025-5890,actions
CVE-2025-5891,Unitech
CVE-2025-5893,Honding Technology
CVE-2025-5894,Honding Technology
CVE-2025-5896,tarojs
CVE-2025-5897,vuejs
CVE-2025-5898,GNU
CVE-2025-5899,GNU
CVE-2025-5900,Tenda
CVE-2025-5901,TOTOLINK
CVE-2025-5902,TOTOLINK
CVE-2025-5903,TOTOLINK
CVE-2025-5904,TOTOLINK
CVE-2025-5905,TOTOLINK
CVE-2025-5906,code-projects
CVE-2025-5907,TOTOLINK
CVE-2025-5908,TOTOLINK
CVE-2025-5909,TOTOLINK
CVE-2025-5910,TOTOLINK
CVE-2025-5911,TOTOLINK
CVE-2025-5912,D-Link
CVE-2025-5913,PHPGurukul
CVE-2025-5914,Red Hat
CVE-2025-5915,Red Hat
CVE-2025-5916,Red Hat
CVE-2025-5917,Red Hat
CVE-2025-5918,Red Hat
CVE-2025-5919,arraytics
CVE-2025-5922,TSplus
CVE-2025-5923,marcdk
CVE-2025-5924,skywaveinfo
CVE-2025-5925,steph
CVE-2025-5926,jconti
CVE-2025-5927,WPEverest
CVE-2025-5928,fay-1
CVE-2025-5929,zourbuth
CVE-2025-5930,digitalacornjp
CVE-2025-5931,wedevs
CVE-2025-5932,coolrunner
CVE-2025-5933,richarddev7
CVE-2025-5934,Netgear
CVE-2025-5936,innate-images-llc
CVE-2025-5937,videowhisper
CVE-2025-5938,themebon
CVE-2025-5939,amir-mousavi
CVE-2025-5940,osompress
CVE-2025-5941,Netskope
CVE-2025-5942,Netskope
CVE-2025-5943,MicroDicom
CVE-2025-5944,bdthemes
CVE-2025-5946,Centreon
CVE-2025-5947,aonetheme
CVE-2025-5948,aonetheme
CVE-2025-5949,aonetheme
CVE-2025-5950,janboddez
CVE-2025-5953,asaquzzaman
CVE-2025-5954,aonetheme
CVE-2025-5955,aonetheme
CVE-2025-5956,asaquzzaman
CVE-2025-5957,rcatheme
CVE-2025-5958,Google
CVE-2025-5959,Google
CVE-2025-5961,wpvividplugins
CVE-2025-5962,Red Hat
CVE-2025-5963,Postbox
CVE-2025-5964,M-Files Corporation
CVE-2025-5965,Centreon
CVE-2025-5966,ManageEngine
CVE-2025-5967,Trellix
CVE-2025-5969,D-Link
CVE-2025-5970,PHPGurukul
CVE-2025-5971,code-projects
CVE-2025-5972,PHPGurukul
CVE-2025-5973,PHPGurukul
CVE-2025-5974,PHPGurukul
CVE-2025-5975,PHPGurukul
CVE-2025-5976,PHPGurukul
CVE-2025-5977,code-projects
CVE-2025-5978,Tenda
CVE-2025-5979,code-projects
CVE-2025-5980,code-projects
CVE-2025-5981,Google
CVE-2025-5982,GitLab
CVE-2025-5984,SourceCodester
CVE-2025-5985,code-projects
CVE-2025-5986,Mozilla
CVE-2025-5987,Red Hat
CVE-2025-5988,Red Hat
CVE-2025-5990,"Arcadia Technology, LLC"
CVE-2025-5991,Qt
CVE-2025-5992,Qt
CVE-2025-5993,ITCube Software
CVE-2025-5994,NLnet Labs
CVE-2025-5995,Canon USA Inc.
CVE-2025-5996,GitLab
CVE-2025-5997,Beamsec
CVE-2025-5999,HashiCorp
CVE-2025-6000,HashiCorp
CVE-2025-6001,VirtueMart
CVE-2025-6002,VirtueMart
CVE-2025-6003,cyberlord92
CVE-2025-6004,HashiCorp
CVE-2025-6005,kiCode111
CVE-2025-6006,kiCode111
CVE-2025-6007,kiCode111
CVE-2025-6008,kiCode111
CVE-2025-6009,kiCode111
CVE-2025-6011,HashiCorp
CVE-2025-6012,kaisercrazy
CVE-2025-6013,HashiCorp
CVE-2025-6014,HashiCorp
CVE-2025-6015,HashiCorp
CVE-2025-6016,GitLab
CVE-2025-6017,Red Hat
CVE-2025-6018,Red Hat
CVE-2025-6019,Red Hat
CVE-2025-6020,Red Hat
CVE-2025-6021,Red Hat
CVE-2025-6023,Grafana
CVE-2025-6024,WSO2
CVE-2025-6025,railmedia
CVE-2025-6026,Lenovo
CVE-2025-6029,KIA
CVE-2025-6030,Autoeastern
CVE-2025-6031,Amazon
CVE-2025-6032,Red Hat
CVE-2025-6033,NI
CVE-2025-6034,NI
CVE-2025-6035,Red Hat
CVE-2025-6037,HashiCorp
CVE-2025-6038,pebas
CVE-2025-6039,cageehv
CVE-2025-6040,sagesony
CVE-2025-6041,yonisink
CVE-2025-6042,pebas
CVE-2025-6043,malcure
CVE-2025-6044,Google
CVE-2025-6050,jupo
CVE-2025-6051,huggingface
CVE-2025-6052,Red Hat
CVE-2025-6053,bogdansilivestru
CVE-2025-6054,stratosg
CVE-2025-6055,bogdanding
CVE-2025-6056,Ergon Informatik AG
CVE-2025-6057,iqonicdesign
CVE-2025-6058,iqonicdesign
CVE-2025-6059,seraphinitesoft
CVE-2025-6060,DECE Software
CVE-2025-6061,bhittani
CVE-2025-6062,netlatch
CVE-2025-6063,dmitry78
CVE-2025-6064,djerba
CVE-2025-6065,wework4web
CVE-2025-6067,sjaved
CVE-2025-6068,fooplugins
CVE-2025-6069,Python Software Foundation
CVE-2025-6070,josxha
CVE-2025-6071,ABB
CVE-2025-6072,ABB
CVE-2025-6073,ABB
CVE-2025-6074,ABB
CVE-2025-6075,Python Software Foundation
CVE-2025-6076,Partner Software
CVE-2025-6077,Partner Software
CVE-2025-6078,Partner Software
CVE-2025-6079,dasinfomedia
CVE-2025-6080,dasinfomedia
CVE-2025-6081,Konica Minolta
CVE-2025-6082,mia4
CVE-2025-6083,Extreme Networks
CVE-2025-6085,integromat
CVE-2025-6086,scottyla
CVE-2025-6088,danny-avila
CVE-2025-6089,Astun Technology
CVE-2025-6090,H3C
CVE-2025-6091,H3C
CVE-2025-6092,comfyanonymous
CVE-2025-6093,uYanki
CVE-2025-6094,qianfox
CVE-2025-6095,codesiddhant
CVE-2025-6096,codesiddhant
CVE-2025-6097,UTT
CVE-2025-6098,UTT
CVE-2025-6099,szluyu99
CVE-2025-6100,realguoshuai
CVE-2025-6101,letta-ai
CVE-2025-6102,Wifi-soft
CVE-2025-6103,Wifi-soft
CVE-2025-6104,Wifi-soft
CVE-2025-6105,jflyfox
CVE-2025-6106,WuKongOpenSource
CVE-2025-6107,comfyanonymous
CVE-2025-6108,hansonwang99
CVE-2025-6109,javahongxi
CVE-2025-6110,Tenda
CVE-2025-6111,Tenda
CVE-2025-6112,Tenda
CVE-2025-6113,Tenda
CVE-2025-6114,D-Link
CVE-2025-6115,D-Link
CVE-2025-6116,Das
CVE-2025-6117,Das
CVE-2025-6118,Das
CVE-2025-6119,Open Asset Import Library
CVE-2025-6120,Open Asset Import Library
CVE-2025-6121,D-Link
CVE-2025-6122,code-projects
CVE-2025-6123,code-projects
CVE-2025-6124,code-projects
CVE-2025-6125,PHPGurukul
CVE-2025-6126,PHPGurukul
CVE-2025-6127,PHPGurukul
CVE-2025-6128,TOTOLINK
CVE-2025-6129,TOTOLINK
CVE-2025-6130,TOTOLINK
CVE-2025-6131,CodeAstro
CVE-2025-6132,Chanjet
CVE-2025-6133,Projectworlds
CVE-2025-6134,Projectworlds
CVE-2025-6135,Projectworlds
CVE-2025-6136,Projectworlds
CVE-2025-6137,TOTOLINK
CVE-2025-6138,TOTOLINK
CVE-2025-6139,TOTOLINK
CVE-2025-6141,GNU
CVE-2025-6142,Intera
CVE-2025-6143,TOTOLINK
CVE-2025-6144,TOTOLINK
CVE-2025-6145,TOTOLINK
CVE-2025-6146,TOTOLINK
CVE-2025-6147,TOTOLINK
CVE-2025-6148,TOTOLINK
CVE-2025-6149,TOTOLINK
CVE-2025-6150,TOTOLINK
CVE-2025-6151,TP-Link Systems INC.
CVE-2025-6152,Steel
CVE-2025-6153,PHPGurukul
CVE-2025-6154,PHPGurukul
CVE-2025-6155,PHPGurukul
CVE-2025-6156,PHPGurukul
CVE-2025-6157,PHPGurukul
CVE-2025-6158,D-Link
CVE-2025-6159,code-projects
CVE-2025-6160,SourceCodester
CVE-2025-6161,SourceCodester
CVE-2025-6162,TOTOLINK
CVE-2025-6163,TOTOLINK
CVE-2025-6164,TOTOLINK
CVE-2025-6165,TOTOLINK
CVE-2025-6166,frdel
CVE-2025-6167,themanojdesai
CVE-2025-6168,GitLab
CVE-2025-6169,HAMASTAR Technology
CVE-2025-6170,Red Hat
CVE-2025-6171,GitLab
CVE-2025-6172,TECNO
CVE-2025-6173,Webkul
CVE-2025-6175,DECE Software
CVE-2025-6176,scrapy
CVE-2025-6177,Google
CVE-2025-6179,Google
CVE-2025-6180,StrongDM
CVE-2025-6181,StrongDM
CVE-2025-6182,StrongDM
CVE-2025-6183,StrongDM
CVE-2025-6184,themeum
CVE-2025-6185,Leviton
CVE-2025-6186,GitLab
CVE-2025-6187,bsecuretech
CVE-2025-6188,Arista Networks
CVE-2025-6189,arjunthakur
CVE-2025-6190,nootheme
CVE-2025-6191,Google
CVE-2025-6192,Google
CVE-2025-6193,Red Hat
CVE-2025-6195,GitLab
CVE-2025-6196,Red Hat
CVE-2025-6197,Grafana
CVE-2025-6198,SMCI
CVE-2025-6199,Red Hat
CVE-2025-6201,alekv
CVE-2025-6202,SK Hynix
CVE-2025-6203,HashiCorp
CVE-2025-6204,Dassault Systèmes
CVE-2025-6205,Dassault Systèmes
CVE-2025-6206,CodeRevolution
CVE-2025-6207,vjinfotech
CVE-2025-6208,run-llama
CVE-2025-6209,run-llama
CVE-2025-6210,run-llama
CVE-2025-6211,run-llama
CVE-2025-6212,themefic
CVE-2025-6213,psauxit
CVE-2025-6214,omnishop
CVE-2025-6215,omnishop
CVE-2025-6216,Allegra
CVE-2025-6217,PEAK-System
CVE-2025-6218,RARLAB
CVE-2025-6220,themefic
CVE-2025-6221,luuptek
CVE-2025-6222,WP Swings
CVE-2025-6224,Canonical
CVE-2025-6225,Kieback&Peter
CVE-2025-6226,Mattermost
CVE-2025-6227,Mattermost
CVE-2025-6228,shaonsina
CVE-2025-6229,shaonsina
CVE-2025-6230,Lenovo
CVE-2025-6231,Lenovo
CVE-2025-6232,Lenovo
CVE-2025-6233,Mattermost
CVE-2025-6235,Extreme Networks
CVE-2025-6237,invoke-ai
CVE-2025-6238,tigroumeow
CVE-2025-6239,Zohocorp
CVE-2025-6240,Profisee
CVE-2025-6241,Lakeside Software
CVE-2025-6242,Red Hat
CVE-2025-6244,wpdevteam
CVE-2025-6247,ValvePress
CVE-2025-6248,Lenovo
CVE-2025-6249,Lenovo
CVE-2025-6250,BeyondTrust
CVE-2025-6251,wproyal
CVE-2025-6252,qodeinteractive
CVE-2025-6253,uicore
CVE-2025-6254,AmentoTech
CVE-2025-6255,plugincy
CVE-2025-6256,dragwp
CVE-2025-6257,joostdekeijzer
CVE-2025-6258,grosbouff
CVE-2025-6259,geoplay9
CVE-2025-6260,Network Thermostat
CVE-2025-6261,fleetwire
CVE-2025-6262,museai
CVE-2025-6264,Rapid7
CVE-2025-6265,Zyxel
CVE-2025-6266,Teledyne FLIR
CVE-2025-6267,zhilink 智互联(深圳)科技有限公司
CVE-2025-6268,Luna
CVE-2025-6273,WebAssembly
CVE-2025-6274,WebAssembly
CVE-2025-6275,WebAssembly
CVE-2025-6276,Brilliance
CVE-2025-6277,Brilliance
CVE-2025-6280,TransformerOptimus
CVE-2025-6281,OpenBMB
CVE-2025-6282,xlang-ai
CVE-2025-6283,xataio
CVE-2025-6284,PHPGurukul
CVE-2025-6285,PHPGurukul
CVE-2025-6286,PHPGurukul
CVE-2025-6287,PHPGurukul
CVE-2025-6288,PHPGurukul
CVE-2025-6290,blakelong
CVE-2025-6291,D-Link
CVE-2025-6292,D-Link
CVE-2025-6293,code-projects
CVE-2025-6294,code-projects
CVE-2025-6295,code-projects
CVE-2025-6296,code-projects
CVE-2025-6297,Debian
CVE-2025-6298,Axis Communications AB
CVE-2025-6299,TOTOLINK
CVE-2025-6300,PHPGurukul
CVE-2025-6301,PHPGurukul
CVE-2025-6302,TOTOLINK
CVE-2025-6303,code-projects
CVE-2025-6304,code-projects
CVE-2025-6305,code-projects
CVE-2025-6306,code-projects
CVE-2025-6307,code-projects
CVE-2025-6308,PHPGurukul
CVE-2025-6309,PHPGurukul
CVE-2025-6310,PHPGurukul
CVE-2025-6311,Campcodes
CVE-2025-6312,Campcodes
CVE-2025-6313,Campcodes
CVE-2025-6314,Campcodes
CVE-2025-6315,code-projects
CVE-2025-6316,code-projects
CVE-2025-6317,code-projects
CVE-2025-6318,PHPGurukul
CVE-2025-6319,PHPGurukul
CVE-2025-6320,PHPGurukul
CVE-2025-6321,PHPGurukul
CVE-2025-6322,PHPGurukul
CVE-2025-6323,PHPGurukul
CVE-2025-6324,MatrixAddons
CVE-2025-6325,KingAddons.com
CVE-2025-6326,AncoraThemes
CVE-2025-6327,KingAddons.com
CVE-2025-6328,D-Link
CVE-2025-6329,ScriptAndTools
CVE-2025-6330,PHPGurukul
CVE-2025-6331,PHPGurukul
CVE-2025-6332,PHPGurukul
CVE-2025-6333,PHPGurukul
CVE-2025-6334,D-Link
CVE-2025-6336,TOTOLINK
CVE-2025-6337,TOTOLINK
CVE-2025-6338,Qt
CVE-2025-6339,ponaravindb
CVE-2025-6340,code-projects
CVE-2025-6341,code-projects
CVE-2025-6342,code-projects
CVE-2025-6343,code-projects
CVE-2025-6344,code-projects
CVE-2025-6345,SourceCodester
CVE-2025-6346,SourceCodester
CVE-2025-6347,code-projects
CVE-2025-6348,nextendweb
CVE-2025-6349,Arm Ltd
CVE-2025-6350,rextheme
CVE-2025-6351,itsourcecode
CVE-2025-6352,code-projects
CVE-2025-6353,code-projects
CVE-2025-6354,code-projects
CVE-2025-6355,SourceCodester
CVE-2025-6356,code-projects
CVE-2025-6357,code-projects
CVE-2025-6358,code-projects
CVE-2025-6359,code-projects
CVE-2025-6360,code-projects
CVE-2025-6361,code-projects
CVE-2025-6362,code-projects
CVE-2025-6363,code-projects
CVE-2025-6364,code-projects
CVE-2025-6365,HobbesOSR
CVE-2025-6366,ovatheme.com
CVE-2025-6367,D-Link
CVE-2025-6368,D-Link
CVE-2025-6369,D-Link
CVE-2025-6370,D-Link
CVE-2025-6371,D-Link
CVE-2025-6372,D-Link
CVE-2025-6373,D-Link
CVE-2025-6374,D-Link
CVE-2025-6376,Rockwell Automation
CVE-2025-6377,Rockwell Automation
CVE-2025-6378,corporatezen222
CVE-2025-6379,beeteam368
CVE-2025-6380,onlyoffice
CVE-2025-6381,beeteam368
CVE-2025-6382,taeggie
CVE-2025-6383,fmos
CVE-2025-6384,CrafterCMS
CVE-2025-6385,ejointjp
CVE-2025-6386,parisneo
CVE-2025-6387,jonsisk
CVE-2025-6388,Theme-Spirit
CVE-2025-6389,Sneeit
CVE-2025-6390,Broadcom
CVE-2025-6391,Broadcom
CVE-2025-6392,Broadcom
CVE-2025-6393,TOTOLINK
CVE-2025-6394,code-projects
CVE-2025-6395,Red Hat
CVE-2025-6396,Webbeyaz Website Design
CVE-2025-6397,Ankara Hosting Website Design
CVE-2025-6398,ASUS
CVE-2025-6399,TOTOLINK
CVE-2025-6400,TOTOLINK
CVE-2025-6401,TOTOLINK
CVE-2025-6402,TOTOLINK
CVE-2025-6403,code-projects
CVE-2025-6404,Campcodes
CVE-2025-6405,Campcodes
CVE-2025-6406,Campcodes
CVE-2025-6407,Campcodes
CVE-2025-6408,Campcodes
CVE-2025-6409,PHPGurukul
CVE-2025-6410,PHPGurukul
CVE-2025-6411,PHPGurukul
CVE-2025-6412,PHPGurukul
CVE-2025-6413,PHPGurukul
CVE-2025-6414,PHPGurukul
CVE-2025-6415,PHPGurukul
CVE-2025-6416,PHPGurukul
CVE-2025-6417,PHPGurukul
CVE-2025-6418,code-projects
CVE-2025-6419,code-projects
CVE-2025-6420,code-projects
CVE-2025-6421,code-projects
CVE-2025-6422,Campcodes
CVE-2025-6423,beeteam368
CVE-2025-6424,Mozilla
CVE-2025-6425,Mozilla
CVE-2025-6426,Mozilla
CVE-2025-6427,Mozilla
CVE-2025-6428,Mozilla
CVE-2025-6429,Mozilla
CVE-2025-6430,Mozilla
CVE-2025-6431,Mozilla
CVE-2025-6432,Mozilla
CVE-2025-6433,Mozilla
CVE-2025-6434,Mozilla
CVE-2025-6435,Mozilla
CVE-2025-6436,Mozilla
CVE-2025-6437,scripteo
CVE-2025-6438,Schneider Electric
CVE-2025-6439,JMA Plugins
CVE-2025-6440,JMA Plugins
CVE-2025-6441,tobias_conrad
CVE-2025-6442,Ruby
CVE-2025-6443,Mikrotik
CVE-2025-6444,ServiceStack
CVE-2025-6445,ServiceStack
CVE-2025-6446,code-projects
CVE-2025-6447,code-projects
CVE-2025-6448,code-projects
CVE-2025-6449,code-projects
CVE-2025-6450,code-projects
CVE-2025-6451,code-projects
CVE-2025-6452,CodeAstro
CVE-2025-6453,diyhi
CVE-2025-6454,GitLab
CVE-2025-6455,code-projects
CVE-2025-6456,code-projects
CVE-2025-6457,code-projects
CVE-2025-6458,code-projects
CVE-2025-6459,scripteo
CVE-2025-6460,gserafini
CVE-2025-6461,cubewp1211
CVE-2025-6462,scheeeli
CVE-2025-6463,wpmudev
CVE-2025-6464,wpmudev
CVE-2025-6465,Mattermost
CVE-2025-6466,ageerle
CVE-2025-6467,code-projects
CVE-2025-6468,code-projects
CVE-2025-6469,code-projects
CVE-2025-6470,code-projects
CVE-2025-6471,code-projects
CVE-2025-6472,code-projects
CVE-2025-6473,code-projects
CVE-2025-6474,code-projects
CVE-2025-6475,SourceCodester
CVE-2025-6476,SourceCodester
CVE-2025-6477,SourceCodester
CVE-2025-6478,CodeAstro
CVE-2025-6479,code-projects
CVE-2025-6480,code-projects
CVE-2025-6481,code-projects
CVE-2025-6482,code-projects
CVE-2025-6483,code-projects
CVE-2025-6484,code-projects
CVE-2025-6485,TOTOLINK
CVE-2025-6486,TOTOLINK
CVE-2025-6487,TOTOLINK
CVE-2025-6488,jairoochoa
CVE-2025-6489,itsourcecode
CVE-2025-6490,sparklemotion
CVE-2025-6491,PHP Group
CVE-2025-6494,sparklemotion
CVE-2025-6495,Bricks Builder
CVE-2025-6496,HTACG
CVE-2025-6497,HTACG
CVE-2025-6498,HTACG
CVE-2025-6499,vstakhov
CVE-2025-6500,code-projects
CVE-2025-6501,code-projects
CVE-2025-6502,code-projects
CVE-2025-6503,code-projects
CVE-2025-6504,Progress Software
CVE-2025-6505,Progress Software
CVE-2025-6507,h2oai
CVE-2025-6508,WSO2
CVE-2025-6509,seaswalker
CVE-2025-6510,Netgear
CVE-2025-6511,Netgear
CVE-2025-6512,Bizerba SE & Co. KG
CVE-2025-6513,Bizerba SE & Co. KG
CVE-2025-6515,oatpp
CVE-2025-6517,Dromara
CVE-2025-6518,PySpur-Dev
CVE-2025-6519,Copeland LP
CVE-2025-6520,Abis Technology
CVE-2025-6521,TrendMakers
CVE-2025-6522,TrendMakers
CVE-2025-6523,Devolutions
CVE-2025-6524,70mai
CVE-2025-6525,70mai
CVE-2025-6526,70mai
CVE-2025-6527,70mai
CVE-2025-6528,70mai
CVE-2025-6529,70mai
CVE-2025-6530,70mai
CVE-2025-6531,MZZYG
CVE-2025-6531,SIFUSM
CVE-2025-6532,NOYAFA
CVE-2025-6532,Xiami
CVE-2025-6533,201206030
CVE-2025-6533,xxyopen
CVE-2025-6534,201206030
CVE-2025-6534,xxyopen
CVE-2025-6535,201206030
CVE-2025-6535,xxyopen
CVE-2025-6537,mdesignfa
CVE-2025-6538,bourgesloic
CVE-2025-6539,minutemedia
CVE-2025-6540,murtuzamakda52
CVE-2025-6541,TP-Link Systems Inc.
CVE-2025-6542,TP-Link Systems Inc.
CVE-2025-6543,NetScaler
CVE-2025-6544,h2oai
CVE-2025-6546,azumbro
CVE-2025-6549,Juniper Networks
CVE-2025-6550,webangon
CVE-2025-6551,java-aodeng
CVE-2025-6552,java-aodeng
CVE-2025-6553,ovatheme
CVE-2025-6554,Google
CVE-2025-6555,Google
CVE-2025-6556,Google
CVE-2025-6557,Google
CVE-2025-6558,Google
CVE-2025-6559,Sapido
CVE-2025-6560,Sapido
CVE-2025-6561,Hunt Electronic
CVE-2025-6562,Hunt Electronic
CVE-2025-6563,MikroTik
CVE-2025-6565,Netgear
CVE-2025-6566,oatpp
CVE-2025-6567,Campcodes
CVE-2025-6568,TOTOLINK
CVE-2025-6569,code-projects
CVE-2025-6570,PHPGurukul
CVE-2025-6571,Axis Communications AB
CVE-2025-6573,Imagination Technologies
CVE-2025-6574,aonetheme
CVE-2025-6575,Dolusoft
CVE-2025-6577,Akilli Commerce Software Technologies Ltd. Co.
CVE-2025-6578,code-projects
CVE-2025-6579,code-projects
CVE-2025-6580,SourceCodester
CVE-2025-6581,SourceCodester
CVE-2025-6582,SourceCodester
CVE-2025-6583,SourceCodester
CVE-2025-6586,metagauss
CVE-2025-6587,Docker
CVE-2025-6588,funnelcockpit
CVE-2025-6589,Wikimedia Foundation
CVE-2025-6590,Wikimedia Foundation
CVE-2025-6591,Wikimedia Foundation
CVE-2025-6592,Wikimedia Foundation
CVE-2025-6593,Wikimedia Foundation
CVE-2025-6594,Wikimedia Foundation
CVE-2025-6595,Wikimedia Foundation
CVE-2025-6596,Wikimedia Foundation
CVE-2025-6597,Wikimedia Foundation
CVE-2025-6599,Zyxel
CVE-2025-6600,GitHub
CVE-2025-6601,GitLab
CVE-2025-6603,coldfunction
CVE-2025-6604,SourceCodester
CVE-2025-6605,SourceCodester
CVE-2025-6606,SourceCodester
CVE-2025-6607,SourceCodester
CVE-2025-6608,SourceCodester
CVE-2025-6609,SourceCodester
CVE-2025-6610,itsourcecode
CVE-2025-6611,code-projects
CVE-2025-6612,code-projects
CVE-2025-6613,PHPGurukul
CVE-2025-6614,D-Link
CVE-2025-6615,D-Link
CVE-2025-6616,D-Link
CVE-2025-6617,D-Link
CVE-2025-6618,TOTOLINK
CVE-2025-6619,TOTOLINK
CVE-2025-6620,TOTOLINK
CVE-2025-6621,TOTOLINK
CVE-2025-6625,Schneider Electric
CVE-2025-6626,shortpixel
CVE-2025-6627,TOTOLINK
CVE-2025-6631,Autodesk
CVE-2025-6632,Autodesk
CVE-2025-6633,Autodesk
CVE-2025-6634,Autodesk
CVE-2025-6635,Autodesk
CVE-2025-6636,Autodesk
CVE-2025-6637,Autodesk
CVE-2025-6638,huggingface
CVE-2025-6639,themeum
CVE-2025-6640,PDF-XChange
CVE-2025-6641,PDF-XChange
CVE-2025-6642,PDF-XChange
CVE-2025-6643,PDF-XChange
CVE-2025-6644,PDF-XChange
CVE-2025-6645,PDF-XChange
CVE-2025-6646,PDF-XChange
CVE-2025-6647,PDF-XChange
CVE-2025-6648,PDF-XChange
CVE-2025-6649,PDF-XChange
CVE-2025-6650,PDF-XChange
CVE-2025-6651,PDF-XChange
CVE-2025-6652,PDF-XChange
CVE-2025-6653,PDF-XChange
CVE-2025-6654,PDF-XChange
CVE-2025-6655,PDF-XChange
CVE-2025-6656,PDF-XChange
CVE-2025-6657,PDF-XChange
CVE-2025-6658,PDF-XChange
CVE-2025-6659,PDF-XChange
CVE-2025-6660,PDF-XChange
CVE-2025-6661,PDF-XChange
CVE-2025-6662,PDF-XChange
CVE-2025-6663,GStreamer
CVE-2025-6664,CodeAstro
CVE-2025-6665,code-projects
CVE-2025-6666,motogadget
CVE-2025-6667,code-projects
CVE-2025-6668,code-projects
CVE-2025-6669,gooaclok819
CVE-2025-6670,WSO2
CVE-2025-6673,nikelschubert
CVE-2025-6674,Drupal
CVE-2025-6675,Drupal
CVE-2025-6676,Drupal
CVE-2025-6677,Drupal
CVE-2025-6678,Autel
CVE-2025-6679,bitpressadmin
CVE-2025-6680,themeum
CVE-2025-6681,delower186
CVE-2025-6685,ATEN
CVE-2025-6686,rexdot
CVE-2025-6687,rexdot
CVE-2025-6688,idokd
CVE-2025-6689,armandofiore
CVE-2025-6690,archaeopath
CVE-2025-6691,brainstormforce
CVE-2025-6692,hanucodes
CVE-2025-6694,LabRedesCefetRJ
CVE-2025-6695,LabRedesCefetRJ
CVE-2025-6696,LabRedesCefetRJ
CVE-2025-6697,LabRedesCefetRJ
CVE-2025-6698,LabRedesCefetRJ
CVE-2025-6699,LabRedesCefetRJ
CVE-2025-6700,Xuxueli
CVE-2025-6701,Xuxueli
CVE-2025-6702,linlinjava
CVE-2025-6703,Mozilla
CVE-2025-6704,Sophos
CVE-2025-6705,Eclipse Foundation
CVE-2025-6706,MongoDB Inc
CVE-2025-6707,MongoDB Inc
CVE-2025-6709,MongoDB Inc
CVE-2025-6710,MongoDB Inc
CVE-2025-6711,MongoDB Inc
CVE-2025-6712,MongoDB Inc
CVE-2025-6713,MongoDB Inc
CVE-2025-6714,MongoDB Inc
CVE-2025-6716,contest-gallery
CVE-2025-6717,b1accounting
CVE-2025-6718,b1accounting
CVE-2025-6719,vladimirs
CVE-2025-6720,bandido
CVE-2025-6721,bandido
CVE-2025-6722,bitslip6
CVE-2025-6723,Progress Software
CVE-2025-6724,Progress Software
CVE-2025-6725,Progress Software
CVE-2025-6726,krasenslavov
CVE-2025-6729,qazomardok
CVE-2025-6730,amans2k
CVE-2025-6731,yzcheng90
CVE-2025-6732,UTT
CVE-2025-6733,UTT
CVE-2025-6734,UTT
CVE-2025-6735,juzaweb
CVE-2025-6736,juzaweb
CVE-2025-6737,Securden
CVE-2025-6738,huija
CVE-2025-6739,bauc
CVE-2025-6740,arshidkv12
CVE-2025-6741,Devolutions
CVE-2025-6742,brainstormforce
CVE-2025-6743,xTemos
CVE-2025-6744,xTemos
CVE-2025-6745,xTemos
CVE-2025-6746,xTemos
CVE-2025-6747,themefusion
CVE-2025-6748,Bharti Airtel
CVE-2025-6749,huija
CVE-2025-6751,Linksys
CVE-2025-6752,Linksys
CVE-2025-6753,huija
CVE-2025-6754,seometricsplugin
CVE-2025-6755,gameusers
CVE-2025-6756,themefic
CVE-2025-6757,themejunkie
CVE-2025-6758,imithemes
CVE-2025-6759,Citrix
CVE-2025-6761,Kingdee
CVE-2025-6762,diyhi
CVE-2025-6763,Comet System
CVE-2025-6765,Intelbras
CVE-2025-6766,sfturing
CVE-2025-6767,sfturing
CVE-2025-6768,sfturing
CVE-2025-6769,GitLab
CVE-2025-6770,Ivanti
CVE-2025-6771,Ivanti
CVE-2025-6772,eosphoros-ai
CVE-2025-6773,HKUDS
CVE-2025-6774,gooaclok819
CVE-2025-6775,xiaoyunjie
CVE-2025-6776,xiaoyunjie
CVE-2025-6777,code-projects
CVE-2025-6778,code-projects
CVE-2025-6779,Axis Communications AB
CVE-2025-6781,ryanfaber
CVE-2025-6782,optinlyhq
CVE-2025-6783,optinlyhq
CVE-2025-6784,tigroumeow
CVE-2025-6785,Tesla
CVE-2025-6786,antwerpes
CVE-2025-6787,ibachal
CVE-2025-6788,Schneider Electric
CVE-2025-6791,Centreon
CVE-2025-6792,amentotechpvtltd
CVE-2025-6793,Marvell
CVE-2025-6794,Marvell
CVE-2025-6795,Marvell
CVE-2025-6796,Marvell
CVE-2025-6797,Marvell
CVE-2025-6798,Marvell
CVE-2025-6799,Marvell
CVE-2025-6800,Marvell
CVE-2025-6801,Marvell
CVE-2025-6802,Marvell
CVE-2025-6803,Marvell
CVE-2025-6804,Marvell
CVE-2025-6805,Marvell
CVE-2025-6806,Marvell
CVE-2025-6807,Marvell
CVE-2025-6810,Mescius
CVE-2025-6811,Mescius
CVE-2025-6813,aapanel
CVE-2025-6814,dunskii
CVE-2025-6815,latepoint
CVE-2025-6819,code-projects
CVE-2025-6820,code-projects
CVE-2025-6821,code-projects
CVE-2025-6822,code-projects
CVE-2025-6823,code-projects
CVE-2025-6824,TOTOLINK
CVE-2025-6825,TOTOLINK
CVE-2025-6826,code-projects
CVE-2025-6827,code-projects
CVE-2025-6828,code-projects
CVE-2025-6829,aaluoxiang
CVE-2025-6830,Xpoda Türkiye Information Technology Inc.
CVE-2025-6831,wpeverest
CVE-2025-6832,codebangers
CVE-2025-6833,codebangers
CVE-2025-6834,code-projects
CVE-2025-6835,code-projects
CVE-2025-6836,code-projects
CVE-2025-6837,code-projects
CVE-2025-6838,apos37
CVE-2025-6839,Conjure
CVE-2025-6840,code-projects
CVE-2025-6841,code-projects
CVE-2025-6842,code-projects
CVE-2025-6843,code-projects
CVE-2025-6844,code-projects
CVE-2025-6845,code-projects
CVE-2025-6846,code-projects
CVE-2025-6847,code-projects
CVE-2025-6848,code-projects
CVE-2025-6849,code-projects
CVE-2025-6850,code-projects
CVE-2025-6851,apos37
CVE-2025-6853,chatchat-space
CVE-2025-6854,chatchat-space
CVE-2025-6855,chatchat-space
CVE-2025-6859,SourceCodester
CVE-2025-6860,SourceCodester
CVE-2025-6861,SourceCodester
CVE-2025-6862,SourceCodester
CVE-2025-6863,PHPGurukul
CVE-2025-6866,code-projects
CVE-2025-6867,SourceCodester
CVE-2025-6868,SourceCodester
CVE-2025-6869,SourceCodester
CVE-2025-6870,SourceCodester
CVE-2025-6871,SourceCodester
CVE-2025-6872,SourceCodester
CVE-2025-6873,SourceCodester
CVE-2025-6874,SourceCodester
CVE-2025-6875,SourceCodester
CVE-2025-6876,SourceCodester
CVE-2025-6877,SourceCodester
CVE-2025-6878,SourceCodester
CVE-2025-6879,SourceCodester
CVE-2025-6880,SourceCodester
CVE-2025-6881,D-Link
CVE-2025-6882,D-Link
CVE-2025-6883,code-projects
CVE-2025-6884,code-projects
CVE-2025-6885,PHPGurukul
CVE-2025-6886,Tenda
CVE-2025-6887,Tenda
CVE-2025-6888,PHPGurukul
CVE-2025-6889,code-projects
CVE-2025-6890,code-projects
CVE-2025-6891,code-projects
CVE-2025-6892,Moxa
CVE-2025-6893,Moxa
CVE-2025-6894,Moxa
CVE-2025-6895,melapress
CVE-2025-6896,D-Link
CVE-2025-6897,D-Link
CVE-2025-6898,D-Link
CVE-2025-6899,D-Link
CVE-2025-6900,code-projects
CVE-2025-6901,code-projects
CVE-2025-6902,code-projects
CVE-2025-6903,code-projects
CVE-2025-6904,code-projects
CVE-2025-6905,code-projects
CVE-2025-6906,code-projects
CVE-2025-6907,code-projects
CVE-2025-6908,PHPGurukul
CVE-2025-6909,PHPGurukul
CVE-2025-6910,PHPGurukul
CVE-2025-6911,PHPGurukul
CVE-2025-6912,PHPGurukul
CVE-2025-6913,PHPGurukul
CVE-2025-6914,PHPGurukul
CVE-2025-6915,PHPGurukul
CVE-2025-6916,TOTOLINK
CVE-2025-6917,code-projects
CVE-2025-6918,Ncvav
CVE-2025-6919,Cats Information Technology Software Development Technologies
CVE-2025-6920,Red Hat
CVE-2025-6921,huggingface
CVE-2025-6923,Talent Software
CVE-2025-6924,Talent Software
CVE-2025-6925,Dromara
CVE-2025-6926,Wikimedia Foundation
CVE-2025-6927,Wikimedia Foundation
CVE-2025-6929,PHPGurukul
CVE-2025-6930,PHPGurukul
CVE-2025-6931,D-Link
CVE-2025-6932,D-Link
CVE-2025-6934,wpopal
CVE-2025-6935,Campcodes
CVE-2025-6936,code-projects
CVE-2025-6937,code-projects
CVE-2025-6938,code-projects
CVE-2025-6939,TOTOLINK
CVE-2025-6940,TOTOLINK
CVE-2025-6941,latepoint
CVE-2025-6942,Delinea
CVE-2025-6943,Delinea
CVE-2025-6944,undsgn
CVE-2025-6945,GitLab
CVE-2025-6946,WatchGuard
CVE-2025-6947,WatchGuard
CVE-2025-6948,GitLab
CVE-2025-6949,Moxa
CVE-2025-6950,Moxa
CVE-2025-6951,SAFECAM
CVE-2025-6953,TOTOLINK
CVE-2025-6954,Campcodes
CVE-2025-6955,Campcodes
CVE-2025-6956,Campcodes
CVE-2025-6957,Campcodes
CVE-2025-6958,Campcodes
CVE-2025-6959,Campcodes
CVE-2025-6960,Campcodes
CVE-2025-6961,Campcodes
CVE-2025-6962,Campcodes
CVE-2025-6963,Campcodes
CVE-2025-6965,SQLite
CVE-2025-6966,Canonical
CVE-2025-6967,Sarman Soft Software and Technology Services Industry and Trade Ltd. Co.
CVE-2025-6969,OpenHarmony
CVE-2025-6970,netweblogic
CVE-2025-6971,Dassault Systèmes
CVE-2025-6972,Dassault Systèmes
CVE-2025-6973,Dassault Systèmes
CVE-2025-6974,Dassault Systèmes
CVE-2025-6975,netweblogic
CVE-2025-6976,netweblogic
CVE-2025-6977,metagauss
CVE-2025-6978,Arista Networks
CVE-2025-6979,Arista Networks
CVE-2025-6980,Arista Networks
CVE-2025-6981,GitHub
CVE-2025-6982,TP-Link Systems Inc.
CVE-2025-6983,TP-Link System Inc.
CVE-2025-6984,langchain-ai
CVE-2025-6985,langchain-ai
CVE-2025-6986,ninjateam
CVE-2025-6987,mdempfle
CVE-2025-6988,hogash
CVE-2025-6989,hogash
CVE-2025-6990,hogash
CVE-2025-6991,hogash
CVE-2025-6993,rustaurius
CVE-2025-6994,SmartDataSoft
CVE-2025-6995,Ivanti
CVE-2025-6996,Ivanti
CVE-2025-6997,ThemeREX
CVE-2025-6998,Autocaliweb
CVE-2025-6998,Calibre Web
CVE-2025-6999,WatchGuard
CVE-2025-7000,GitLab
CVE-2025-7001,GitLab
CVE-2025-7002,Gen Digital
CVE-2025-7003,Gen Digital
CVE-2025-7004,Gen Digital
CVE-2025-7005,Gen Digital
CVE-2025-7006,Gen Digital
CVE-2025-7007,Avast
CVE-2025-7008,Gen Digital
CVE-2025-7009,Gen Digital
CVE-2025-7010,Gen Digital
CVE-2025-7011,Gen Digital
CVE-2025-7012,Cato Networks
CVE-2025-7013,QR Menu Pro Smart Menu Systems
CVE-2025-7014,QR Menu Pro Smart Menu Systems
CVE-2025-7015,Akın Software Computer Import Export Industry and Trade Ltd.
CVE-2025-7016,Akın Software Computer Import Export Industry and Trade Ltd.
CVE-2025-7017,Gen Digital
CVE-2025-7018,Gen Digital
CVE-2025-7019,Gen Digital
CVE-2025-7020,BYD
CVE-2025-7021,OpenAI
CVE-2025-7024,AIRBUS
CVE-2025-7025,Rockwell Automation
CVE-2025-7026,GIGABYTE
CVE-2025-7027,GIGABYTE
CVE-2025-7028,GIGABYTE
CVE-2025-7029,GIGABYTE
CVE-2025-7030,Drupal
CVE-2025-7031,Drupal
CVE-2025-7032,Rockwell Automation
CVE-2025-7033,Rockwell Automation
CVE-2025-7035,dglingren
CVE-2025-7036,cleverreach43
CVE-2025-7037,Ivanti
CVE-2025-7038,latepoint
CVE-2025-7039,Red Hat
CVE-2025-7040,cloudinfrastructureservices
CVE-2025-7042,Dassault Systèmes
CVE-2025-7044,Ubuntu
CVE-2025-7045,cloudinfrastructureservices
CVE-2025-7046,dotrex
CVE-2025-7047,Utarit Informatics Services Inc.
CVE-2025-7048,Arista Networks
CVE-2025-7049,dasinfomedia
CVE-2025-7050,WP Cloud Plugins/_deleeuw_
CVE-2025-7051,N-able
CVE-2025-7052,latepoint
CVE-2025-7054,Cloudflare
CVE-2025-7056,Wikimedia Foundation
CVE-2025-7057,Wikimedia Foundation
CVE-2025-7058,sparklewpthemes
CVE-2025-7059,jdegayojr
CVE-2025-7061,Intelbras
CVE-2025-7063,Polska Akademia Dostępności
CVE-2025-7064,ABB
CVE-2025-7065,Polska Akademia Dostępności
CVE-2025-7066,Jirafeau project
CVE-2025-7070,IROAD
CVE-2025-7071,Oberon microsystems AG
CVE-2025-7072,KAON
CVE-2025-7073,Bitdefender
CVE-2025-7074,vercel
CVE-2025-7075,BlackVue
CVE-2025-7076,BlackVue
CVE-2025-7077,Shenzhen Libituo Technology
CVE-2025-7079,mao888
CVE-2025-7080,Done-0
CVE-2025-7081,Belkin
CVE-2025-7082,Belkin
CVE-2025-7083,Belkin
CVE-2025-7084,Belkin
CVE-2025-7085,Belkin
CVE-2025-7086,Belkin
CVE-2025-7087,Belkin
CVE-2025-7088,Belkin
CVE-2025-7089,Belkin
CVE-2025-7090,Belkin
CVE-2025-7091,Belkin
CVE-2025-7092,Belkin
CVE-2025-7093,Belkin
CVE-2025-7094,Belkin
CVE-2025-7095,Comodo
CVE-2025-7096,Comodo
CVE-2025-7097,Comodo
CVE-2025-7098,Comodo
CVE-2025-7104,danny-avila
CVE-2025-7105,danny-avila
CVE-2025-7106,danny-avila
CVE-2025-7107,SimStudioAI
CVE-2025-7108,risesoft-y9
CVE-2025-7109,Portabilis
CVE-2025-7110,Portabilis
CVE-2025-7111,Portabilis
CVE-2025-7112,Portabilis
CVE-2025-7113,Portabilis
CVE-2025-7114,SimStudioAI
CVE-2025-7115,rowboatlabs
CVE-2025-7116,UTT
CVE-2025-7117,UTT
CVE-2025-7118,UTT
CVE-2025-7119,Campcodes
CVE-2025-7120,Campcodes
CVE-2025-7121,Campcodes
CVE-2025-7122,Campcodes
CVE-2025-7123,Campcodes
CVE-2025-7124,code-projects
CVE-2025-7125,itsourcecode
CVE-2025-7126,itsourcecode
CVE-2025-7127,itsourcecode
CVE-2025-7128,Campcodes
CVE-2025-7129,Campcodes
CVE-2025-7130,Campcodes
CVE-2025-7131,Campcodes
CVE-2025-7132,Campcodes
CVE-2025-7133,CodeAstro
CVE-2025-7134,Campcodes
CVE-2025-7135,Campcodes
CVE-2025-7136,Campcodes
CVE-2025-7137,SourceCodester
CVE-2025-7138,SourceCodester
CVE-2025-7139,SourceCodester
CVE-2025-7140,SourceCodester
CVE-2025-7141,SourceCodester
CVE-2025-7142,SourceCodester
CVE-2025-7143,SourceCodester
CVE-2025-7144,SourceCodester
CVE-2025-7145,TeamT5
CVE-2025-7146,Jhenggao
CVE-2025-7147,CodeAstro
CVE-2025-7148,CodeAstro
CVE-2025-7149,Campcodes
CVE-2025-7150,Campcodes
CVE-2025-7151,Campcodes
CVE-2025-7152,Campcodes
CVE-2025-7153,CodeAstro
CVE-2025-7154,TOTOLINK
CVE-2025-7155,PHPGurukul
CVE-2025-7156,hitsz-ids
CVE-2025-7157,code-projects
CVE-2025-7158,PHPGurukul
CVE-2025-7159,PHPGurukul
CVE-2025-7160,PHPGurukul
CVE-2025-7161,PHPGurukul
CVE-2025-7162,PHPGurukul
CVE-2025-7163,PHPGurukul
CVE-2025-7164,Campcodes
CVE-2025-7164,PHPGurukul
CVE-2025-7165,Campcodes
CVE-2025-7165,PHPGurukul
CVE-2025-7166,code-projects
CVE-2025-7167,code-projects
CVE-2025-7168,code-projects
CVE-2025-7169,code-projects
CVE-2025-7170,code-projects
CVE-2025-7171,code-projects
CVE-2025-7172,code-projects
CVE-2025-7173,code-projects
CVE-2025-7174,code-projects
CVE-2025-7175,code-projects
CVE-2025-7176,PHPGurukul
CVE-2025-7177,PHPGurukul
CVE-2025-7178,code-projects
CVE-2025-7179,code-projects
CVE-2025-7180,code-projects
CVE-2025-7181,code-projects
CVE-2025-7182,itsourcecode
CVE-2025-7183,Campcodes
CVE-2025-7184,code-projects
CVE-2025-7185,code-projects
CVE-2025-7186,code-projects
CVE-2025-7187,code-projects
CVE-2025-7188,code-projects
CVE-2025-7189,code-projects
CVE-2025-7190,code-projects
CVE-2025-7191,code-projects
CVE-2025-7192,D-Link
CVE-2025-7193,itsourcecode
CVE-2025-7194,D-Link
CVE-2025-7195,operator-framework
CVE-2025-7195,Red Hat
CVE-2025-7196,code-projects
CVE-2025-7197,code-projects
CVE-2025-7198,code-projects
CVE-2025-7199,code-projects
CVE-2025-7200,krishna9772
CVE-2025-7202,Elgato
CVE-2025-7204,ConnectWise
CVE-2025-7205,stellarwp
CVE-2025-7206,D-Link
CVE-2025-7208,9fans
CVE-2025-7209,9fans
CVE-2025-7210,code-projects
CVE-2025-7210,Fabian Ros
CVE-2025-7211,code-projects
CVE-2025-7212,itsourcecode
CVE-2025-7213,FNKvision
CVE-2025-7214,FNKvision
CVE-2025-7215,FNKvision
CVE-2025-7216,lty628
CVE-2025-7217,Campcodes
CVE-2025-7218,Campcodes
CVE-2025-7219,Campcodes
CVE-2025-7220,Campcodes
CVE-2025-7221,stellarwp
CVE-2025-7222,Luxion
CVE-2025-7223,INVT
CVE-2025-7224,INVT
CVE-2025-7225,INVT
CVE-2025-7226,INVT
CVE-2025-7227,INVT
CVE-2025-7228,INVT
CVE-2025-7229,INVT
CVE-2025-7230,INVT
CVE-2025-7231,INVT
CVE-2025-7233,IrfanView
CVE-2025-7234,IrfanView
CVE-2025-7235,IrfanView
CVE-2025-7236,IrfanView
CVE-2025-7237,IrfanView
CVE-2025-7238,IrfanView
CVE-2025-7239,IrfanView
CVE-2025-7240,IrfanView
CVE-2025-7241,IrfanView
CVE-2025-7242,IrfanView
CVE-2025-7243,IrfanView
CVE-2025-7244,IrfanView
CVE-2025-7246,IrfanView
CVE-2025-7247,IrfanView
CVE-2025-7248,IrfanView
CVE-2025-7249,IrfanView
CVE-2025-7250,IrfanView
CVE-2025-7251,IrfanView
CVE-2025-7252,IrfanView
CVE-2025-7253,IrfanView
CVE-2025-7254,IrfanView
CVE-2025-7255,IrfanView
CVE-2025-7256,IrfanView
CVE-2025-7257,IrfanView
CVE-2025-7258,IrfanView
CVE-2025-7259,MongoDB Inc
CVE-2025-7260,IrfanView
CVE-2025-7261,IrfanView
CVE-2025-7262,IrfanView
CVE-2025-7263,IrfanView
CVE-2025-7264,IrfanView
CVE-2025-7265,IrfanView
CVE-2025-7266,IrfanView
CVE-2025-7267,IrfanView
CVE-2025-7268,IrfanView
CVE-2025-7269,IrfanView
CVE-2025-7270,IrfanView
CVE-2025-7271,IrfanView
CVE-2025-7272,IrfanView
CVE-2025-7273,IrfanView
CVE-2025-7274,IrfanView
CVE-2025-7275,IrfanView
CVE-2025-7276,IrfanView
CVE-2025-7277,IrfanView
CVE-2025-7278,IrfanView
CVE-2025-7279,IrfanView
CVE-2025-7280,IrfanView
CVE-2025-7281,IrfanView
CVE-2025-7282,IrfanView
CVE-2025-7283,IrfanView
CVE-2025-7284,IrfanView
CVE-2025-7285,IrfanView
CVE-2025-7286,IrfanView
CVE-2025-7287,IrfanView
CVE-2025-7288,IrfanView
CVE-2025-7289,IrfanView
CVE-2025-7290,IrfanView
CVE-2025-7291,IrfanView
CVE-2025-7292,IrfanView
CVE-2025-7293,IrfanView
CVE-2025-7294,IrfanView
CVE-2025-7295,IrfanView
CVE-2025-7296,IrfanView
CVE-2025-7297,IrfanView
CVE-2025-7298,IrfanView
CVE-2025-7299,IrfanView
CVE-2025-7300,IrfanView
CVE-2025-7301,IrfanView
CVE-2025-7302,IrfanView
CVE-2025-7303,IrfanView
CVE-2025-7304,IrfanView
CVE-2025-7305,IrfanView
CVE-2025-7306,IrfanView
CVE-2025-7307,IrfanView
CVE-2025-7308,IrfanView
CVE-2025-7309,IrfanView
CVE-2025-7310,IrfanView
CVE-2025-7311,IrfanView
CVE-2025-7312,IrfanView
CVE-2025-7313,IrfanView
CVE-2025-7314,IrfanView
CVE-2025-7315,IrfanView
CVE-2025-7316,IrfanView
CVE-2025-7317,IrfanView
CVE-2025-7318,IrfanView
CVE-2025-7319,IrfanView
CVE-2025-7320,IrfanView
CVE-2025-7321,IrfanView
CVE-2025-7322,IrfanView
CVE-2025-7323,IrfanView
CVE-2025-7324,IrfanView
CVE-2025-7325,IrfanView
CVE-2025-7326,Microsoft
CVE-2025-7327,techlabpro1
CVE-2025-7328,Rockwell Automation
CVE-2025-7329,Rockwell Automation
CVE-2025-7330,Rockwell Automation
CVE-2025-7337,GitLab
CVE-2025-7338,expressjs
CVE-2025-7339,jshttp
CVE-2025-7340,htplugins
CVE-2025-7341,htplugins
CVE-2025-7342,Kubernetes
CVE-2025-7343,Digiwin
CVE-2025-7344,Digiwin
CVE-2025-7345,Red Hat
CVE-2025-7346,Pyload
CVE-2025-7347,Dinibh Puzzle Software Solutions
CVE-2025-7350,Rockwell Automation
CVE-2025-7353,Rockwell Automation
CVE-2025-7354,gn_themes
CVE-2025-7355,Beefull Energy Technologies
CVE-2025-7357,LITEON
CVE-2025-7358,Utarit Informatics Services Inc.
CVE-2025-7359,danielriera
CVE-2025-7360,htplugins
CVE-2025-7361,NI
CVE-2025-7362,Wikimedia Foundation
CVE-2025-7363,Wikimedia Foundation
CVE-2025-7365,Red Hat
CVE-2025-7366,sizam
CVE-2025-7367,wpchill
CVE-2025-7368,sizam
CVE-2025-7369,gn_themes
CVE-2025-7371,Okta
CVE-2025-7375,TP-Link Systems Inc.
CVE-2025-7376,Mitsubishi Electric Corporation
CVE-2025-7376,Mitsubishi Electric Iconics Digital Solutions
CVE-2025-7378,ASUSTOR
CVE-2025-7379,ASUSTOR
CVE-2025-7380,ASUSTOR
CVE-2025-7381,mautic
CVE-2025-7382,Sophos
CVE-2025-7383,Oberon microsystems AG
CVE-2025-7384,crmperks
CVE-2025-7385,Concept Intermedia
CVE-2025-7386,Hitachi
CVE-2025-7387,lanacodes
CVE-2025-7388,Progress Software Corporation
CVE-2025-7389,Progress Software Corporation
CVE-2025-7390,Softing
CVE-2025-7392,Drupal
CVE-2025-7393,Drupal
CVE-2025-7394,wolfSSL
CVE-2025-7395,wolfSSL
CVE-2025-7396,wolfSSL
CVE-2025-7397,Broadcom
CVE-2025-7398,Broadcom
CVE-2025-7399,MuffinGroup
CVE-2025-7400,marceljm
CVE-2025-7401,aa-team
CVE-2025-7402,scripteo
CVE-2025-7403,zephyrproject-rtos
CVE-2025-7404,Autocaliweb
CVE-2025-7404,Calibre Web
CVE-2025-7405,Mitsubishi Electric Corporation
CVE-2025-7406,Nokia
CVE-2025-7407,Netgear
CVE-2025-7408,SourceCodester
CVE-2025-7409,code-projects
CVE-2025-7410,code-projects
CVE-2025-7411,code-projects
CVE-2025-7412,code-projects
CVE-2025-7413,code-projects
CVE-2025-7414,Tenda
CVE-2025-7415,Tenda
CVE-2025-7416,Tenda
CVE-2025-7417,Tenda
CVE-2025-7418,Tenda
CVE-2025-7419,Tenda
CVE-2025-7420,Tenda
CVE-2025-7421,Tenda
CVE-2025-7422,Tenda
CVE-2025-7423,Tenda
CVE-2025-7424,GNOME
CVE-2025-7424,Red Hat
CVE-2025-7425,GNOME
CVE-2025-7425,Red Hat
CVE-2025-7426,MINOVA Information Services GmbH
CVE-2025-7427,Arm
CVE-2025-7429,Zohocorp
CVE-2025-7430,Zohocorp
CVE-2025-7431,ajay
CVE-2025-7432,silabs.com
CVE-2025-7433,Sophos
CVE-2025-7434,Tenda
CVE-2025-7435,LiveHelperChat
CVE-2025-7436,Campcodes
CVE-2025-7437,motovnet
CVE-2025-7438,StylemixThemes
CVE-2025-7439,yeashir
CVE-2025-7440,yeashir
CVE-2025-7441,storychief
CVE-2025-7442,dasinfomedia
CVE-2025-7443,berqwp
CVE-2025-7444,LoginPress
CVE-2025-7445,Kubernetes
CVE-2025-7448,silabs.com
CVE-2025-7449,GitLab
CVE-2025-7450,letseeqiji
CVE-2025-7451,Hgiga
CVE-2025-7452,kone-net
CVE-2025-7453,saltbo
CVE-2025-7454,Campcodes
CVE-2025-7455,Campcodes
CVE-2025-7456,Campcodes
CVE-2025-7457,Campcodes
CVE-2025-7458,SQLite
CVE-2025-7459,code-projects
CVE-2025-7460,TOTOLINK
CVE-2025-7461,code-projects
CVE-2025-7462,Artifex
CVE-2025-7463,Tenda
CVE-2025-7464,osrg
CVE-2025-7465,Tenda
CVE-2025-7466,1000projects
CVE-2025-7467,code-projects
CVE-2025-7468,Tenda
CVE-2025-7469,Campcodes
CVE-2025-7470,Campcodes
CVE-2025-7471,code-projects
CVE-2025-7472,Sophos
CVE-2025-7473,Zohocorp
CVE-2025-7474,code-projects
CVE-2025-7475,code-projects
CVE-2025-7476,code-projects
CVE-2025-7477,code-projects
CVE-2025-7478,code-projects
CVE-2025-7479,PHPGurukul
CVE-2025-7480,PHPGurukul
CVE-2025-7481,PHPGurukul
CVE-2025-7482,PHPGurukul
CVE-2025-7483,PHPGurukul
CVE-2025-7484,PHPGurukul
CVE-2025-7486,motovnet
CVE-2025-7487,JoeyBling
CVE-2025-7488,JoeyBling
CVE-2025-7489,PHPGurukul
CVE-2025-7490,PHPGurukul
CVE-2025-7491,PHPGurukul
CVE-2025-7492,PHPGurukul
CVE-2025-7493,Red Hat
CVE-2025-7495,cbutlerjr
CVE-2025-7496,wpclever
CVE-2025-7497,Autodesk
CVE-2025-7498,timstrifler
CVE-2025-7499,wpdevteam
CVE-2025-7500,oceanwp
CVE-2025-7501,wonderplugin
CVE-2025-7502,wpbakery
CVE-2025-7503,Shenzhen Liandian Communication Technology LTD
CVE-2025-7504,akirk
CVE-2025-7505,Tenda
CVE-2025-7506,Tenda
CVE-2025-7507,elinkcontent
CVE-2025-7508,code-projects
CVE-2025-7509,code-projects
CVE-2025-7510,code-projects
CVE-2025-7511,code-projects
CVE-2025-7512,code-projects
CVE-2025-7513,code-projects
CVE-2025-7514,code-projects
CVE-2025-7515,code-projects
CVE-2025-7516,code-projects
CVE-2025-7517,code-projects
CVE-2025-7518,rsjoomla
CVE-2025-7519,Red Hat
CVE-2025-7520,PHPGurukul
CVE-2025-7521,PHPGurukul
CVE-2025-7522,PHPGurukul
CVE-2025-7523,Jinher
CVE-2025-7524,TOTOLINK
CVE-2025-7525,TOTOLINK
CVE-2025-7526,wptravelengine
CVE-2025-7527,Tenda
CVE-2025-7528,Tenda
CVE-2025-7529,Tenda
CVE-2025-7530,Tenda
CVE-2025-7531,Tenda
CVE-2025-7532,Tenda
CVE-2025-7533,code-projects
CVE-2025-7534,PHPGurukul
CVE-2025-7535,Campcodes
CVE-2025-7536,Campcodes
CVE-2025-7537,Campcodes
CVE-2025-7538,Campcodes
CVE-2025-7539,code-projects
CVE-2025-7540,code-projects
CVE-2025-7541,code-projects
CVE-2025-7542,PHPGurukul
CVE-2025-7543,PHPGurukul
CVE-2025-7544,Tenda
CVE-2025-7545,GNU
CVE-2025-7546,GNU
CVE-2025-7547,Campcodes
CVE-2025-7548,Tenda
CVE-2025-7549,Tenda
CVE-2025-7550,Tenda
CVE-2025-7551,Tenda
CVE-2025-7552,Dromara
CVE-2025-7553,D-Link
CVE-2025-7554,Sapido
CVE-2025-7555,code-projects
CVE-2025-7556,code-projects
CVE-2025-7557,code-projects
CVE-2025-7558,code-projects
CVE-2025-7559,PHPGurukul
CVE-2025-7560,PHPGurukul
CVE-2025-7561,PHPGurukul
CVE-2025-7562,PHPGurukul
CVE-2025-7563,PHPGurukul
CVE-2025-7564,LB-LINK
CVE-2025-7565,LB-LINK
CVE-2025-7568,qianfox
CVE-2025-7569,Bigotry
CVE-2025-7570,UTT
CVE-2025-7571,UTT
CVE-2025-7572,LB-LINK
CVE-2025-7573,LB-LINK
CVE-2025-7574,LB-LINK
CVE-2025-7575,Zavy86
CVE-2025-7576,Teledyne
CVE-2025-7577,Teledyne
CVE-2025-7578,Teledyne
CVE-2025-7580,code-projects
CVE-2025-7581,code-projects
CVE-2025-7582,PHPGurukul
CVE-2025-7583,PHPGurukul
CVE-2025-7584,PHPGurukul
CVE-2025-7585,PHPGurukul
CVE-2025-7586,Tenda
CVE-2025-7587,code-projects
CVE-2025-7588,PHPGurukul
CVE-2025-7589,PHPGurukul
CVE-2025-7590,PHPGurukul
CVE-2025-7591,PHPGurukul
CVE-2025-7592,PHPGurukul
CVE-2025-7593,code-projects
CVE-2025-7594,code-projects
CVE-2025-7595,code-projects
CVE-2025-7596,Tenda
CVE-2025-7597,Tenda
CVE-2025-7598,Tenda
CVE-2025-7599,PHPGurukul
CVE-2025-7600,PHPGurukul
CVE-2025-7601,PHPGurukul
CVE-2025-7602,D-Link
CVE-2025-7603,D-Link
CVE-2025-7604,PHPGurukul
CVE-2025-7605,code-projects
CVE-2025-7606,code-projects
CVE-2025-7607,code-projects
CVE-2025-7608,code-projects
CVE-2025-7609,code-projects
CVE-2025-7610,code-projects
CVE-2025-7611,code-projects
CVE-2025-7612,code-projects
CVE-2025-7613,TOTOLINK
CVE-2025-7614,TOTOLINK
CVE-2025-7615,TOTOLINK
CVE-2025-7616,gmg137
CVE-2025-7618,ASUSTOR
CVE-2025-7619,WellChoose
CVE-2025-7620,DSIC
CVE-2025-7622,Axis Communications AB
CVE-2025-7623,SMCI
CVE-2025-7624,Sophos
CVE-2025-7625,YiJiuSmile
CVE-2025-7626,YiJiuSmile
CVE-2025-7627,YiJiuSmile
CVE-2025-7628,YiJiuSmile
CVE-2025-7630,Doruk Communication and Automation Industry and Trade Inc.
CVE-2025-7631,Tumeva Internet Technologies Software Information Advertising and Consulting Services Trade Ltd. Co.
CVE-2025-7632,Zohocorp
CVE-2025-7633,Zohocorp
CVE-2025-7634,wptravelengine
CVE-2025-7635,Calix
CVE-2025-7636,Ergosis Security Systems Computer Industry and Trade Inc.
CVE-2025-7638,wpmudev
CVE-2025-7639,AVEVA
CVE-2025-7640,den-media
CVE-2025-7641,48hmorris
CVE-2025-7642,simplercheckout
CVE-2025-7643,aaroncampbell
CVE-2025-7644,bdthemes
CVE-2025-7645,htplugins
CVE-2025-7646,posimyththemes
CVE-2025-7647,run-llama
CVE-2025-7648,ruven-themes
CVE-2025-7649,surbma
CVE-2025-7650,setriosoft
CVE-2025-7651,earnware
CVE-2025-7652,ndiego
CVE-2025-7653,vloo
CVE-2025-7654,amans2k
CVE-2025-7655,tkrivickas
CVE-2025-7656,Google
CVE-2025-7657,Google
CVE-2025-7658,codents
CVE-2025-7659,GitLab
CVE-2025-7660,lewisking0072
CVE-2025-7661,maxomatos
CVE-2025-7662,evigeo
CVE-2025-7663,ovatheme
CVE-2025-7664,loword
CVE-2025-7665,cyberlord92
CVE-2025-7667,josxha
CVE-2025-7668,timothyja
CVE-2025-7669,avishika
CVE-2025-7670,skatox
CVE-2025-7672,JiranSoft
CVE-2025-7673,Zyxel
CVE-2025-7674,Roche Diagnostics
CVE-2025-7675,Autodesk
CVE-2025-7676,"Microsoft, Inc"
CVE-2025-7677,ABB
CVE-2025-7679,ABB
CVE-2025-7683,janyksteenbeek
CVE-2025-7684,remysharp
CVE-2025-7685,sflack
CVE-2025-7686,lmyoaoa
CVE-2025-7687,anop-goswami
CVE-2025-7688,jason-lau
CVE-2025-7689,themefic
CVE-2025-7690,mindnl
CVE-2025-7691,GitLab
CVE-2025-7692,gsayed786
CVE-2025-7693,Rockwell Automation
CVE-2025-7694,WofficeIO
CVE-2025-7695,alexacrm
CVE-2025-7696,crmperks
CVE-2025-7697,crmperks
CVE-2025-7698,Canon Inc.
CVE-2025-7699,ASUSTOR
CVE-2025-7702,Pusula Communication Information Internet Industry and Trade Ltd. Co.
CVE-2025-7703,TECNO
CVE-2025-7704,SMCI
CVE-2025-7705,ABB
CVE-2025-7706,TUBITAK BILGEM Software Technologies Research Institute
CVE-2025-7707,run-llama
CVE-2025-7708,Atlas Educational Software Industry Ltd. Co.
CVE-2025-7709,SQLite
CVE-2025-7710,Brave
CVE-2025-7711,techlabpro1
CVE-2025-7712,MangaBooth
CVE-2025-7713,Global Interactive Design Media Software Inc.
CVE-2025-7714,Global Interactive Design Media Software Inc.
CVE-2025-7715,Drupal
CVE-2025-7716,Drupal
CVE-2025-7717,Drupal
CVE-2025-7718,pixel_prime
CVE-2025-7719,GE Vernova
CVE-2025-7721,beardev
CVE-2025-7722,steverio
CVE-2025-7723,TP-Link Systems Inc.
CVE-2025-7724,TP-Link Systems Inc.
CVE-2025-7725,contest-gallery
CVE-2025-7726,Dream-Theme
CVE-2025-7727,jegstudio
CVE-2025-7730,boldthemes
CVE-2025-7731,Mitsubishi Electric Corporation
CVE-2025-7732,kevinweber
CVE-2025-7734,GitLab
CVE-2025-7735,UNIMAX
CVE-2025-7736,GitLab
CVE-2025-7737,Hitachi
CVE-2025-7738,Ansible
CVE-2025-7738,Red Hat
CVE-2025-7739,GitLab
CVE-2025-7740,Hitachi Energy
CVE-2025-7741,Yokogawa Electric Corporation
CVE-2025-7742,LG Innotek
CVE-2025-7743,Dolusoft
CVE-2025-7744,Dolusoft
CVE-2025-7745,ABB
CVE-2025-7746,Schneider Electric
CVE-2025-7747,Tenda
CVE-2025-7749,code-projects
CVE-2025-7750,code-projects
CVE-2025-7751,code-projects
CVE-2025-7752,code-projects
CVE-2025-7753,code-projects
CVE-2025-7754,code-projects
CVE-2025-7755,code-projects
CVE-2025-7756,code-projects
CVE-2025-7757,PHPGurukul
CVE-2025-7758,TOTOLINK
CVE-2025-7759,thinkgem
CVE-2025-7760,Ofisimo Web-Based Software Technologies
CVE-2025-7761,Akcess-Net
CVE-2025-7762,D-Link
CVE-2025-7763,thinkgem
CVE-2025-7764,code-projects
CVE-2025-7765,code-projects
CVE-2025-7766,Lantronix
CVE-2025-7767,PHPGurukul
CVE-2025-7768,Tigo Energy
CVE-2025-7769,Tigo Energy
CVE-2025-7770,Tigo Energy
CVE-2025-7771,TechPowerUp
CVE-2025-7772,malcure
CVE-2025-7773,Rockwell Automation
CVE-2025-7774,Rockwell Automation
CVE-2025-7775,NetScaler
CVE-2025-7776,NetScaler
CVE-2025-7777,Red Hat
CVE-2025-7778,artkrylov
CVE-2025-7779,Acronis
CVE-2025-7780,tigroumeow
CVE-2025-7784,Red Hat
CVE-2025-7785,thinkgem
CVE-2025-7786,Gnuboard
CVE-2025-7787,Xuxueli
CVE-2025-7788,Xuxueli
CVE-2025-7789,Xuxueli
CVE-2025-7790,D-Link
CVE-2025-7791,PHPGurukul
CVE-2025-7792,Tenda
CVE-2025-7793,Tenda
CVE-2025-7794,Tenda
CVE-2025-7795,Tenda
CVE-2025-7796,Tenda
CVE-2025-7798,Beijing Shenzhou Shihan Technology
CVE-2025-7799,Zirve Information Technologies Inc.
CVE-2025-7800,cgpandey
CVE-2025-7801,BossSoft
CVE-2025-7802,PHPGurukul
CVE-2025-7803,descreekert
CVE-2025-7805,Tenda
CVE-2025-7806,Tenda
CVE-2025-7807,Tenda
CVE-2025-7809,streamweasels
CVE-2025-7810,streamweasels
CVE-2025-7811,streamweasels
CVE-2025-7812,videowhisper
CVE-2025-7813,arraytics
CVE-2025-7814,code-projects
CVE-2025-7815,PHPGurukul
CVE-2025-7816,PHPGurukul
CVE-2025-7817,PHPGurukul
CVE-2025-7818,PHPGurukul
CVE-2025-7819,PHPGurukul
CVE-2025-7820,sonalsinha21
CVE-2025-7821,wcplus
CVE-2025-7822,alexalouit
CVE-2025-7823,Jinher
CVE-2025-7824,Jinher
CVE-2025-7825,wpt00ls
CVE-2025-7826,laki_patel
CVE-2025-7827,anzia
CVE-2025-7828,evigeo
CVE-2025-7829,code-projects
CVE-2025-7830,code-projects
CVE-2025-7831,code-projects
CVE-2025-7832,code-projects
CVE-2025-7833,code-projects
CVE-2025-7834,PHPGurukul
CVE-2025-7835,gerkin
CVE-2025-7836,D-Link
CVE-2025-7837,TOTOLINK
CVE-2025-7838,Campcodes
CVE-2025-7839,pokornydavid
CVE-2025-7840,Campcodes
CVE-2025-7841,sertifier
CVE-2025-7842,silence
CVE-2025-7843,fernandiez
CVE-2025-7844,wolfSSL Inc.
CVE-2025-7845,jetmonsters
CVE-2025-7846,vanquish
CVE-2025-7847,tigroumeow
CVE-2025-7848,NI
CVE-2025-7849,NI
CVE-2025-7850,TP-Link Systems Inc.
CVE-2025-7851,TP-Link Systems Inc.
CVE-2025-7852,iqonicdesign
CVE-2025-7853,Tenda
CVE-2025-7854,Tenda
CVE-2025-7855,Tenda
CVE-2025-7856,PHPGurukul
CVE-2025-7857,PHPGurukul
CVE-2025-7858,PHPGurukul
CVE-2025-7859,code-projects
CVE-2025-7860,code-projects
CVE-2025-7861,code-projects
CVE-2025-7862,TOTOLINK
CVE-2025-7863,thinkgem
CVE-2025-7864,thinkgem
CVE-2025-7865,thinkgem
CVE-2025-7866,Portabilis
CVE-2025-7867,Portabilis
CVE-2025-7868,Portabilis
CVE-2025-7869,Portabilis
CVE-2025-7870,Portabilis
CVE-2025-7871,Portabilis
CVE-2025-7872,Portabilis
CVE-2025-7873,Metasoft 美特软件
CVE-2025-7874,Metasoft 美特软件
CVE-2025-7875,Metasoft 美特软件
CVE-2025-7876,Metasoft 美特软件
CVE-2025-7877,Metasoft 美特软件
CVE-2025-7878,Metasoft 美特软件
CVE-2025-7879,Metasoft 美特软件
CVE-2025-7880,Metasoft 美特软件
CVE-2025-7881,Mercusys
CVE-2025-7882,Mercusys
CVE-2025-7883,Eluktronics
CVE-2025-7884,Eluktronics
CVE-2025-7885,Huashengdun
CVE-2025-7886,pmTicket
CVE-2025-7887,Zavy86
CVE-2025-7888,TDuckCloud
CVE-2025-7889,CallApp
CVE-2025-7890,Dunamu
CVE-2025-7891,InstantBits
CVE-2025-7893,Foresight
CVE-2025-7895,harry0703
CVE-2025-7896,harry0703
CVE-2025-7897,harry0703
CVE-2025-7898,Codecanyon
CVE-2025-7899,TYPO3
CVE-2025-7900,TYPO3
CVE-2025-7901,yangzongzhuan
CVE-2025-7902,yangzongzhuan
CVE-2025-7903,yangzongzhuan
CVE-2025-7904,itsourcecode
CVE-2025-7905,itsourcecode
CVE-2025-7906,yangzongzhuan
CVE-2025-7907,yangzongzhuan
CVE-2025-7908,D-Link
CVE-2025-7909,D-Link
CVE-2025-7910,D-Link
CVE-2025-7911,D-Link
CVE-2025-7912,TOTOLINK
CVE-2025-7913,TOTOLINK
CVE-2025-7914,Tenda
CVE-2025-7915,Chanjet
CVE-2025-7916,Simopro Technology
CVE-2025-7917,Simopro Technology
CVE-2025-7918,Simopro Technology
CVE-2025-7919,Simopro Technology
CVE-2025-7920,Simopro Technology
CVE-2025-7921,ASKEY
CVE-2025-7924,PHPGurukul
CVE-2025-7925,PHPGurukul
CVE-2025-7926,PHPGurukul
CVE-2025-7927,PHPGurukul
CVE-2025-7928,code-projects
CVE-2025-7929,code-projects
CVE-2025-7930,code-projects
CVE-2025-7931,code-projects
CVE-2025-7932,D-Link
CVE-2025-7933,Campcodes
CVE-2025-7934,fuyang_lipengjun
CVE-2025-7935,fuyang_lipengjun
CVE-2025-7936,fuyang_lipengjun
CVE-2025-7937,SMCI
CVE-2025-7938,jerryshensjf
CVE-2025-7939,jerryshensjf
CVE-2025-7940,Genshin
CVE-2025-7941,PHPGurukul
CVE-2025-7942,PHPGurukul
CVE-2025-7943,PHPGurukul
CVE-2025-7944,PHPGurukul
CVE-2025-7945,D-Link
CVE-2025-7946,PHPGurukul
CVE-2025-7949,Sanluan
CVE-2025-7950,code-projects
CVE-2025-7951,code-projects
CVE-2025-7952,TOTOLINK
CVE-2025-7953,Sanluan
CVE-2025-7954,Shopware
CVE-2025-7955,pbmacintyre
CVE-2025-7956,wpdreams
CVE-2025-7957,surror
CVE-2025-7958,Trellix
CVE-2025-7959,marviorocha
CVE-2025-7960,kingaddons
CVE-2025-7961,Wulkano
CVE-2025-7962,Eclipse Foundation
CVE-2025-7964,silabs.com
CVE-2025-7966,zohaib167
CVE-2025-7969,markdown-it
CVE-2025-7970,Rockwell Automation
CVE-2025-7971,Rockwell Automation
CVE-2025-7972,Rockwell Automation
CVE-2025-7973,Rockwell Automation
CVE-2025-7974,rocket.chat
CVE-2025-7975,Anritsu
CVE-2025-7976,Anritsu
CVE-2025-7977,Ashlar-Vellum
CVE-2025-7978,Ashlar-Vellum
CVE-2025-7979,Ashlar-Vellum
CVE-2025-7980,Ashlar-Vellum
CVE-2025-7981,Ashlar-Vellum
CVE-2025-7982,Ashlar-Vellum
CVE-2025-7983,Ashlar-Vellum
CVE-2025-7984,Ashlar-Vellum
CVE-2025-7985,Ashlar-Vellum
CVE-2025-7986,Ashlar-Vellum
CVE-2025-7987,Ashlar-Vellum
CVE-2025-7988,Ashlar-Vellum
CVE-2025-7989,Ashlar-Vellum
CVE-2025-7990,Ashlar-Vellum
CVE-2025-7991,Ashlar-Vellum
CVE-2025-7992,Ashlar-Vellum
CVE-2025-7993,Ashlar-Vellum
CVE-2025-7994,Ashlar-Vellum
CVE-2025-7995,Ashlar-Vellum
CVE-2025-7996,Ashlar-Vellum
CVE-2025-7997,Ashlar-Vellum
CVE-2025-7998,Ashlar-Vellum
CVE-2025-7999,Ashlar-Vellum
CVE-2025-8000,Ashlar-Vellum
CVE-2025-8001,Ashlar-Vellum
CVE-2025-8002,Ashlar-Vellum
CVE-2025-8003,Ashlar-Vellum
CVE-2025-8004,Ashlar-Vellum
CVE-2025-8005,Ashlar-Vellum
CVE-2025-8006,Ashlar-Vellum
CVE-2025-8007,Rockwell Automation
CVE-2025-8008,Rockwell Automation
CVE-2025-8009,cleverplugins
CVE-2025-8010,Google
CVE-2025-8011,Google
CVE-2025-8013,quttera
CVE-2025-8014,GitLab
CVE-2025-8015,gn_themes
CVE-2025-8017,Tenda
CVE-2025-8018,code-projects
CVE-2025-8019,Shenzhen Libituo Technology
CVE-2025-8023,Mattermost
CVE-2025-8025,Dinosoft Business Solutions
CVE-2025-8027,Mozilla
CVE-2025-8028,Mozilla
CVE-2025-8029,Mozilla
CVE-2025-8030,Mozilla
CVE-2025-8031,Mozilla
CVE-2025-8032,Mozilla
CVE-2025-8033,Mozilla
CVE-2025-8034,Mozilla
CVE-2025-8035,Mozilla
CVE-2025-8036,Mozilla
CVE-2025-8037,Mozilla
CVE-2025-8038,Mozilla
CVE-2025-8039,Mozilla
CVE-2025-8040,Mozilla
CVE-2025-8041,Mozilla
CVE-2025-8042,Mozilla
CVE-2025-8043,Mozilla
CVE-2025-8044,Mozilla
CVE-2025-8045,Arm Ltd
CVE-2025-8048,opentext
CVE-2025-8049,opentext
CVE-2025-8050,opentext
CVE-2025-8051,opentext
CVE-2025-8052,opentext
CVE-2025-8053,opentext
CVE-2025-8054,OpenText™
CVE-2025-8055,OpenText™
CVE-2025-8057,Patika Global Technologies
CVE-2025-8058,The GNU C Library
CVE-2025-8059,bplugins
CVE-2025-8060,Tenda
CVE-2025-8061,Lenovo
CVE-2025-8062,wen-solutions
CVE-2025-8064,aicwebtech
CVE-2025-8065,TP-Link Systems Inc.
CVE-2025-8066,Bunkerity
CVE-2025-8067,Red Hat
CVE-2025-8067,storaged-project
CVE-2025-8068,devitemsllc
CVE-2025-8069,AWS
CVE-2025-8070,ASUSTOR
CVE-2025-8071,995525477-1
CVE-2025-8072,nebojsadabic
CVE-2025-8073,plugincy
CVE-2025-8074,Synology
CVE-2025-8075,"Hanwha Vision Co., Ltd."
CVE-2025-8076,SMCI
CVE-2025-8077,SUSE
CVE-2025-8078,Zyxel
CVE-2025-8079,Akıllı Ticaret Software Technologies Ltd. Co.
CVE-2025-8080,alobaidi
CVE-2025-8081,elemntor
CVE-2025-8084,tigroumeow
CVE-2025-8087,AMD
CVE-2025-8088,win.rar GmbH
CVE-2025-8089,mdempfle
CVE-2025-8090,BlackBerry Ltd
CVE-2025-8090,BlackBerry Ltd.
CVE-2025-8091,ashanjay
CVE-2025-8092,Drupal
CVE-2025-8093,Drupal
CVE-2025-8095,Progress Software Corporation
CVE-2025-8097,xTemos
CVE-2025-8098,Lenovo
CVE-2025-8099,GitLab
CVE-2025-8100,bdthemes
CVE-2025-8101,Linkify
CVE-2025-8102,smub
CVE-2025-8103,etruel
CVE-2025-8104,sminozzi
CVE-2025-8105,pencidesign
CVE-2025-8107,OB
CVE-2025-8108,Axis Communications AB
CVE-2025-8109,Imagination Technologies
CVE-2025-8110,Gogs
CVE-2025-8114,Red Hat
CVE-2025-8115,PHPGurukul
CVE-2025-8116,Polska Akademia Dostępności
CVE-2025-8117,Polska Akademia Dostępności
CVE-2025-8118,Polska Akademia Dostępności
CVE-2025-8119,Polska Akademia Dostępności
CVE-2025-8120,Polska Akademia Dostępności
CVE-2025-8121,Polska Akademia Dostępności
CVE-2025-8122,Polska Akademia Dostępności
CVE-2025-8123,deerwms
CVE-2025-8124,deerwms
CVE-2025-8125,deerwms
CVE-2025-8126,deerwms
CVE-2025-8127,deerwms
CVE-2025-8128,zhousg
CVE-2025-8129,KoaJS
CVE-2025-8131,Tenda
CVE-2025-8132,yanyutao0402
CVE-2025-8133,yanyutao0402
CVE-2025-8134,PHPGurukul
CVE-2025-8135,itsourcecode
CVE-2025-8136,TOTOLINK
CVE-2025-8137,TOTOLINK
CVE-2025-8138,TOTOLINK
CVE-2025-8139,TOTOLINK
CVE-2025-8140,TOTOLINK
CVE-2025-8141,themeisle
CVE-2025-8142,pencidesign
CVE-2025-8143,pencidesign
CVE-2025-8145,themeisle
CVE-2025-8146,qodeinteractive
CVE-2025-8147,aurelienlws
CVE-2025-8148,Fortra
CVE-2025-8149,smub
CVE-2025-8150,nicheaddons
CVE-2025-8151,devitemsllc
CVE-2025-8152,blendmedia
CVE-2025-8153,NEC Corporation
CVE-2025-8154,WSO2
CVE-2025-8155,D-Link
CVE-2025-8156,PHPGurukul
CVE-2025-8157,PHPGurukul
CVE-2025-8158,PHPGurukul
CVE-2025-8159,D-Link
CVE-2025-8160,Tenda
CVE-2025-8161,deerwms
CVE-2025-8162,deerwms
CVE-2025-8163,deerwms
CVE-2025-8164,code-projects
CVE-2025-8165,code-projects
CVE-2025-8166,code-projects
CVE-2025-8167,code-projects
CVE-2025-8168,D-Link
CVE-2025-8169,D-Link
CVE-2025-8170,TOTOLINK
CVE-2025-8171,code-projects
CVE-2025-8172,itsourcecode
CVE-2025-8173,1000 Projects
CVE-2025-8174,code-projects
CVE-2025-8175,D-Link
CVE-2025-8178,Tenda
CVE-2025-8179,PHPGurukul
CVE-2025-8180,Tenda
CVE-2025-8181,TOTOLINK
CVE-2025-8182,Tenda
CVE-2025-8183,D3TN GmbH
CVE-2025-8184,D-Link
CVE-2025-8185,1000 Projects
CVE-2025-8186,Campcodes
CVE-2025-8187,Campcodes
CVE-2025-8188,Campcodes
CVE-2025-8189,Campcodes
CVE-2025-8190,Campcodes
CVE-2025-8191,macrozheng
CVE-2025-8192,Android
CVE-2025-8194,Python Software Foundation
CVE-2025-8195,jetmonsters
CVE-2025-8196,nalam-1
CVE-2025-8198,ThemeMove
CVE-2025-8199,debuggersstudio
CVE-2025-8200,kraftplugins
CVE-2025-8203,Jingmen Zeyou
CVE-2025-8204,Comodo
CVE-2025-8205,Comodo
CVE-2025-8206,Comodo
CVE-2025-8207,Canara
CVE-2025-8208,templatescoderthemes
CVE-2025-8210,Yeelink
CVE-2025-8212,nicheaddons
CVE-2025-8213,nintechnet
CVE-2025-8214,webangon
CVE-2025-8215,cyberchimps
CVE-2025-8216,wowdevs
CVE-2025-8217,Amazon
CVE-2025-8218,imithemes
CVE-2025-8219,Shanghai Lingdang Information Technology
CVE-2025-8220,Engeman
CVE-2025-8221,jerryshensjf
CVE-2025-8222,jerryshensjf
CVE-2025-8223,jerryshensjf
CVE-2025-8224,GNU
CVE-2025-8225,GNU
CVE-2025-8226,yanyutao0402
CVE-2025-8227,yanyutao0402
CVE-2025-8228,yanyutao0402
CVE-2025-8229,Campcodes
CVE-2025-8230,Campcodes
CVE-2025-8231,D-Link
CVE-2025-8232,code-projects
CVE-2025-8233,code-projects
CVE-2025-8234,code-projects
CVE-2025-8235,code-projects
CVE-2025-8236,code-projects
CVE-2025-8237,code-projects
CVE-2025-8238,code-projects
CVE-2025-8239,code-projects
CVE-2025-8240,code-projects
CVE-2025-8241,1000 Projects
CVE-2025-8242,TOTOLINK
CVE-2025-8243,TOTOLINK
CVE-2025-8244,TOTOLINK
CVE-2025-8245,TOTOLINK
CVE-2025-8246,TOTOLINK
CVE-2025-8247,Projectworlds
CVE-2025-8248,code-projects
CVE-2025-8249,code-projects
CVE-2025-8250,code-projects
CVE-2025-8251,code-projects
CVE-2025-8252,code-projects
CVE-2025-8253,code-projects
CVE-2025-8254,Campcodes
CVE-2025-8255,code-projects
CVE-2025-8256,code-projects
CVE-2025-8257,Lobby Universe
CVE-2025-8258,Cool Mo
CVE-2025-8259,Vaelsys
CVE-2025-8260,Vaelsys
CVE-2025-8261,Vaelsys
CVE-2025-8262,yarnpkg
CVE-2025-8265,299Ko
CVE-2025-8266,yanyutao0402
CVE-2025-8268,tigroumeow
CVE-2025-8269,code-projects
CVE-2025-8270,code-projects
CVE-2025-8271,code-projects
CVE-2025-8272,code-projects
CVE-2025-8273,code-projects
CVE-2025-8274,Campcodes
CVE-2025-8275,bsc
CVE-2025-8276,Patika Global Technologies
CVE-2025-8277,Red Hat
CVE-2025-8279,GitLab
CVE-2025-8283,Red Hat
CVE-2025-8284,Packet Power
CVE-2025-8285,Mattermost
CVE-2025-8286,Güralp Systems
CVE-2025-8289,themeisle
CVE-2025-8290,weblineindia
CVE-2025-8291,Python Software Foundation
CVE-2025-8292,Google
CVE-2025-8293,Theerawat Patthawee
CVE-2025-8294,anatolyk
CVE-2025-8295,emarket-design
CVE-2025-8296,Ivanti
CVE-2025-8297,Ivanti
CVE-2025-8298,Realtek
CVE-2025-8299,Realtek
CVE-2025-8300,Realtek
CVE-2025-8301,Realtek
CVE-2025-8302,Realtek
CVE-2025-8303,EKA Software Computer Information Advertising Services Ltd.
CVE-2025-8304,checkpoint
CVE-2025-8305,checkpoint
CVE-2025-8306,Asseco
CVE-2025-8307,Asseco
CVE-2025-8308,Key Software Solutions Inc.
CVE-2025-8309,ManageEngine
CVE-2025-8310,Ivanti
CVE-2025-8311,dotCMS
CVE-2025-8312,Devolutions
CVE-2025-8313,emarket-design
CVE-2025-8314,emarket-design
CVE-2025-8315,emarket-design
CVE-2025-8316,moreirapontocom
CVE-2025-8317,bnielsen
CVE-2025-8318,bmarshall511
CVE-2025-8319,Barracuda
CVE-2025-8320,Tesla
CVE-2025-8321,Tesla
CVE-2025-8322,Ventem
CVE-2025-8323,Ventem
CVE-2025-8324,Zohocorp
CVE-2025-8325,WSO2
CVE-2025-8326,code-projects
CVE-2025-8327,code-projects
CVE-2025-8328,code-projects
CVE-2025-8329,code-projects
CVE-2025-8330,code-projects
CVE-2025-8331,code-projects
CVE-2025-8332,code-projects
CVE-2025-8333,code-projects
CVE-2025-8334,Campcodes
CVE-2025-8335,code-projects
CVE-2025-8336,Campcodes
CVE-2025-8337,code-projects
CVE-2025-8338,projectworlds
CVE-2025-8339,code-projects
CVE-2025-8340,code-projects
CVE-2025-8341,Grafana
CVE-2025-8342,glboy
CVE-2025-8343,openviglet
CVE-2025-8344,openviglet
CVE-2025-8345,Shanghai Lingdang Information Technology
CVE-2025-8346,Portabilis
CVE-2025-8347,Kehua
CVE-2025-8348,Kehua
CVE-2025-8349,Tawk
CVE-2025-8350,Inrove Software and Internet Services
CVE-2025-8351,Gen Digital
CVE-2025-8353,Devolutions
CVE-2025-8354,Autodesk
CVE-2025-8355,Xerox
CVE-2025-8356,Xerox
CVE-2025-8357,dglingren
CVE-2025-8359,scriptsbundle
CVE-2025-8360,choijun
CVE-2025-8361,Drupal
CVE-2025-8362,Drupal
CVE-2025-8364,Mozilla
CVE-2025-8365,Portabilis
CVE-2025-8366,Portabilis
CVE-2025-8367,Portabilis
CVE-2025-8368,Portabilis
CVE-2025-8369,Portabilis
CVE-2025-8370,Portabilis
CVE-2025-8371,code-projects
CVE-2025-8372,code-projects
CVE-2025-8373,code-projects
CVE-2025-8374,code-projects
CVE-2025-8375,code-projects
CVE-2025-8376,code-projects
CVE-2025-8378,Campcodes
CVE-2025-8379,Campcodes
CVE-2025-8380,Campcodes
CVE-2025-8381,Campcodes
CVE-2025-8382,Campcodes
CVE-2025-8383,averta
CVE-2025-8385,PX-lab
CVE-2025-8386,AVEVA
CVE-2025-8388,ideaboxcreations
CVE-2025-8391,awssoft
CVE-2025-8392,bessermitfahren
CVE-2025-8393,Dreame Technology
CVE-2025-8394,productiveminds
CVE-2025-8396,Temporal
CVE-2025-8397,restpack
CVE-2025-8398,azurecurve
CVE-2025-8399,mmanifesto
CVE-2025-8400,aumsrini
CVE-2025-8401,devitemsllc
CVE-2025-8402,Mattermost
CVE-2025-8404,SMCI
CVE-2025-8405,GitLab
CVE-2025-8406,zenml-io
CVE-2025-8407,code-projects
CVE-2025-8408,code-projects
CVE-2025-8409,code-projects
CVE-2025-8410,RTI
CVE-2025-8411,Dokuzsoft Technology
CVE-2025-8412,SUSE
CVE-2025-8413,purethemes
CVE-2025-8414,silabs.com
CVE-2025-8415,Cryostat
CVE-2025-8415,Red Hat
CVE-2025-8416,woobewoo
CVE-2025-8417,idiatech
CVE-2025-8418,bplugins
CVE-2025-8419,Keycloak
CVE-2025-8419,Red Hat
CVE-2025-8420,cyberlord92
CVE-2025-8420,emarket-design
CVE-2025-8421,Lenovo
CVE-2025-8422,fassionstorage
CVE-2025-8423,mythemeshop
CVE-2025-8424,NetScaler
CVE-2025-8425,mythemeshop
CVE-2025-8426,Marvell
CVE-2025-8427,The Beaver Builder Team
CVE-2025-8428,Centreon
CVE-2025-8429,Centreon
CVE-2025-8430,Centreon
CVE-2025-8431,PHPGurukul
CVE-2025-8432,Centreon
CVE-2025-8433,code-projects
CVE-2025-8434,code-projects
CVE-2025-8435,code-projects
CVE-2025-8436,projectworlds
CVE-2025-8437,code-projects
CVE-2025-8438,code-projects
CVE-2025-8439,code-projects
CVE-2025-8440,spwebguy
CVE-2025-8441,code-projects
CVE-2025-8442,code-projects
CVE-2025-8443,code-projects
CVE-2025-8444,wealcoder
CVE-2025-8445,shaikhaezaz80
CVE-2025-8446,blazethemes
CVE-2025-8447,GitHub
CVE-2025-8448,Schneider Eelctric
CVE-2025-8448,Schneider Electric
CVE-2025-8449,Schneider Eelctric
CVE-2025-8449,Schneider Electric
CVE-2025-8449,Schnieder Electric
CVE-2025-8450,Fortra
CVE-2025-8451,wpdevteam
CVE-2025-8452,"Brother Industries, Ltd"
CVE-2025-8452,"Konica Minolta, Inc."
CVE-2025-8452,Toshiba Tec
CVE-2025-8453,Schneider Electric
CVE-2025-8454,Debian
CVE-2025-8456,Kod8 Software Technologies Trade Ltd. Co.
CVE-2025-8459,Centreon
CVE-2025-8460,Centreon
CVE-2025-8461,Seres Software
CVE-2025-8462,risetheme
CVE-2025-8463,SecHard Information Technologies
CVE-2025-8464,glenwpcoder
CVE-2025-8466,code-projects
CVE-2025-8467,code-projects
CVE-2025-8468,code-projects
CVE-2025-8469,SourceCodester
CVE-2025-8470,SourceCodester
CVE-2025-8471,projectworlds
CVE-2025-8472,Alpine
CVE-2025-8473,Alpine
CVE-2025-8474,Alpine
CVE-2025-8475,Alpine
CVE-2025-8476,Alpine
CVE-2025-8477,Alpine
CVE-2025-8479,zohoflow
CVE-2025-8480,Alpine
CVE-2025-8481,mdimran41
CVE-2025-8482,10up
CVE-2025-8483,marketingfire
CVE-2025-8484,nickclarkweb
CVE-2025-8485,Lenovo
CVE-2025-8486,Lenovo
CVE-2025-8487,extendthemes
CVE-2025-8488,brainstormforce
CVE-2025-8489,kingaddons
CVE-2025-8490,servmask
CVE-2025-8491,nikelschubert
CVE-2025-8492,wordpresschef
CVE-2025-8493,code-projects
CVE-2025-8494,code-projects
CVE-2025-8495,code-projects
CVE-2025-8496,projectworlds
CVE-2025-8497,code-projects
CVE-2025-8498,code-projects
CVE-2025-8499,code-projects
CVE-2025-8500,code-projects
CVE-2025-8501,code-projects
CVE-2025-8502,code-projects
CVE-2025-8503,code-projects
CVE-2025-8504,code-projects
CVE-2025-8505,495300897
CVE-2025-8506,495300897
CVE-2025-8507,Portabilis
CVE-2025-8508,Portabilis
CVE-2025-8509,Portabilis
CVE-2025-8510,Portabilis
CVE-2025-8511,Portabilis
CVE-2025-8512,TVB
CVE-2025-8513,Caixin
CVE-2025-8515,Intelbras
CVE-2025-8516,Kingdee
CVE-2025-8517,givanz
CVE-2025-8518,givanz
CVE-2025-8519,givanz
CVE-2025-8520,givanz
CVE-2025-8521,givanz
CVE-2025-8522,givanz
CVE-2025-8523,RiderLike
CVE-2025-8524,Boquan
CVE-2025-8525,Exrick
CVE-2025-8526,Exrick
CVE-2025-8527,Exrick
CVE-2025-8528,Exrick
CVE-2025-8529,cloudfavorites
CVE-2025-8530,elunez
CVE-2025-8531,Mitsubishi Electric Corporation
CVE-2025-8532,Bimser Solution Software Trade Inc.
CVE-2025-8533,Flexibits
CVE-2025-8535,cronoh
CVE-2025-8536,Studio Fabryka
CVE-2025-8537,Axiomatic
CVE-2025-8538,Portabilis
CVE-2025-8539,Portabilis
CVE-2025-8540,Portabilis
CVE-2025-8541,Portabilis
CVE-2025-8542,Portabilis
CVE-2025-8543,Portabilis
CVE-2025-8544,Portabilis
CVE-2025-8545,Portabilis
CVE-2025-8546,atjiu
CVE-2025-8547,atjiu
CVE-2025-8548,atjiu
CVE-2025-8549,atjiu
CVE-2025-8550,atjiu
CVE-2025-8551,atjiu
CVE-2025-8552,atjiu
CVE-2025-8553,atjiu
CVE-2025-8554,atjiu
CVE-2025-8555,atjiu
CVE-2025-8556,Red Hat
CVE-2025-8557,Lenovo
CVE-2025-8558,Proofpoint
CVE-2025-8559,sanzeeb3
CVE-2025-8560,ghosttoast
CVE-2025-8561,ovatheme
CVE-2025-8562,peterhebert
CVE-2025-8564,sonalsinha21
CVE-2025-8565,wplegalpages
CVE-2025-8566,cssigniterteam
CVE-2025-8567,posimyththemes
CVE-2025-8568,prabode
CVE-2025-8570,beyondcart
CVE-2025-8571,Concrete CMS
CVE-2025-8572,dreamstechnologies
CVE-2025-8573,Concrete CMS
CVE-2025-8575,aurelienlws
CVE-2025-8576,Google
CVE-2025-8577,Google
CVE-2025-8578,Google
CVE-2025-8579,Google
CVE-2025-8580,Google
CVE-2025-8581,Google
CVE-2025-8582,Google
CVE-2025-8583,Google
CVE-2025-8587,AKCE Software Technology R&D Industry and Trade Inc.
CVE-2025-8588,publishpress
CVE-2025-8589,AKCE Software Technology R&D Industry and Trade Inc.
CVE-2025-8590,AKCE Software Technology R&D Industry and Trade Inc.
CVE-2025-8591,WSO2
CVE-2025-8592,wpzoom
CVE-2025-8593,westerndeal
CVE-2025-8595,themegrill
CVE-2025-8597,MacVim
CVE-2025-8603,unitecms
CVE-2025-8604,wptb
CVE-2025-8605,codeyatri
CVE-2025-8606,westerndeal
CVE-2025-8607,amans2k
CVE-2025-8608,mihdan
CVE-2025-8609,rometheme
CVE-2025-8610,AOMEI
CVE-2025-8611,AOMEI
CVE-2025-8612,AOMEI
CVE-2025-8613,Vacron
CVE-2025-8614,NoMachine
CVE-2025-8615,cubewp1211
CVE-2025-8616,OpenText
CVE-2025-8617,yithemes
CVE-2025-8618,wpclever
CVE-2025-8619,garbowza
CVE-2025-8620,stellarwp
CVE-2025-8621,odn
CVE-2025-8622,webaware
CVE-2025-8623,bmoredrew
CVE-2025-8624,wpdive
CVE-2025-8625,copypressdev
CVE-2025-8627,TP-Link Systems Inc.
CVE-2025-8628,Kenwood
CVE-2025-8629,Kenwood
CVE-2025-8630,Kenwood
CVE-2025-8631,Kenwood
CVE-2025-8632,Kenwood
CVE-2025-8633,Kenwood
CVE-2025-8634,Kenwood
CVE-2025-8635,Kenwood
CVE-2025-8636,Kenwood
CVE-2025-8637,Kenwood
CVE-2025-8638,Kenwood
CVE-2025-8639,Kenwood
CVE-2025-8640,Kenwood
CVE-2025-8641,Kenwood
CVE-2025-8642,Kenwood
CVE-2025-8643,Kenwood
CVE-2025-8644,Kenwood
CVE-2025-8645,Kenwood
CVE-2025-8646,Kenwood
CVE-2025-8647,Kenwood
CVE-2025-8648,Kenwood
CVE-2025-8649,Kenwood
CVE-2025-8650,Kenwood
CVE-2025-8651,Kenwood
CVE-2025-8652,Kenwood
CVE-2025-8653,Kenwood
CVE-2025-8654,Kenwood
CVE-2025-8655,Kenwood
CVE-2025-8656,Kenwood
CVE-2025-8660,Broadcom
CVE-2025-8661,Broadcom
CVE-2025-8662,OpenAM consortium
CVE-2025-8663,upKeeper Solutions
CVE-2025-8664,Saysis Computer Systems Trade Ltd. Co.
CVE-2025-8665,agno-agi
CVE-2025-8666,uapp
CVE-2025-8667,SkyworkAI
CVE-2025-8668,E-Kalite Software Hardware Engineering Design and Internet Services Industry and Trade Ltd. Co.
CVE-2025-8669,pressmaximum
CVE-2025-8671,Fastly
CVE-2025-8671,SUSE Linux
CVE-2025-8671,Varnish Software
CVE-2025-8671,Wind River
CVE-2025-8672,GIMP
CVE-2025-8675,Drupal
CVE-2025-8676,bplugins
CVE-2025-8677,ISC
CVE-2025-8678,johnbillion
CVE-2025-8679,Extreme Networks
CVE-2025-8680,bplugins
CVE-2025-8681,Pegasystems
CVE-2025-8682,themeansar
CVE-2025-8684,ux-themes
CVE-2025-8685,emilien
CVE-2025-8686,wen-solutions
CVE-2025-8687,themelooks
CVE-2025-8688,ebernstein
CVE-2025-8689,cssigniterteam
CVE-2025-8690,addix
CVE-2025-8691,softmus
CVE-2025-8692,kamilkhan
CVE-2025-8693,Zyxel
CVE-2025-8695,Netcad
CVE-2025-8696,ISC
CVE-2025-8699,KioSoft
CVE-2025-8700,Invoice Ninja
CVE-2025-8701,Wanzhou
CVE-2025-8702,Wanzhou
CVE-2025-8703,Wanzhou
CVE-2025-8704,Wanzhou
CVE-2025-8705,Wanzhou
CVE-2025-8706,Wanzhou
CVE-2025-8707,Huuge
CVE-2025-8708,Antabot
CVE-2025-8709,langchain-ai
CVE-2025-8711,Ivanti
CVE-2025-8712,Ivanti
CVE-2025-8716,OpenText
CVE-2025-8719,reubenthiessen
CVE-2025-8720,morehawes
CVE-2025-8721,miriamgoldman
CVE-2025-8722,pt-guy
CVE-2025-8723,mecanik
CVE-2025-8726,opajaap
CVE-2025-8727,SMCI
CVE-2025-8729,MigoXLab
CVE-2025-8730,Belkin
CVE-2025-8731,TRENDnet
CVE-2025-8735,GNU
CVE-2025-8736,GNU
CVE-2025-8737,zlt2000
CVE-2025-8738,zlt2000
CVE-2025-8739,zhenfeng13
CVE-2025-8740,zhenfeng13
CVE-2025-8741,macrozheng
CVE-2025-8742,macrozheng
CVE-2025-8744,CesiumLab
CVE-2025-8745,Weee
CVE-2025-8746,GNU
CVE-2025-8747,Google
CVE-2025-8748,Mobile Industrial Robots
CVE-2025-8749,Mobile Industrial Robots
CVE-2025-8750,macrozheng
CVE-2025-8751,Protected
CVE-2025-8752,wangzhixuan
CVE-2025-8753,linlinjava
CVE-2025-8754,ABB
CVE-2025-8755,macrozheng
CVE-2025-8756,TDuckCloud
CVE-2025-8757,TRENDnet
CVE-2025-8758,TRENDnet
CVE-2025-8759,TRENDnet
CVE-2025-8760,INSTAR
CVE-2025-8761,INSTAR
CVE-2025-8762,INSTAR
CVE-2025-8763,Ruijie
CVE-2025-8764,linlinjava
CVE-2025-8765,Datacom
CVE-2025-8766,Red Hat
CVE-2025-8767,anwppro
CVE-2025-8769,MegaSys Computer Technologies
CVE-2025-8770,GitLab
CVE-2025-8772,Vinades
CVE-2025-8773,Dinstar
CVE-2025-8774,riscv-boom
CVE-2025-8775,Qiyuesuo
CVE-2025-8776,mikemayhem3030
CVE-2025-8777,planetcalc
CVE-2025-8778,nitropack
CVE-2025-8779,shamsbd71
CVE-2025-8780,livemesh
CVE-2025-8781,bookster
CVE-2025-8783,kleor
CVE-2025-8784,Portabilis
CVE-2025-8785,Portabilis
CVE-2025-8786,Portabilis
CVE-2025-8787,Portabilis
CVE-2025-8788,Portabilis
CVE-2025-8789,Portabilis
CVE-2025-8790,Portabilis
CVE-2025-8791,LitmusChaos
CVE-2025-8792,LitmusChaos
CVE-2025-8793,LitmusChaos
CVE-2025-8794,LitmusChaos
CVE-2025-8795,LitmusChaos
CVE-2025-8796,LitmusChaos
CVE-2025-8797,LitmusChaos
CVE-2025-8798,oitcode
CVE-2025-8806,zhilink 智互联(深圳)科技有限公司
CVE-2025-8807,xujeff
CVE-2025-8808,xujeff
CVE-2025-8809,code-projects
CVE-2025-8810,Tenda
CVE-2025-8811,code-projects
CVE-2025-8812,atjiu
CVE-2025-8813,atjiu
CVE-2025-8814,atjiu
CVE-2025-8815,猫宁i
CVE-2025-8816,Linksys
CVE-2025-8817,Linksys
CVE-2025-8818,Linksys
CVE-2025-8819,Linksys
CVE-2025-8820,Linksys
CVE-2025-8821,Linksys
CVE-2025-8822,Linksys
CVE-2025-8823,Linksys
CVE-2025-8824,Linksys
CVE-2025-8825,Linksys
CVE-2025-8826,Linksys
CVE-2025-8827,Linksys
CVE-2025-8828,Linksys
CVE-2025-8829,Linksys
CVE-2025-8830,Linksys
CVE-2025-8831,Linksys
CVE-2025-8832,Linksys
CVE-2025-8833,Linksys
CVE-2025-8834,JCG
CVE-2025-8838,WinterChenS
CVE-2025-8841,zlt2000
CVE-2025-8842,NASM
CVE-2025-8843,NASM
CVE-2025-8844,NASM
CVE-2025-8845,NASM
CVE-2025-8846,NASM
CVE-2025-8847,yangzongzhuan
CVE-2025-8848,danny-avila
CVE-2025-8849,danny-avila
CVE-2025-8850,danny-avila
CVE-2025-8852,WuKongOpenSource
CVE-2025-8853,2100 Technology
CVE-2025-8854,bulletphysics
CVE-2025-8855,Optimus Software
CVE-2025-8857,Changing
CVE-2025-8858,Changing
CVE-2025-8859,code-projects
CVE-2025-8860,Red Hat
CVE-2025-8861,Changing
CVE-2025-8862,YugabyteDB Inc
CVE-2025-8863,YugabyteDB Inc
CVE-2025-8864,YugabyteDB Inc
CVE-2025-8865,YugabyteDB Inc
CVE-2025-8866,YugabyteDB Inc
CVE-2025-8867,iqonicdesign
CVE-2025-8868,Progress Software
CVE-2025-8869,Python Packaging Authority
CVE-2025-8870,Arista Networks
CVE-2025-8871,WPEverest
CVE-2025-8872,Arista Networks
CVE-2025-8873,Arista Networks
CVE-2025-8874,litonice13
CVE-2025-8875,N-able
CVE-2025-8876,N-able
CVE-2025-8877,AffiliateWP
CVE-2025-8878,properfraction
CVE-2025-8879,Google
CVE-2025-8880,Google
CVE-2025-8881,Google
CVE-2025-8882,Google
CVE-2025-8884,VHS Electronic Software Ltd. Co.
CVE-2025-8885,Legion of the Bouncy Castle Inc.
CVE-2025-8886,Usta Information Systems Inc.
CVE-2025-8887,Usta Information Systems Inc.
CVE-2025-8890,SDMC
CVE-2025-8891,oceanwp
CVE-2025-8892,Autodesk
CVE-2025-8893,Autodesk
CVE-2025-8894,Autodesk
CVE-2025-8895,cozmoslabs
CVE-2025-8896,cozmoslabs
CVE-2025-8897,beaverbuilder
CVE-2025-8898,magepeopleteam
CVE-2025-8899,videowhisper
CVE-2025-8900,dreamstechnologies
CVE-2025-8901,Google
CVE-2025-8902,"Marketing Fire, LLC"
CVE-2025-8904,Amazon
CVE-2025-8905,inpersttion
CVE-2025-8906,trustindex
CVE-2025-8907,H3C
CVE-2025-8908,Shanghai Lingdang Information Technology
CVE-2025-8909,WellChoose
CVE-2025-8910,WellChoose
CVE-2025-8911,WellChoose
CVE-2025-8912,WellChoose
CVE-2025-8913,WellChoose
CVE-2025-8914,WellChoose
CVE-2025-8915,Kiloview
CVE-2025-8916,Legion of the Bouncy Castle Inc.
CVE-2025-8917,allegroai
CVE-2025-8918,Portabilis
CVE-2025-8919,Portabilis
CVE-2025-8920,Portabilis
CVE-2025-8921,code-projects
CVE-2025-8922,code-projects
CVE-2025-8923,code-projects
CVE-2025-8924,Campcodes
CVE-2025-8925,itsourcecode
CVE-2025-8926,SourceCodester
CVE-2025-8927,mtons
CVE-2025-8928,code-projects
CVE-2025-8929,code-projects
CVE-2025-8930,code-projects
CVE-2025-8931,code-projects
CVE-2025-8932,1000 Projects
CVE-2025-8933,1000 Projects
CVE-2025-8934,1000 Projects
CVE-2025-8935,1000 Projects
CVE-2025-8936,1000 Projects
CVE-2025-8937,TOTOLINK
CVE-2025-8938,TOTOLINK
CVE-2025-8939,Tenda
CVE-2025-8940,Tenda
CVE-2025-8941,Red Hat
CVE-2025-8946,projectworlds
CVE-2025-8947,projectworlds
CVE-2025-8948,projectworlds
CVE-2025-8949,D-Link
CVE-2025-8950,Campcodes
CVE-2025-8951,PHPGurukul
CVE-2025-8952,Campcodes
CVE-2025-8953,SourceCodester
CVE-2025-8954,PHPGurukul
CVE-2025-8955,PHPGurukul
CVE-2025-8956,D-Link
CVE-2025-8957,Campcodes
CVE-2025-8958,Tenda
CVE-2025-8959,HashiCorp
CVE-2025-8960,Campcodes
CVE-2025-8962,code-projects
CVE-2025-8963,jeecgboot
CVE-2025-8964,code-projects
CVE-2025-8965,linlinjava
CVE-2025-8966,itsourcecode
CVE-2025-8967,itsourcecode
CVE-2025-8968,itsourcecode
CVE-2025-8969,itsourcecode
CVE-2025-8970,itsourcecode
CVE-2025-8971,itsourcecode
CVE-2025-8972,itsourcecode
CVE-2025-8973,SourceCodester
CVE-2025-8974,linlinjava
CVE-2025-8975,givanz
CVE-2025-8976,givanz
CVE-2025-8977,mra13
CVE-2025-8978,D-Link
CVE-2025-8979,Tenda
CVE-2025-8980,Tenda
CVE-2025-8981,itsourcecode
CVE-2025-8982,itsourcecode
CVE-2025-8983,itsourcecode
CVE-2025-8984,itsourcecode
CVE-2025-8985,SourceCodester
CVE-2025-8986,SourceCodester
CVE-2025-8987,SourceCodester
CVE-2025-8988,SourceCodester
CVE-2025-8989,SourceCodester
CVE-2025-8990,code-projects
CVE-2025-8991,linlinjava
CVE-2025-8992,mtons
CVE-2025-8993,itsourcecode
CVE-2025-8994,wedevs
CVE-2025-8995,Drupal
CVE-2025-8996,Drupal
CVE-2025-8997,OpenText
CVE-2025-8998,Axis Communications AB
CVE-2025-8999,athemes
CVE-2025-9000,Mechrevo
CVE-2025-9002,Surbowl
CVE-2025-9003,D-Link
CVE-2025-9004,mtons
CVE-2025-9005,mtons
CVE-2025-9006,Tenda
CVE-2025-9007,Tenda
CVE-2025-9008,itsourcecode
CVE-2025-9009,itsourcecode
CVE-2025-9010,itsourcecode
CVE-2025-9011,PHPGurukul
CVE-2025-9012,PHPGurukul
CVE-2025-9013,PHPGurukul
CVE-2025-9014,TP-Link Systems Inc.
CVE-2025-9016,Mechrevo
CVE-2025-9017,PHPGurukul
CVE-2025-9018,germanpearls
CVE-2025-9020,PX4
CVE-2025-9021,SourceCodester
CVE-2025-9022,SourceCodester
CVE-2025-9023,Tenda
CVE-2025-9024,PHPGurukul
CVE-2025-9025,code-projects
CVE-2025-9026,D-Link
CVE-2025-9027,code-projects
CVE-2025-9028,code-projects
CVE-2025-9029,posimyththemes
CVE-2025-9030,maneshtimilsina
CVE-2025-9031,DivvyDrive Information Technologies Inc.
CVE-2025-9032,Gen Digital
CVE-2025-9033,Gen Digital
CVE-2025-9035,Horato Internet Technologies Ind. and Trade Inc.
CVE-2025-9036,Rockwell Automation
CVE-2025-9038,GE Vernova
CVE-2025-9039,Amazon
CVE-2025-9041,Rockwell Automation
CVE-2025-9042,Rockwell Automation
CVE-2025-9043,Seagate
CVE-2025-9044,mapster
CVE-2025-9045,hashthemes
CVE-2025-9046,Tenda
CVE-2025-9047,projectworlds
CVE-2025-9048,wptobe
CVE-2025-9050,projectworlds
CVE-2025-9051,projectworlds
CVE-2025-9052,projectworlds
CVE-2025-9053,projectworlds
CVE-2025-9054,Techspawn
CVE-2025-9055,Axis Communications AB
CVE-2025-9056,TECNO
CVE-2025-9057,Mikado Themes
CVE-2025-9058,Mikado Themes
CVE-2025-9059,Broadcom
CVE-2025-9060,MSoft
CVE-2025-9061,Mikado Themes
CVE-2025-9062,MeCODE Informatics and Engineering Services Ltd.
CVE-2025-9063,Rockwell Automation
CVE-2025-9064,Rockwell Automation
CVE-2025-9065,Rockwell Automation
CVE-2025-9066,Rockwell Automation
CVE-2025-9067,Rockwell Automation
CVE-2025-9068,Rockwell Automation
CVE-2025-9071,Oberon microsystems AG
CVE-2025-9072,Mattermost
CVE-2025-9073,maheshmthorat
CVE-2025-9074,Docker
CVE-2025-9075,bdthemes
CVE-2025-9076,Mattermost
CVE-2025-9077,ultrapressorg
CVE-2025-9078,Mattermost
CVE-2025-9079,Mattermost
CVE-2025-9080,bdevs
CVE-2025-9081,Mattermost
CVE-2025-9082,wpbits
CVE-2025-9084,Mattermost
CVE-2025-9085,wpeverest
CVE-2025-9086,curl
CVE-2025-9087,Tenda
CVE-2025-9088,Tenda
CVE-2025-9089,Tenda
CVE-2025-9090,Tenda
CVE-2025-9091,Tenda
CVE-2025-9092,Legion of the Bouncy Castle Inc.
CVE-2025-9095,ExpressGateway
CVE-2025-9096,ExpressGateway
CVE-2025-9097,Euro Information
CVE-2025-9098,Elseplus
CVE-2025-9099,Acrel
CVE-2025-9100,zhenfeng13
CVE-2025-9101,zhenfeng13
CVE-2025-9102,1&1 Mail & Media
CVE-2025-9104,Portabilis
CVE-2025-9105,Portabilis
CVE-2025-9106,Portabilis
CVE-2025-9107,Portabilis
CVE-2025-9108,Portabilis
CVE-2025-9109,Portabilis
CVE-2025-9110,QNAP Systems Inc.
CVE-2025-9112,dreamstechnologies
CVE-2025-9113,dreamstechnologies
CVE-2025-9114,dreamstechnologies
CVE-2025-9118,Google Cloud
CVE-2025-9119,Netis
CVE-2025-9120,OpenText™
CVE-2025-9121,Hitachi Vantara
CVE-2025-9122,Hitachi Vantara
CVE-2025-9123,manchumahara
CVE-2025-9124,Rockwell Automation
CVE-2025-9126,designful
CVE-2025-9127,Pure Storage
CVE-2025-9128,eideasy
CVE-2025-9129,odude
CVE-2025-9130,codeclouds
CVE-2025-9131,ogulo
CVE-2025-9132,Google
CVE-2025-9133,Zyxel
CVE-2025-9134,AfterShip
CVE-2025-9135,Verkehrsauskunft Österreich
CVE-2025-9136,libretro
CVE-2025-9140,Shanghai Lingdang Information Technology
CVE-2025-9142,checkpoint
CVE-2025-9146,Linksys
CVE-2025-9147,jasonclark
CVE-2025-9148,CodePhiliaX
CVE-2025-9149,Wavlink
CVE-2025-9150,Surbowl
CVE-2025-9151,LiuYuYang01
CVE-2025-9152,WSO2
CVE-2025-9153,itsourcecode
CVE-2025-9154,itsourcecode
CVE-2025-9155,itsourcecode
CVE-2025-9156,itsourcecode
CVE-2025-9157,appneta
CVE-2025-9158,Best Practical
CVE-2025-9160,Rockwell Automation
CVE-2025-9161,Rockwell Automation
CVE-2025-9162,Keycloak
CVE-2025-9162,Red Hat
CVE-2025-9163,favethemes
CVE-2025-9164,Docker
CVE-2025-9166,Rockwell Automation
CVE-2025-9172,pierrelannoy
CVE-2025-9174,neurobin
CVE-2025-9175,neurobin
CVE-2025-9176,neurobin
CVE-2025-9177,Rockwell Automation
CVE-2025-9178,Rockwell Automation
CVE-2025-9179,Mozilla
CVE-2025-9180,Mozilla
CVE-2025-9181,Mozilla
CVE-2025-9182,Mozilla
CVE-2025-9183,Mozilla
CVE-2025-9184,Mozilla
CVE-2025-9185,Mozilla
CVE-2025-9186,Mozilla
CVE-2025-9187,Mozilla
CVE-2025-9188,Digilent
CVE-2025-9189,Digilent
CVE-2025-9190,Cursor
CVE-2025-9191,favethemes
CVE-2025-9193,TOTVS
CVE-2025-9194,antonshevchuk
CVE-2025-9195,Solidigm
CVE-2025-9196,sergiotrinity
CVE-2025-9198,gopi_plus
CVE-2025-9199,gopiplus
CVE-2025-9200,nebelhorn
CVE-2025-9201,Lenovo
CVE-2025-9202,themegrill
CVE-2025-9203,bplugins
CVE-2025-9204,pencilwp
CVE-2025-9205,oyatek
CVE-2025-9206,mekshq
CVE-2025-9207,templateinvaders
CVE-2025-9208,OpenText™
CVE-2025-9209,magnigenie
CVE-2025-9210,Otalio
CVE-2025-9211,Otalio
CVE-2025-9212,ekndev
CVE-2025-9213,textbuilder
CVE-2025-9214,Lenovo
CVE-2025-9215,kodezen
CVE-2025-9216,kodezen
CVE-2025-9217,Revolution Slider
CVE-2025-9218,rtcamp
CVE-2025-9219,saadiqbal
CVE-2025-9222,GitLab
CVE-2025-9223,Zohocorp
CVE-2025-9225,Mobile Industrial Robots
CVE-2025-9226,Zohocorp
CVE-2025-9227,Zohocorp
CVE-2025-9228,Mobile Industrial Robots
CVE-2025-9229,Mobile Industrial Robots
CVE-2025-9230,OpenSSL
CVE-2025-9231,OpenSSL
CVE-2025-9232,OpenSSL
CVE-2025-9236,Portabilis
CVE-2025-9237,CodeAstro
CVE-2025-9238,Swatadru
CVE-2025-9239,elunez
CVE-2025-9240,elunez
CVE-2025-9241,elunez
CVE-2025-9242,WatchGuard
CVE-2025-9243,stylemix
CVE-2025-9244,Linksys
CVE-2025-9245,Linksys
CVE-2025-9246,Linksys
CVE-2025-9247,Linksys
CVE-2025-9248,Linksys
CVE-2025-9249,Linksys
CVE-2025-9250,Linksys
CVE-2025-9251,Linksys
CVE-2025-9252,Linksys
CVE-2025-9253,Linksys
CVE-2025-9254,Uniong
CVE-2025-9255,Uniong
CVE-2025-9256,Uniong
CVE-2025-9257,Uniong
CVE-2025-9258,Uniong
CVE-2025-9259,Uniong
CVE-2025-9260,techjewel
CVE-2025-9262,wong2
CVE-2025-9263,Xuxueli
CVE-2025-9264,Xuxueli
CVE-2025-9265,Kiloview
CVE-2025-9266,themegrill
CVE-2025-9267,Seagate
CVE-2025-9269,Lexmark
CVE-2025-9273,CData
CVE-2025-9274,Oxford Instruments
CVE-2025-9275,Oxford Instruments
CVE-2025-9276,Cockroach Labs
CVE-2025-9277,softaculous
CVE-2025-9278,Rockwell Automation
CVE-2025-9279,Rockwell Automation
CVE-2025-9280,Rockwell Automation
CVE-2025-9281,Rockwell Automation
CVE-2025-9282,Rockwell Automation
CVE-2025-9283,Rockwell Automation
CVE-2025-9286,hancock11
CVE-2025-9289,TP-Link Systems Inc.
CVE-2025-9290,TP-Link Systems Inc.
CVE-2025-9291,TP-Link Systems Inc.
CVE-2025-9292,TP-Link Systems Inc.
CVE-2025-9293,TP Link Systems Inc.
CVE-2025-9293,TP-Link Systems Inc.
CVE-2025-9294,expresstech
CVE-2025-9297,Tenda
CVE-2025-9298,Tenda
CVE-2025-9299,Tenda
CVE-2025-9300,saitoha
CVE-2025-9302,PHPGurukul
CVE-2025-9303,TOTOLINK
CVE-2025-9304,SourceCodester
CVE-2025-9305,SourceCodester
CVE-2025-9306,SourceCodester
CVE-2025-9307,PHPGurukul
CVE-2025-9308,yarnpkg
CVE-2025-9309,Tenda
CVE-2025-9310,yeqifu
CVE-2025-9311,itsourcecode
CVE-2025-9312,WSO2
CVE-2025-9313,Asseco Poland S.A.
CVE-2025-9315,Moxa
CVE-2025-9316,N-able
CVE-2025-9317,AVEVA
CVE-2025-9318,expresstech
CVE-2025-9319,Lenovo
CVE-2025-9321,wpsight
CVE-2025-9322,themeisle
CVE-2025-9323,Foxit
CVE-2025-9324,Foxit
CVE-2025-9325,Foxit
CVE-2025-9326,Foxit
CVE-2025-9327,Foxit
CVE-2025-9328,Foxit
CVE-2025-9329,Foxit
CVE-2025-9330,Foxit
CVE-2025-9331,themegrill
CVE-2025-9332,clickanatomy
CVE-2025-9333,ibachal
CVE-2025-9334,codesolz
CVE-2025-9336,ASUS
CVE-2025-9337,ASUS
CVE-2025-9338,ASUS
CVE-2025-9339,Simple SA
CVE-2025-9340,Legion of the Bouncy Castle Inc.
CVE-2025-9341,Legion of the Bouncy Castle Inc.
CVE-2025-9342,Anadolu Hayat Emeklilik Inc.
CVE-2025-9343,elextensions
CVE-2025-9344,stiofansisland
CVE-2025-9345,softdiscover
CVE-2025-9346,wpdevelop
CVE-2025-9352,pronamic
CVE-2025-9353,themifyme
CVE-2025-9355,Linksys
CVE-2025-9356,Linksys
CVE-2025-9357,Linksys
CVE-2025-9358,Linksys
CVE-2025-9359,Linksys
CVE-2025-9360,Linksys
CVE-2025-9361,Linksys
CVE-2025-9362,Linksys
CVE-2025-9363,Linksys
CVE-2025-9364,Rockwell Automation
CVE-2025-9365,Fuji Electric
CVE-2025-9367,uscnanbu
CVE-2025-9368,Rockwell Automation
CVE-2025-9371,MuffinGroup
CVE-2025-9372,gbsdeveloper
CVE-2025-9374,briancolinger
CVE-2025-9375,xmltodict
CVE-2025-9376,sminozzi
CVE-2025-9377,TP-Link Systems Inc.
CVE-2025-9378,themehunk
CVE-2025-9379,Belkin
CVE-2025-9380,FNKvision
CVE-2025-9381,FNKvision
CVE-2025-9382,FNKvision
CVE-2025-9383,FNKvision
CVE-2025-9384,appneta
CVE-2025-9385,appneta
CVE-2025-9386,appneta
CVE-2025-9387,DCN
CVE-2025-9391,Bjskzy
CVE-2025-9392,Linksys
CVE-2025-9393,Linksys
CVE-2025-9395,wangsongyan
CVE-2025-9396,ckolivas
CVE-2025-9397,givanz
CVE-2025-9398,YiFang
CVE-2025-9399,YiFang
CVE-2025-9400,YiFang
CVE-2025-9401,HuangDou
CVE-2025-9402,HuangDou
CVE-2025-9403,jqlang
CVE-2025-9406,xuhuisheng
CVE-2025-9407,mtons
CVE-2025-9408,zephyrproject-rtos
CVE-2025-9409,lostvip-com
CVE-2025-9410,lostvip-com
CVE-2025-9411,lostvip-com
CVE-2025-9412,lostvip-com
CVE-2025-9413,lostvip-com
CVE-2025-9414,kalcaddle
CVE-2025-9416,oitcode
CVE-2025-9417,itsourcecode
CVE-2025-9418,itsourcecode
CVE-2025-9419,itsourcecode
CVE-2025-9420,itsourcecode
CVE-2025-9421,itsourcecode
CVE-2025-9422,oitcode
CVE-2025-9423,Campcodes
CVE-2025-9424,Ruijie
CVE-2025-9425,itsourcecode
CVE-2025-9426,itsourcecode
CVE-2025-9427,Lemonsoft
CVE-2025-9428,Zohocorp
CVE-2025-9429,mtons
CVE-2025-9430,mtons
CVE-2025-9431,mtons
CVE-2025-9432,mtons
CVE-2025-9433,mtons
CVE-2025-9434,1000projects
CVE-2025-9435,Zohocorp
CVE-2025-9436,trustindex
CVE-2025-9437,Rockwell Automation
CVE-2025-9438,1000projects
CVE-2025-9439,1000projects
CVE-2025-9440,1000projects
CVE-2025-9441,iatspaymentsdev
CVE-2025-9442,streamweasels
CVE-2025-9443,Tenda
CVE-2025-9444,1000projects
CVE-2025-9447,Dassault Systèmes
CVE-2025-9449,Dassault Systèmes
CVE-2025-9450,Dassault Systèmes
CVE-2025-9451,smartcatai
CVE-2025-9452,Autodesk
CVE-2025-9453,Autodesk
CVE-2025-9454,Autodesk
CVE-2025-9455,Autodesk
CVE-2025-9456,Autodesk
CVE-2025-9457,Autodesk
CVE-2025-9458,Autodesk
CVE-2025-9459,Autodesk
CVE-2025-9460,Autodesk
CVE-2025-9461,diyhi
CVE-2025-9463,peachpay
CVE-2025-9464,Rockwell Automation
CVE-2025-9465,Rockwell Automation
CVE-2025-9466,Rockwell Automation
CVE-2025-9467,vaadin
CVE-2025-9468,itsourcecode
CVE-2025-9469,itsourcecode
CVE-2025-9470,itsourcecode
CVE-2025-9471,itsourcecode
CVE-2025-9472,itsourcecode
CVE-2025-9473,SourceCodester
CVE-2025-9474,Mihomo
CVE-2025-9475,SourceCodester
CVE-2025-9476,SourceCodester
CVE-2025-9478,Google
CVE-2025-9479,Google
CVE-2025-9481,Linksys
CVE-2025-9482,Linksys
CVE-2025-9483,Linksys
CVE-2025-9484,GitLab
CVE-2025-9485,cyberlord92
CVE-2025-9486,GitLab
CVE-2025-9488,davidanderson
CVE-2025-9489,cbutlerjr
CVE-2025-9490,danieliser
CVE-2025-9491,Microsoft
CVE-2025-9492,Campcodes
CVE-2025-9493,whiteshadow
CVE-2025-9494,Viessmann
CVE-2025-9495,Viessmann
CVE-2025-9496,shortpixel
CVE-2025-9497,Microchip
CVE-2025-9499,oceanwp
CVE-2025-9500,tobiasbg
CVE-2025-9502,Campcodes
CVE-2025-9503,Campcodes
CVE-2025-9504,Campcodes
CVE-2025-9505,Campcodes
CVE-2025-9506,Campcodes
CVE-2025-9507,itsourcecode
CVE-2025-9508,itsourcecode
CVE-2025-9509,itsourcecode
CVE-2025-9510,itsourcecode
CVE-2025-9511,itsourcecode
CVE-2025-9513,editso
CVE-2025-9514,macrozheng
CVE-2025-9515,mondula2016
CVE-2025-9516,docjojo
CVE-2025-9517,docjojo
CVE-2025-9518,docjojo
CVE-2025-9519,kleor
CVE-2025-9520,TP-Link Systems Inc.
CVE-2025-9521,TP-Link Systems Inc.
CVE-2025-9522,TP-Link Systems Inc.
CVE-2025-9523,Tenda
CVE-2025-9524,Axis Communications AB
CVE-2025-9525,Linksys
CVE-2025-9526,Linksys
CVE-2025-9527,Linksys
CVE-2025-9528,Linksys
CVE-2025-9529,Campcodes
CVE-2025-9531,Portabilis
CVE-2025-9532,Portabilis
CVE-2025-9533,TOTOLINK
CVE-2025-9539,rubengc
CVE-2025-9542,rubengc
CVE-2025-9548,Lenovo
CVE-2025-9549,Drupal
CVE-2025-9550,Drupal
CVE-2025-9551,Drupal
CVE-2025-9552,Drupal
CVE-2025-9553,Drupal
CVE-2025-9554,Drupal
CVE-2025-9556,Langchaingo
CVE-2025-9557,zephyrproject-rtos
CVE-2025-9558,zephyrproject-rtos
CVE-2025-9559,Pegasystems
CVE-2025-9560,extendthemes
CVE-2025-9561,hovanesvn
CVE-2025-9562,themeisle
CVE-2025-9565,creativethemeshq
CVE-2025-9566,Red Hat
CVE-2025-9567,Sunnet
CVE-2025-9568,Sunnet
CVE-2025-9569,Sunnet
CVE-2025-9570,Sunnet
CVE-2025-9571,Google Cloud
CVE-2025-9572,Red Hat
CVE-2025-9572,The Foreman
CVE-2025-9573,TYPO3
CVE-2025-9574,ABB
CVE-2025-9575,Linksys
CVE-2025-9576,seeedstudio
CVE-2025-9577,TOTOLINK
CVE-2025-9578,Acronis
CVE-2025-9579,LB-LINK
CVE-2025-9580,LB-LINK
CVE-2025-9581,Comfast
CVE-2025-9582,Comfast
CVE-2025-9583,Comfast
CVE-2025-9584,Comfast
CVE-2025-9585,Comfast
CVE-2025-9586,Comfast
CVE-2025-9588,Iron Mountain Archiving Services Inc.
CVE-2025-9589,Cudy
CVE-2025-9590,Weaver
CVE-2025-9592,itsourcecode
CVE-2025-9593,itsourcecode
CVE-2025-9594,itsourcecode
CVE-2025-9595,code-projects
CVE-2025-9596,itsourcecode
CVE-2025-9597,itsourcecode
CVE-2025-9598,itsourcecode
CVE-2025-9599,itsourcecode
CVE-2025-9600,itsourcecode
CVE-2025-9601,itsourcecode
CVE-2025-9602,Xinhu
CVE-2025-9603,Telesquare
CVE-2025-9605,Tenda
CVE-2025-9606,Portabilis
CVE-2025-9607,Portabilis
CVE-2025-9608,Portabilis
CVE-2025-9609,Portabilis
CVE-2025-9610,code-projects
CVE-2025-9611,Microsoft
CVE-2025-9612,PCI-SIG
CVE-2025-9613,PCI-SIG
CVE-2025-9614,PCI-SIG
CVE-2025-9615,Red Hat
CVE-2025-9616,alobaidi
CVE-2025-9617,evidentlycube
CVE-2025-9618,wpdreams
CVE-2025-9619,E4 Sistemas
CVE-2025-9620,edsteep
CVE-2025-9621,widgetpack
CVE-2025-9622,wpblast
CVE-2025-9623,dontcare
CVE-2025-9624,OpenSearch
CVE-2025-9625,interledger
CVE-2025-9626,softwud
CVE-2025-9627,izem
CVE-2025-9628,jh5ru
CVE-2025-9629,shenyanzhi
CVE-2025-9630,samueljesse
CVE-2025-9631,gyaku
CVE-2025-9632,vinzzb
CVE-2025-9633,shawfactor
CVE-2025-9634,jegerwan
CVE-2025-9635,ishan001
CVE-2025-9636,pgadmin.org
CVE-2025-9637,expresstech
CVE-2025-9638,Portabilis
CVE-2025-9639,Ai3
CVE-2025-9640,Red Hat
CVE-2025-9642,GitLab
CVE-2025-9643,itsourcecode
CVE-2025-9644,itsourcecode
CVE-2025-9645,itsourcecode
CVE-2025-9647,mtons
CVE-2025-9648,CivetWeb
CVE-2025-9649,appneta
CVE-2025-9650,yeqifu
CVE-2025-9651,shafhasan
CVE-2025-9652,Portabilis
CVE-2025-9653,Portabilis
CVE-2025-9654,AiondaDotCom
CVE-2025-9656,PHPGurukul
CVE-2025-9660,SourceCodester
CVE-2025-9661,Hitachi
CVE-2025-9662,code-projects
CVE-2025-9663,code-projects
CVE-2025-9664,code-projects
CVE-2025-9665,code-projects
CVE-2025-9666,code-projects
CVE-2025-9667,code-projects
CVE-2025-9669,Jinher
CVE-2025-9670,mixmark-io
CVE-2025-9671,UAB
CVE-2025-9673,Kakao
CVE-2025-9674,Transbyte
CVE-2025-9676,NCSOFT
CVE-2025-9677,Modo
CVE-2025-9678,Campcodes
CVE-2025-9679,itsourcecode
CVE-2025-9684,Portabilis
CVE-2025-9685,Portabilis
CVE-2025-9686,Portabilis
CVE-2025-9687,Portabilis
CVE-2025-9689,SourceCodester
CVE-2025-9690,SourceCodester
CVE-2025-9691,Campcodes
CVE-2025-9692,Campcodes
CVE-2025-9693,khaledsaikat
CVE-2025-9694,Campcodes
CVE-2025-9695,GalleryVault
CVE-2025-9696,SunPower
CVE-2025-9699,SourceCodester
CVE-2025-9700,SourceCodester
CVE-2025-9701,SourceCodester
CVE-2025-9702,SourceCodester
CVE-2025-9704,SourceCodester
CVE-2025-9705,SourceCodester
CVE-2025-9706,SourceCodester
CVE-2025-9708,Kubernetes
CVE-2025-9709,Nordic Semiconductor
CVE-2025-9711,Brocade
CVE-2025-9712,Ivanti
CVE-2025-9713,Ivanti
CVE-2025-9714,libxml2
CVE-2025-9720,Portabilis
CVE-2025-9721,Portabilis
CVE-2025-9722,Portabilis
CVE-2025-9723,Portabilis
CVE-2025-9724,Portabilis
CVE-2025-9725,Cudy
CVE-2025-9726,Campcodes
CVE-2025-9727,D-Link
CVE-2025-9728,givanz
CVE-2025-9729,PHPGurukul
CVE-2025-9730,itsourcecode
CVE-2025-9731,Tenda
CVE-2025-9733,code-projects
CVE-2025-9738,Portabilis
CVE-2025-9739,Campcodes
CVE-2025-9740,code-projects
CVE-2025-9741,code-projects
CVE-2025-9742,code-projects
CVE-2025-9743,code-projects
CVE-2025-9744,Campcodes
CVE-2025-9745,D-Link
CVE-2025-9746,Campcodes
CVE-2025-9748,Tenda
CVE-2025-9749,HKritesh009
CVE-2025-9750,Campcodes
CVE-2025-9751,Campcodes
CVE-2025-9752,D-Link
CVE-2025-9753,Campcodes
CVE-2025-9754,Campcodes
CVE-2025-9755,Khanakag-17
CVE-2025-9756,PHPGurukul
CVE-2025-9757,Campcodes
CVE-2025-9757,SourceCodester
CVE-2025-9758,deepakmisal24
CVE-2025-9759,Campcodes
CVE-2025-9759,SourceCodester
CVE-2025-9760,Portabilis
CVE-2025-9761,Campcodes
CVE-2025-9762,westi
CVE-2025-9763,Campcodes
CVE-2025-9764,itsourcecode
CVE-2025-9765,itsourcecode
CVE-2025-9766,itsourcecode
CVE-2025-9767,itsourcecode
CVE-2025-9768,itsourcecode
CVE-2025-9769,D-Link
CVE-2025-9770,Campcodes
CVE-2025-9771,SourceCodester
CVE-2025-9776,catfolders
CVE-2025-9778,Tenda
CVE-2025-9779,TOTOLINK
CVE-2025-9780,TOTOLINK
CVE-2025-9781,TOTOLINK
CVE-2025-9782,TOTOLINK
CVE-2025-9783,TOTOLINK
CVE-2025-9784,Red Hat
CVE-2025-9785,PaperCut
CVE-2025-9786,Campcodes
CVE-2025-9787,Zohocorp
CVE-2025-9788,Campcodes
CVE-2025-9788,SourceCodester
CVE-2025-9789,SourceCodester
CVE-2025-9790,SourceCodester
CVE-2025-9791,Tenda
CVE-2025-9792,itsourcecode
CVE-2025-9793,itsourcecode
CVE-2025-9794,Campcodes
CVE-2025-9795,xujeff
CVE-2025-9796,thinkgem
CVE-2025-9797,mrvautin
CVE-2025-9798,Netcad Software Inc.
CVE-2025-9800,SimStudioAI
CVE-2025-9801,SimStudioAI
CVE-2025-9803,lunary-ai
CVE-2025-9804,WSO2
CVE-2025-9805,SimStudioAI
CVE-2025-9806,Tenda
CVE-2025-9807,stellarwp
CVE-2025-9808,stellarwp
CVE-2025-9809,libretro
CVE-2025-9810,antirez
CVE-2025-9811,Campcodes
CVE-2025-9812,Tenda
CVE-2025-9813,Tenda
CVE-2025-9814,PHPGurukul
CVE-2025-9815,alaneuler
CVE-2025-9816,veronalabs
CVE-2025-9817,Wireshark Foundation
CVE-2025-9818,"OMRON SOCIAL SOLUTIONS CO., Ltd."
CVE-2025-9820,Red Hat
CVE-2025-9821,Mautic
CVE-2025-9822,Mautic
CVE-2025-9823,Mautic
CVE-2025-9824,Mautic
CVE-2025-9825,GitLab
CVE-2025-9826,M-Files Corporation
CVE-2025-9828,Tenda
CVE-2025-9829,PHPGurukul
CVE-2025-9830,PHPGurukul
CVE-2025-9831,PHPGurukul
CVE-2025-9832,SourceCodester
CVE-2025-9833,SourceCodester
CVE-2025-9834,PHPGurukul
CVE-2025-9835,macrozheng
CVE-2025-9836,macrozheng
CVE-2025-9837,itsourcecode
CVE-2025-9838,itsourcecode
CVE-2025-9839,itsourcecode
CVE-2025-9840,itsourcecode
CVE-2025-9841,code-projects
CVE-2025-9842,Das
CVE-2025-9843,Das
CVE-2025-9844,Salesforce
CVE-2025-9845,code-projects
CVE-2025-9846,TalentSys Consulting Information Technology Industry Inc.
CVE-2025-9847,ScriptAndTools
CVE-2025-9848,ScriptAndTools
CVE-2025-9849,alimuzzamanalim
CVE-2025-9850,evenium
CVE-2025-9851,gentlesource
CVE-2025-9852,momostefan
CVE-2025-9853,optio
CVE-2025-9854,piupiiu
CVE-2025-9855,zuotian
CVE-2025-9856,popupbuilder
CVE-2025-9857,heateor
CVE-2025-9858,mtoolstec
CVE-2025-9859,ambitioncloud
CVE-2025-9860,natata7
CVE-2025-9861,livingos
CVE-2025-9862,Ghost
CVE-2025-9865,Google
CVE-2025-9866,Google
CVE-2025-9867,Google
CVE-2025-9868,Sonatype
CVE-2025-9869,Razer
CVE-2025-9870,Razer
CVE-2025-9871,Razer
CVE-2025-9872,Ivanti
CVE-2025-9873,a3rev
CVE-2025-9874,webcodingplace
CVE-2025-9875,ticketspot
CVE-2025-9876,inforrada
CVE-2025-9877,elangovan
CVE-2025-9878,buildwps
CVE-2025-9879,slowmove
CVE-2025-9880,dejocar
CVE-2025-9881,jensg
CVE-2025-9882,michaelbo
CVE-2025-9883,bpedrassani
CVE-2025-9884,webdevabq
CVE-2025-9885,laudanumsoft
CVE-2025-9886,sergiotrinity
CVE-2025-9887,bittokazi
CVE-2025-9888,yonifre
CVE-2025-9889,contentmx
CVE-2025-9890,mndpsingh287
CVE-2025-9891,cyberlord92
CVE-2025-9892,devrix
CVE-2025-9893,milankyada
CVE-2025-9894,cristianr909090
CVE-2025-9895,umarbajwa
CVE-2025-9896,funnnny
CVE-2025-9897,hovanesvn
CVE-2025-9898,compojoom
CVE-2025-9899,trustreviews
CVE-2025-9900,Red Hat
CVE-2025-9901,Red Hat
CVE-2025-9902,AKIN Software Computer Import Export Industry and Trade Co. Ltd.
CVE-2025-9903,Canon Inc.
CVE-2025-9904,Canon Inc.
CVE-2025-9905,Keras-team
CVE-2025-9906,Keras-team
CVE-2025-9907,Red Hat
CVE-2025-9908,Red Hat
CVE-2025-9909,Red Hat
CVE-2025-9912,Nokia
CVE-2025-9913,SICK AG
CVE-2025-9914,SICK AG
CVE-2025-9918,Google Cloud
CVE-2025-9919,1000projects
CVE-2025-9920,Campcodes
CVE-2025-9921,code-projects
CVE-2025-9922,Campcodes
CVE-2025-9923,Campcodes
CVE-2025-9924,projectworlds
CVE-2025-9925,projectworlds
CVE-2025-9926,projectworlds
CVE-2025-9927,projectworlds
CVE-2025-9928,projectworlds
CVE-2025-9929,code-projects
CVE-2025-9930,1000projects
CVE-2025-9931,Jinher
CVE-2025-9932,PHPGurukul
CVE-2025-9933,PHPGurukul
CVE-2025-9934,TOTOLINK
CVE-2025-9935,TOTOLINK
CVE-2025-9936,fuyang_lipengjun
CVE-2025-9937,elunez
CVE-2025-9938,D-Link
CVE-2025-9939,CodeAstro
CVE-2025-9940,CodeAstro
CVE-2025-9941,CodeAstro
CVE-2025-9942,CodeAstro
CVE-2025-9943,Shibboleth
CVE-2025-9944,kelderic
CVE-2025-9945,aryadhiratara
CVE-2025-9946,lockerpress
CVE-2025-9947,kunalnagar
CVE-2025-9948,paulq
CVE-2025-9949,webraketen
CVE-2025-9950,bestwebsoft
CVE-2025-9951,FFmpeg
CVE-2025-9952,sergiotrinity
CVE-2025-9953,DATABASE Software Training Consulting Ltd.
CVE-2025-9954,Drupal
CVE-2025-9955,WSO2
CVE-2025-9957,GitLab
CVE-2025-9958,GitLab
CVE-2025-9960,is-localhost-ip
CVE-2025-9961,TP-Link Systems Inc.
CVE-2025-9962,Novakon
CVE-2025-9963,Novakon
CVE-2025-9964,Novakon
CVE-2025-9965,Novakon
CVE-2025-9966,Novakon
CVE-2025-9967,gsayed786
CVE-2025-9968,ASUS
CVE-2025-9969,Vizly Web Design
CVE-2025-9970,ABB
CVE-2025-9971,Planet Technology
CVE-2025-9972,Planet Technology
CVE-2025-9973,WSO2
CVE-2025-9974,Nokia
CVE-2025-9975,rico-macchi
CVE-2025-9976,Dassault Systèmes
CVE-2025-9977,Times Software
CVE-2025-9979,yonifre
CVE-2025-9980,OpenSolution
CVE-2025-9981,OpenSolution
CVE-2025-9982,OpenSolution
CVE-2025-9983,GALAYOU
CVE-2025-9984,marceljm
CVE-2025-9985,marceljm
CVE-2025-9986,Vadi Corporate Information Systems Ltd. Co.
CVE-2025-9987,broadstreetads
CVE-2025-9988,broadstreetads
CVE-2025-9989,broadstreetads
CVE-2025-9990,smackcoders
CVE-2025-9991,migli
CVE-2025-9992,nko
CVE-2025-9993,d3rd4v1d
CVE-2025-9994,Amped RF
CVE-2025-9996,Schneider Electric
CVE-2025-9997,Schneider Electric
CVE-2025-9998,arcinfo
CVE-2025-9999,arcinfo
CVE-2025-10000,wpchill
CVE-2025-10001,wpallimport
CVE-2025-10002,clickwhale
CVE-2025-10003,stiofansisland
CVE-2025-10004,GitLab
CVE-2025-10005,buildwps
CVE-2025-10006,wpbakery
CVE-2025-10008,remyb92
CVE-2025-10009,Invoice Ninja
CVE-2025-10010,CPSD IT SERVICES GMBH
CVE-2025-10011,Portabilis
CVE-2025-10012,Portabilis
CVE-2025-10013,Portabilis
CVE-2025-10014,elunez
CVE-2025-10015,Sparkle Project
CVE-2025-10016,Sparkle Project
CVE-2025-10018,OpenSolution
CVE-2025-10019,codepeople
CVE-2025-10020,Zohocorp
CVE-2025-10021,Open Design Alliance
CVE-2025-10023,Centreon
CVE-2025-10024,EXERT Computer Technologies Software Ltd. Co.
CVE-2025-10025,PHPGurukul
CVE-2025-10026,itsourcecode
CVE-2025-10027,itsourcecode
CVE-2025-10028,itsourcecode
CVE-2025-10029,itsourcecode
CVE-2025-10030,Campcodes
CVE-2025-10031,Campcodes
CVE-2025-10032,Campcodes
CVE-2025-10033,itsourcecode
CVE-2025-10034,D-Link
CVE-2025-10035,Fortra
CVE-2025-10036,marceljm
CVE-2025-10037,marceljm
CVE-2025-10038,letscms
CVE-2025-10039,elextensions
CVE-2025-10040,smackcoders
CVE-2025-10041,ajitdas
CVE-2025-10042,ays-pro
CVE-2025-10044,Keycloak
CVE-2025-10044,Red Hat
CVE-2025-10045,onofficeweb
CVE-2025-10046,elextensions
CVE-2025-10047,pmbaldha
CVE-2025-10048,wphocus
CVE-2025-10049,nik00726
CVE-2025-10050,eskapism
CVE-2025-10051,themeinwp
CVE-2025-10053,exlac
CVE-2025-10054,elextensions
CVE-2025-10055,mrdenny
CVE-2025-10056,miunosoft
CVE-2025-10057,smackcoders
CVE-2025-10058,smackcoders
CVE-2025-10059,MongoDB Inc
CVE-2025-10060,MongoDB Inc
CVE-2025-10061,MongoDB Inc
CVE-2025-10062,itsourcecode
CVE-2025-10063,itsourcecode
CVE-2025-10064,itsourcecode
CVE-2025-10065,itsourcecode
CVE-2025-10066,itsourcecode
CVE-2025-10067,itsourcecode
CVE-2025-10068,itsourcecode
CVE-2025-10070,Portabilis
CVE-2025-10071,Portabilis
CVE-2025-10072,Portabilis
CVE-2025-10073,Portabilis
CVE-2025-10074,Portabilis
CVE-2025-10075,SourceCodester
CVE-2025-10076,SourceCodester
CVE-2025-10077,SourceCodester
CVE-2025-10078,SourceCodester
CVE-2025-10079,PHPGurukul
CVE-2025-10080,running-elephant
CVE-2025-10081,SourceCodester
CVE-2025-10082,SourceCodester
CVE-2025-10083,SourceCodester
CVE-2025-10084,elunez
CVE-2025-10085,SourceCodester
CVE-2025-10086,fuyang_lipengjun
CVE-2025-10087,SourceCodester
CVE-2025-10088,SourceCodester
CVE-2025-10089,Mitsubishi Electric Corporation
CVE-2025-10090,Jinher
CVE-2025-10091,Jinher
CVE-2025-10092,Jinher
CVE-2025-10093,D-Link
CVE-2025-10094,GitLab
CVE-2025-10095,Proximus sp. z o.o.
CVE-2025-10096,SimStudioAI
CVE-2025-10097,SimStudioAI
CVE-2025-10098,PHPGurukul
CVE-2025-10099,Portabilis
CVE-2025-10100,SourceCodester
CVE-2025-10101,Gen Digital
CVE-2025-10102,code-projects
CVE-2025-10103,code-projects
CVE-2025-10104,code-projects
CVE-2025-10105,yanyutao0402
CVE-2025-10106,yanyutao0402
CVE-2025-10107,TRENDnet
CVE-2025-10108,Campcodes
CVE-2025-10109,Campcodes
CVE-2025-10111,itsourcecode
CVE-2025-10112,itsourcecode
CVE-2025-10113,itsourcecode
CVE-2025-10114,PHPGurukul
CVE-2025-10117,SourceCodester
CVE-2025-10118,itsourcecode
CVE-2025-10120,Tenda
CVE-2025-10123,D-Link
CVE-2025-10125,strangerstudios
CVE-2025-10126,markohoven
CVE-2025-10127,Daikin Europe N.V
CVE-2025-10128,michaellow
CVE-2025-10129,miksco
CVE-2025-10130,stripeswp
CVE-2025-10131,codiblog
CVE-2025-10132,dash8x
CVE-2025-10133,salamzadeh
CVE-2025-10134,Bearsthemes
CVE-2025-10135,falldeaf
CVE-2025-10136,douglaskarr
CVE-2025-10137,inc2734
CVE-2025-10138,andrex84
CVE-2025-10139,remko
CVE-2025-10140,andreiigna
CVE-2025-10141,digiseller
CVE-2025-10142,martins56
CVE-2025-10143,catchthemes
CVE-2025-10144,quadlayers
CVE-2025-10146,codename065
CVE-2025-10147,eteubert
CVE-2025-10148,curl
CVE-2025-10150,Softing Industrial Automation GmbH
CVE-2025-10151,Softing Industrial Automation GmbH
CVE-2025-10155,mmaitre314
CVE-2025-10156,mmaitre314
CVE-2025-10157,mmaitre314
CVE-2025-10158,rsync
CVE-2025-10159,Sophos
CVE-2025-10161,Turkguven Software Technologies Inc.
CVE-2025-10163,fernandobt
CVE-2025-10164,lmsys
CVE-2025-10165,hovanesvn
CVE-2025-10166,tw2113
CVE-2025-10167,wpcodefactory
CVE-2025-10168,mucasoft
CVE-2025-10169,UTT
CVE-2025-10170,UTT
CVE-2025-10171,UTT
CVE-2025-10172,UTT
CVE-2025-10173,roxnor
CVE-2025-10174,Pan Software & Information Technologies Ltd.
CVE-2025-10175,rico-macchi
CVE-2025-10176,tvcnet
CVE-2025-10178,creativemindssolutions
CVE-2025-10179,myaskai
CVE-2025-10180,jhoppe
CVE-2025-10181,dartiss
CVE-2025-10182,john-ackers
CVE-2025-10183,TecCom
CVE-2025-10184,OnePlus
CVE-2025-10185,webaways
CVE-2025-10186,jjlemstra
CVE-2025-10187,creative-solutions-1
CVE-2025-10188,tvcnet
CVE-2025-10189,mrwulf
CVE-2025-10190,husainahmedqureshi
CVE-2025-10191,fusedsoftware
CVE-2025-10192,muhammad-rehman
CVE-2025-10193,neo4j
CVE-2025-10194,eflyjason
CVE-2025-10196,sdebois
CVE-2025-10197,HJSoft
CVE-2025-10198,LizardByte
CVE-2025-10199,LizardByte
CVE-2025-10200,Google
CVE-2025-10201,Google
CVE-2025-10203,Digilent
CVE-2025-10204,LG Electronics
CVE-2025-10205,ABB
CVE-2025-10207,ABB
CVE-2025-10209,Papermerge
CVE-2025-10210,yanyutao0402
CVE-2025-10211,yanyutao0402
CVE-2025-10212,sitealert
CVE-2025-10213,UPDF
CVE-2025-10214,UPDF
CVE-2025-10215,UPDF
CVE-2025-10217,Hitachi Energy
CVE-2025-10218,lostvip-com
CVE-2025-10220,AxxonSoft
CVE-2025-10221,AxxonSoft
CVE-2025-10222,AxxonSoft
CVE-2025-10223,AxxonSoft
CVE-2025-10224,AxxonSoft
CVE-2025-10225,AxxonSoft
CVE-2025-10226,AxxonSoft
CVE-2025-10227,AxxonSoft
CVE-2025-10228,Rolantis Information Technologies
CVE-2025-10230,Red Hat
CVE-2025-10231,N-able
CVE-2025-10233,kalcaddle
CVE-2025-10236,binary-husky
CVE-2025-10237,Lenovo
CVE-2025-10238,Lenovo
CVE-2025-10239,Progress Software
CVE-2025-10240,Progress Software
CVE-2025-10242,Ivanti
CVE-2025-10243,Ivanti
CVE-2025-10244,Autodesk
CVE-2025-10245,Display Painéis
CVE-2025-10246,lokibhardwaj
CVE-2025-10249,Revolution Slider
CVE-2025-10250,DJI
CVE-2025-10252,SEAT
CVE-2025-10254,Ascensio System SIA
CVE-2025-10255,Ascensio System SIA
CVE-2025-10258,Nokia
CVE-2025-10259,Mitsubishi Electric Corporation
CVE-2025-10262,Nokia
CVE-2025-10263,Arm
CVE-2025-10264,Digiever
CVE-2025-10265,Digiever
CVE-2025-10266,NewType Infortech
CVE-2025-10267,NewType Infortech
CVE-2025-10269,Theme-Spirit
CVE-2025-10271,erjinzhi
CVE-2025-10272,erjinzhi
CVE-2025-10273,erjinzhi
CVE-2025-10274,erjinzhi
CVE-2025-10275,YunaiV
CVE-2025-10276,YunaiV
CVE-2025-10277,YunaiV
CVE-2025-10278,YunaiV
CVE-2025-10279,mlflow
CVE-2025-10280,SailPoint Technologies
CVE-2025-10281,"BLSOPS, LLC"
CVE-2025-10282,"BLSOPS, LLC"
CVE-2025-10283,"BLSOPS, LLC"
CVE-2025-10284,"BLSOPS, LLC"
CVE-2025-10285,silabs.com
CVE-2025-10287,roncoo
CVE-2025-10288,roncoo
CVE-2025-10289,wssoffice21
CVE-2025-10290,Mozilla
CVE-2025-10291,linlinjava
CVE-2025-10293,nexist
CVE-2025-10294,victornavarro
CVE-2025-10295,kayapati
CVE-2025-10299,hakik
CVE-2025-10300,fmeaddons
CVE-2025-10301,flenskiproject
CVE-2025-10302,hameha
CVE-2025-10303,owthub
CVE-2025-10304,everestthemes
CVE-2025-10305,endisha
CVE-2025-10306,backupbolt
CVE-2025-10307,softaculous
CVE-2025-10308,alian
CVE-2025-10309,bsmye
CVE-2025-10310,jayce53
CVE-2025-10311,tom_riddle
CVE-2025-10312,steve-forster
CVE-2025-10313,jankimoradiya
CVE-2025-10314,Mitsubishi Electric Corporation
CVE-2025-10316,TYPO3
CVE-2025-10317,OpenSolution
CVE-2025-10320,iteachyou
CVE-2025-10321,Wavlink
CVE-2025-10322,Wavlink
CVE-2025-10323,Wavlink
CVE-2025-10324,Wavlink
CVE-2025-10325,Wavlink
CVE-2025-10326,MiczFlor
CVE-2025-10327,MiczFlor
CVE-2025-10328,MiczFlor
CVE-2025-10329,cdevroe
CVE-2025-10330,cdevroe
CVE-2025-10331,cdevroe
CVE-2025-10332,cdevroe
CVE-2025-10340,WhatCD
CVE-2025-10341,Perfex CRM
CVE-2025-10342,Perfex CRM
CVE-2025-10343,Perfex CRM
CVE-2025-10344,Perfex CRM
CVE-2025-10345,Perfex CRM
CVE-2025-10346,Perfex CRM
CVE-2025-10348,Eveo
CVE-2025-10350,CGM
CVE-2025-10351,Melis Technology
CVE-2025-10352,Melis Technology
CVE-2025-10353,Melis Technology
CVE-2025-10354,Semantic MediaWiki
CVE-2025-10355,MOLGENIS
CVE-2025-10358,Wavlink
CVE-2025-10359,Wavlink
CVE-2025-10360,Perforce
CVE-2025-10363,Topal Solutions AG
CVE-2025-10364,Evertz
CVE-2025-10365,Evertz
CVE-2025-10366,MiczFlor
CVE-2025-10367,MiczFlor
CVE-2025-10368,MiczFlor
CVE-2025-10369,MiczFlor
CVE-2025-10370,MiczFlor
CVE-2025-10371,eCharge Hardy Barth
CVE-2025-10372,Portabilis
CVE-2025-10373,Portabilis
CVE-2025-10374,Shenzhen Sixun
CVE-2025-10375,accessibewp
CVE-2025-10376,ercbs
CVE-2025-10377,qriouslad
CVE-2025-10380,wplakeorg
CVE-2025-10383,contest-gallery
CVE-2025-10384,yangzongzhuan
CVE-2025-10385,Mercury
CVE-2025-10386,Yida
CVE-2025-10387,codesiddhant
CVE-2025-10388,Selleo
CVE-2025-10392,Mercury
CVE-2025-10393,miurla
CVE-2025-10394,fcba_zzm
CVE-2025-10395,Magicblack
CVE-2025-10396,SourceCodester
CVE-2025-10397,Magicblack
CVE-2025-10398,fcba_zzm
CVE-2025-10399,Korzh
CVE-2025-10400,SourceCodester
CVE-2025-10401,D-Link
CVE-2025-10402,PHPGurukul
CVE-2025-10403,PHPGurukul
CVE-2025-10404,itsourcecode
CVE-2025-10405,itsourcecode
CVE-2025-10407,SourceCodester
CVE-2025-10408,SourceCodester
CVE-2025-10409,SourceCodester
CVE-2025-10410,SourceCodester
CVE-2025-10411,itsourcecode
CVE-2025-10412,MooMoo
CVE-2025-10413,Campcodes
CVE-2025-10414,Campcodes
CVE-2025-10415,Campcodes
CVE-2025-10416,Campcodes
CVE-2025-10417,Campcodes
CVE-2025-10418,SourceCodester
CVE-2025-10419,SourceCodester
CVE-2025-10420,SourceCodester
CVE-2025-10421,SourceCodester
CVE-2025-10424,1000projects
CVE-2025-10425,1000projects
CVE-2025-10426,itsourcecode
CVE-2025-10427,SourceCodester
CVE-2025-10428,SourceCodester
CVE-2025-10429,SourceCodester
CVE-2025-10430,SourceCodester
CVE-2025-10431,SourceCodester
CVE-2025-10432,Tenda
CVE-2025-10433,1Panel-dev
CVE-2025-10435,Campcodes
CVE-2025-10436,Campcodes
CVE-2025-10437,Eksagate Electronic Engineering and Computer Industry Trade Inc.
CVE-2025-10438,Yordam Information Technology Consulting Education and Electrical Systems Industry Trade Inc.
CVE-2025-10439,Yordam Informatics
CVE-2025-10440,D-Link
CVE-2025-10441,D-Link
CVE-2025-10442,Tenda
CVE-2025-10443,Tenda
CVE-2025-10444,Campcodes
CVE-2025-10445,Campcodes
CVE-2025-10446,Campcodes
CVE-2025-10447,Campcodes
CVE-2025-10448,Campcodes
CVE-2025-10449,Saysis Computer Systems Trade Ltd. Co.
CVE-2025-10450,RTI
CVE-2025-10451,Insyde Software
CVE-2025-10452,Gotac
CVE-2025-10453,PilotGaea Technologies
CVE-2025-10456,zephyrproject-rtos
CVE-2025-10457,zephyrproject-rtos
CVE-2025-10458,zephyrproject-rtos
CVE-2025-10459,PHPGurukul
CVE-2025-10460,BEIMS
CVE-2025-10461,Softing
CVE-2025-10463,Birtech Information Technologies Industry and Trade Ltd. Co.
CVE-2025-10464,Birtech Information Technologies Industry and Trade Ltd. Co.
CVE-2025-10465,Birtech Information Technologies Industry and Trade Ltd. Co.
CVE-2025-10466,Synology
CVE-2025-10467,PROLIZ Computer Software Hardware Service Trade Ltd. Co.
CVE-2025-10468,Beyaz Computer
CVE-2025-10470,WSO2
CVE-2025-10472,harry0703
CVE-2025-10473,yangzongzhuan
CVE-2025-10476,emrevona
CVE-2025-10477,kidaze
CVE-2025-10479,SourceCodester
CVE-2025-10480,SourceCodester
CVE-2025-10481,SourceCodester
CVE-2025-10482,SourceCodester
CVE-2025-10483,SourceCodester
CVE-2025-10484,FmeAddons
CVE-2025-10485,pojoin
CVE-2025-10486,steadycontent
CVE-2025-10487,monetizemore
CVE-2025-10488,wpwax
CVE-2025-10489,brainstormforce
CVE-2025-10490,dylanjkotze
CVE-2025-10491,MongoDB Inc
CVE-2025-10492,Jaspersoft
CVE-2025-10493,prasunsen
CVE-2025-10494,stylemix
CVE-2025-10495,Lenovo
CVE-2025-10496,christophrado
CVE-2025-10497,GitLab
CVE-2025-10498,kstover
CVE-2025-10499,kstover
CVE-2025-10500,Google
CVE-2025-10501,Google
CVE-2025-10502,Google
CVE-2025-10503,WSO2
CVE-2025-10504,ABB
CVE-2025-10527,Mozilla
CVE-2025-10528,Mozilla
CVE-2025-10529,Mozilla
CVE-2025-10530,Mozilla
CVE-2025-10531,Mozilla
CVE-2025-10532,Mozilla
CVE-2025-10533,Mozilla
CVE-2025-10534,Mozilla
CVE-2025-10535,Mozilla
CVE-2025-10536,Mozilla
CVE-2025-10537,Mozilla
CVE-2025-10538,LG Innotek
CVE-2025-10539,DeskTime
CVE-2025-10540,iMonitor Software Inc.
CVE-2025-10541,iMonitor Software Inc.
CVE-2025-10542,iMonitor Software Inc.
CVE-2025-10543,Eclipse Foundation
CVE-2025-10544,AvePoint
CVE-2025-10545,Mattermost
CVE-2025-10546,PPC Technologies
CVE-2025-10547,DrayTek Corporation
CVE-2025-10548,CleverControl
CVE-2025-10549,"EfficientLab, LLC"
CVE-2025-10551,Dassault Systèmes
CVE-2025-10552,Dassault Systèmes
CVE-2025-10553,Dassault Systèmes
CVE-2025-10554,Dassault Systèmes
CVE-2025-10555,Dassault Systèmes
CVE-2025-10556,Dassault Systèmes
CVE-2025-10557,Dassault Systèmes
CVE-2025-10558,Dassault Systèmes
CVE-2025-10559,Dassault Systèmes
CVE-2025-10560,"Silver Leaf Technologies, Inc."
CVE-2025-10562,Campcodes
CVE-2025-10563,Campcodes
CVE-2025-10564,Campcodes
CVE-2025-10565,Campcodes
CVE-2025-10566,Campcodes
CVE-2025-10568,HP Inc.
CVE-2025-10569,GitLab
CVE-2025-10570,wpdesk
CVE-2025-10571,ABB
CVE-2025-10573,Ivanti
CVE-2025-10575,ivycat
CVE-2025-10576,"HP, Inc."
CVE-2025-10577,"HP, Inc."
CVE-2025-10578,HP Inc.
CVE-2025-10579,wp_media
CVE-2025-10580,marketingfire
CVE-2025-10581,Lenovo
CVE-2025-10582,ekndev
CVE-2025-10583,emrevona
CVE-2025-10584,Portabilis
CVE-2025-10585,Google
CVE-2025-10586,jackdewey
CVE-2025-10587,jackdewey
CVE-2025-10588,pixelyoursite
CVE-2025-10589,N-Partner
CVE-2025-10590,Portabilis
CVE-2025-10591,Portabilis
CVE-2025-10592,itsourcecode
CVE-2025-10593,SourceCodester
CVE-2025-10594,SourceCodester
CVE-2025-10595,SourceCodester
CVE-2025-10596,SourceCodester
CVE-2025-10597,kidaze
CVE-2025-10598,SourceCodester
CVE-2025-10599,itsourcecode
CVE-2025-10600,SourceCodester
CVE-2025-10601,SourceCodester
CVE-2025-10602,SourceCodester
CVE-2025-10603,PHPGurukul
CVE-2025-10604,PHPGurukul
CVE-2025-10605,Portabilis
CVE-2025-10606,Portabilis
CVE-2025-10607,Portabilis
CVE-2025-10608,Portabilis
CVE-2025-10609,Logo Software Inc.
CVE-2025-10610,SFS Consulting Information Processing Industry and Foreign Trade Inc.
CVE-2025-10611,WSO2
CVE-2025-10612,giSoft Information Technologies
CVE-2025-10613,itsourcecode
CVE-2025-10614,itsourcecode
CVE-2025-10615,itsourcecode
CVE-2025-10616,itsourcecode
CVE-2025-10617,SourceCodester
CVE-2025-10618,itsourcecode
CVE-2025-10619,sequa-ai
CVE-2025-10620,itsourcecode
CVE-2025-10621,SourceCodester
CVE-2025-10622,Red Hat
CVE-2025-10622,The Foreman
CVE-2025-10623,SourceCodester
CVE-2025-10624,PHPGurukul
CVE-2025-10625,SourceCodester
CVE-2025-10626,SourceCodester
CVE-2025-10627,SourceCodester
CVE-2025-10628,D-Link
CVE-2025-10629,D-Link
CVE-2025-10630,Grafana
CVE-2025-10631,itsourcecode
CVE-2025-10632,itsourcecode
CVE-2025-10634,D-Link
CVE-2025-10637,quadlayers
CVE-2025-10639,EfficientLab
CVE-2025-10640,EfficientLab
CVE-2025-10641,EfficientLab
CVE-2025-10642,wangchenyi1996
CVE-2025-10643,Wondershare
CVE-2025-10644,Wondershare
CVE-2025-10645,webfactory
CVE-2025-10646,quadlayers
CVE-2025-10647,salzano
CVE-2025-10648,cyberlord92
CVE-2025-10649,uscnanbu
CVE-2025-10650,SoftIron
CVE-2025-10651,uscnanbu
CVE-2025-10652,robcore89
CVE-2025-10653,Raise3D
CVE-2025-10655,Frappe
CVE-2025-10656,holest
CVE-2025-10657,Docker
CVE-2025-10658,psmplugins
CVE-2025-10659,MegaSys
CVE-2025-10660,nicholasbosch
CVE-2025-10663,PHPGurukul
CVE-2025-10664,PHPGurukul
CVE-2025-10665,kidaze
CVE-2025-10666,D-Link
CVE-2025-10667,itsourcecode
CVE-2025-10668,itsourcecode
CVE-2025-10670,itsourcecode
CVE-2025-10671,youth-is-as-pale-as-poetry
CVE-2025-10672,whuan132
CVE-2025-10673,itsourcecode
CVE-2025-10674,fuyang_lipengjun
CVE-2025-10675,fuyang_lipengjun
CVE-2025-10676,fuyang_lipengjun
CVE-2025-10678,NetBird VPN
CVE-2025-10679,reviewx
CVE-2025-10680,OpenVPN
CVE-2025-10681,Gardyn
CVE-2025-10682,tariffuxx
CVE-2025-10683,yudiz
CVE-2025-10685,Softing
CVE-2025-10687,SourceCodester
CVE-2025-10688,SourceCodester
CVE-2025-10689,D-Link
CVE-2025-10690,Bearsthemes
CVE-2025-10691,yudiz
CVE-2025-10692,OpenSupports
CVE-2025-10693,silabs.com
CVE-2025-10694,smub
CVE-2025-10695,OpenSupports
CVE-2025-10696,OpenSupports
CVE-2025-10699,Lenovo
CVE-2025-10700,elemntor
CVE-2025-10701,scottpaterson
CVE-2025-10702,Progress
CVE-2025-10703,Progress
CVE-2025-10705,mxchat
CVE-2025-10706,Cridio Studio
CVE-2025-10708,Four-Faith
CVE-2025-10709,Four-Faith
CVE-2025-10713,WSO2
CVE-2025-10714,Axis Communications AB
CVE-2025-10715,APEUni
CVE-2025-10716,Creality
CVE-2025-10717,intsig
CVE-2025-10718,Ooma
CVE-2025-10719,WisdomGarden
CVE-2025-10721,Webull
CVE-2025-10722,SKTLab
CVE-2025-10725,opendatahub-io
CVE-2025-10725,Red Hat
CVE-2025-10726,quantumrose
CVE-2025-10727,ArkSigner Software and Hardware Inc.
CVE-2025-10728,Qt
CVE-2025-10729,Qt
CVE-2025-10730,gopiplushotmailcom
CVE-2025-10731,reviewx
CVE-2025-10732,brainstormforce
CVE-2025-10734,reviewx
CVE-2025-10735,bplugins
CVE-2025-10736,reviewx
CVE-2025-10737,StudioPress
CVE-2025-10738,rupok98
CVE-2025-10740,rupok98
CVE-2025-10741,Selleo
CVE-2025-10742,dreamstechnologies
CVE-2025-10743,maycorolbuche1
CVE-2025-10744,softdiscover
CVE-2025-10745,specialk
CVE-2025-10746,cyberlord92
CVE-2025-10747,gamerz
CVE-2025-10748,onlinediagnosticbd
CVE-2025-10749,10up
CVE-2025-10750,cyberlord92
CVE-2025-10751,MacEnhance
CVE-2025-10752,cyberlord92
CVE-2025-10753,cyberlord92
CVE-2025-10754,geolocationtechnology
CVE-2025-10755,Selleo
CVE-2025-10756,UTT
CVE-2025-10757,UTT
CVE-2025-10759,Webkul
CVE-2025-10762,kuaifan
CVE-2025-10763,academico-sis
CVE-2025-10764,SeriaWei
CVE-2025-10765,SeriaWei
CVE-2025-10766,SeriaWei
CVE-2025-10767,CosmodiumCS
CVE-2025-10768,h2oai
CVE-2025-10769,h2oai
CVE-2025-10770,jeecgboot
CVE-2025-10771,jeecgboot
CVE-2025-10772,huggingface
CVE-2025-10773,B-Link
CVE-2025-10774,Ruijie
CVE-2025-10775,Wavlink
CVE-2025-10776,LionCoders
CVE-2025-10777,JSC R7
CVE-2025-10779,D-Link
CVE-2025-10780,CodeAstro
CVE-2025-10781,Campcodes
CVE-2025-10782,Campcodes
CVE-2025-10783,Campcodes
CVE-2025-10784,Campcodes
CVE-2025-10785,Campcodes
CVE-2025-10786,Campcodes
CVE-2025-10788,SourceCodester
CVE-2025-10789,SourceCodester
CVE-2025-10790,SourceCodester
CVE-2025-10791,code-projects
CVE-2025-10792,D-Link
CVE-2025-10793,code-projects
CVE-2025-10794,PHPGurukul
CVE-2025-10795,code-projects
CVE-2025-10796,code-projects
CVE-2025-10797,code-projects
CVE-2025-10798,code-projects
CVE-2025-10799,code-projects
CVE-2025-10800,itsourcecode
CVE-2025-10801,SourceCodester
CVE-2025-10802,code-projects
CVE-2025-10803,Tenda
CVE-2025-10804,Campcodes
CVE-2025-10805,Campcodes
CVE-2025-10806,Campcodes
CVE-2025-10807,Campcodes
CVE-2025-10808,Campcodes
CVE-2025-10809,Campcodes
CVE-2025-10810,Campcodes
CVE-2025-10811,code-projects
CVE-2025-10812,code-projects
CVE-2025-10813,code-projects
CVE-2025-10814,D-Link
CVE-2025-10815,Tenda
CVE-2025-10816,Jinher
CVE-2025-10817,Campcodes
CVE-2025-10819,fuyang_lipengjun
CVE-2025-10820,fuyang_lipengjun
CVE-2025-10821,fuyang_lipengjun
CVE-2025-10822,fuyang_lipengjun
CVE-2025-10823,axboe
CVE-2025-10824,axboe
CVE-2025-10825,Campcodes
CVE-2025-10826,Campcodes
CVE-2025-10827,PHPJabbers
CVE-2025-10828,SourceCodester
CVE-2025-10829,Campcodes
CVE-2025-10830,Campcodes
CVE-2025-10831,Campcodes
CVE-2025-10832,SourceCodester
CVE-2025-10833,1000projects
CVE-2025-10834,itsourcecode
CVE-2025-10835,SourceCodester
CVE-2025-10836,SourceCodester
CVE-2025-10837,code-projects
CVE-2025-10838,Tenda
CVE-2025-10839,SourceCodester
CVE-2025-10840,SourceCodester
CVE-2025-10841,code-projects
CVE-2025-10842,code-projects
CVE-2025-10843,Reservation
CVE-2025-10844,Portabilis
CVE-2025-10845,Portabilis
CVE-2025-10846,Portabilis
CVE-2025-10847,Broadcom
CVE-2025-10848,Campcodes
CVE-2025-10849,RiceTheme
CVE-2025-10850,RiceTheme
CVE-2025-10851,Campcodes
CVE-2025-10853,WSO2
CVE-2025-10855,Solvera Software Services Trade Inc.
CVE-2025-10856,Solvera Software Services Trade Inc.
CVE-2025-10857,Campcodes
CVE-2025-10858,GitLab
CVE-2025-10859,Mozilla
CVE-2025-10861,roxnor
CVE-2025-10862,roxnor
CVE-2025-10865,Imagination Technologies
CVE-2025-10867,GitLab
CVE-2025-10868,GitLab
CVE-2025-10869,Oct8ne
CVE-2025-10870,DIAL
CVE-2025-10871,GitLab
CVE-2025-10875,Salesforce
CVE-2025-10876,Talent Software
CVE-2025-10878,Insaat
CVE-2025-10879,Dingtian
CVE-2025-10880,Dingtian
CVE-2025-10881,Autodesk
CVE-2025-10882,Autodesk
CVE-2025-10883,Autodesk
CVE-2025-10884,Autodesk
CVE-2025-10885,Autodesk
CVE-2025-10886,Autodesk
CVE-2025-10887,Autodesk
CVE-2025-10888,Autodesk
CVE-2025-10889,Autodesk
CVE-2025-10890,Google
CVE-2025-10891,Google
CVE-2025-10892,Google
CVE-2025-10894,Red Hat
CVE-2025-10896,litonice13
CVE-2025-10897,JMA Plugins
CVE-2025-10898,Autodesk
CVE-2025-10899,Autodesk
CVE-2025-10900,Autodesk
CVE-2025-10901,originalityai
CVE-2025-10902,originalityai
CVE-2025-10903,GitLab
CVE-2025-10905,Avast
CVE-2025-10906,Magnetism Studios
CVE-2025-10907,WSO2
CVE-2025-10908,WSO2
CVE-2025-10909,Mangati
CVE-2025-10910,Govee
CVE-2025-10911,Red Hat
CVE-2025-10912,Saastech Cleaning and Internet Services Inc.
CVE-2025-10913,Saastech Cleaning and Internet Services Inc.
CVE-2025-10914,Proliz Software Ltd. Co.
CVE-2025-10918,Ivanti
CVE-2025-10920,GIMP
CVE-2025-10921,GIMP
CVE-2025-10922,GIMP
CVE-2025-10923,GIMP
CVE-2025-10924,GIMP
CVE-2025-10925,GIMP
CVE-2025-10926,Drupal
CVE-2025-10927,Drupal
CVE-2025-10928,Drupal
CVE-2025-10929,Drupal
CVE-2025-10930,Drupal
CVE-2025-10931,Drupal
CVE-2025-10932,Progress
CVE-2025-10933,silabs.com
CVE-2025-10934,GIMP
CVE-2025-10937,Oxford Nano Technologies
CVE-2025-10938,admintwentytwenty
CVE-2025-10939,Keycloak
CVE-2025-10939,Red Hat
CVE-2025-10940,Total.js
CVE-2025-10941,Topaz
CVE-2025-10942,H3C
CVE-2025-10943,MikeCen
CVE-2025-10944,yi-ge
CVE-2025-10945,nuz007
CVE-2025-10946,nuz007
CVE-2025-10947,Sistemas Pleno
CVE-2025-10948,MikroTik
CVE-2025-10949,Changsha Developer Technology
CVE-2025-10950,geyang
CVE-2025-10951,geyang
CVE-2025-10952,geyang
CVE-2025-10953,UTT
CVE-2025-10955,Netcad Software Inc.
CVE-2025-10957,Syrotech Networks
CVE-2025-10958,Wavlink
CVE-2025-10959,Wavlink
CVE-2025-10960,Wavlink
CVE-2025-10961,Wavlink
CVE-2025-10962,Wavlink
CVE-2025-10963,Wavlink
CVE-2025-10964,Wavlink
CVE-2025-10965,LazyAGI
CVE-2025-10966,curl
CVE-2025-10967,MuFen-mker
CVE-2025-10968,GG Soft Software Services Inc.
CVE-2025-10969,Farktor Software E-Commerce Services Inc.
CVE-2025-10970,Kolay Software Inc.
CVE-2025-10971,FERMAX ELECTRÓNICA S.A.U
CVE-2025-10973,JackieDYH
CVE-2025-10974,giantspatula
CVE-2025-10975,GuanxingLu
CVE-2025-10985,Ivanti
CVE-2025-10986,Ivanti
CVE-2025-10987,YunaiV
CVE-2025-10988,YunaiV
CVE-2025-10989,yangzongzhuan
CVE-2025-10990,Red Hat
CVE-2025-10991,TP-Link Systems Inc.
CVE-2025-10992,roncoo
CVE-2025-11001,7-Zip
CVE-2025-11002,7-Zip
CVE-2025-11003,admintwentytwenty
CVE-2025-11004,silabs.com
CVE-2025-11005,TOTOLINK
CVE-2025-11007,ce21com
CVE-2025-11008,ce21com
CVE-2025-11009,Mitsubishi Electric Corporation
CVE-2025-11010,vstakhov
CVE-2025-11014,OGRECave
CVE-2025-11015,OGRECave
CVE-2025-11016,kalcaddle
CVE-2025-11017,OGRECave
CVE-2025-11018,Four-Faith
CVE-2025-11019,Total.js
CVE-2025-11020,MarkAny
CVE-2025-11021,Red Hat
CVE-2025-11022,Personal Project
CVE-2025-11023,ArkSigner Software and Hardware Inc.
CVE-2025-11024,Akilli Commerce Software Technologies Ltd. Co.
CVE-2025-11025,Vimesoft Information Technologies and Software Inc.
CVE-2025-11026,givanz
CVE-2025-11027,givanz
CVE-2025-11028,givanz
CVE-2025-11029,givanz
CVE-2025-11030,Tutorials-Website
CVE-2025-11032,kidaze
CVE-2025-11033,kidaze
CVE-2025-11034,Dibo
CVE-2025-11035,Jinher
CVE-2025-11036,code-projects
CVE-2025-11037,code-projects
CVE-2025-11038,itsourcecode
CVE-2025-11039,Campcodes
CVE-2025-11040,code-projects
CVE-2025-11041,itsourcecode
CVE-2025-11042,GitLab
CVE-2025-11043,B&R Industrial Automation GmbH
CVE-2025-11044,B&R Industrial Automation GmbH
CVE-2025-11045,WAYOS
CVE-2025-11046,Tencent
CVE-2025-11047,Portabilis
CVE-2025-11048,Portabilis
CVE-2025-11049,Portabilis
CVE-2025-11050,Portabilis
CVE-2025-11051,SourceCodester
CVE-2025-11052,kidaze
CVE-2025-11053,PHPGurukul
CVE-2025-11054,itsourcecode
CVE-2025-11055,SourceCodester
CVE-2025-11056,ProjectsAndPrograms
CVE-2025-11057,SourceCodester
CVE-2025-11060,Red Hat
CVE-2025-11061,Campcodes
CVE-2025-11062,Campcodes
CVE-2025-11063,Campcodes
CVE-2025-11064,Campcodes
CVE-2025-11065,Red Hat
CVE-2025-11066,code-projects
CVE-2025-11067,Projectworlds
CVE-2025-11068,westboy
CVE-2025-11069,westboy
CVE-2025-11070,Projectworlds
CVE-2025-11073,Keyfactor
CVE-2025-11074,code-projects
CVE-2025-11075,Campcodes
CVE-2025-11076,Campcodes
CVE-2025-11077,Campcodes
CVE-2025-11078,itsourcecode
CVE-2025-11079,Campcodes
CVE-2025-11080,zhuimengshaonian
CVE-2025-11081,GNU
CVE-2025-11082,GNU
CVE-2025-11083,GNU
CVE-2025-11084,Rockwell Automation
CVE-2025-11085,Rockwell Automation
CVE-2025-11086,academylms
CVE-2025-11087,zozothemes
CVE-2025-11088,itsourcecode
CVE-2025-11089,kidaze
CVE-2025-11090,itsourcecode
CVE-2025-11091,Tenda
CVE-2025-11092,D-Link
CVE-2025-11093,WSO2
CVE-2025-11094,code-projects
CVE-2025-11095,D-Link
CVE-2025-11096,D-Link
CVE-2025-11097,D-Link
CVE-2025-11098,D-Link
CVE-2025-11099,D-Link
CVE-2025-11100,D-Link
CVE-2025-11101,itsourcecode
CVE-2025-11102,Campcodes
CVE-2025-11103,Projectworlds
CVE-2025-11104,CodeAstro
CVE-2025-11105,code-projects
CVE-2025-11106,code-projects
CVE-2025-11107,code-projects
CVE-2025-11108,code-projects
CVE-2025-11109,Campcodes
CVE-2025-11110,Campcodes
CVE-2025-11111,Campcodes
CVE-2025-11112,PHPGurukul
CVE-2025-11113,CodeAstro
CVE-2025-11114,CodeAstro
CVE-2025-11115,code-projects
CVE-2025-11116,code-projects
CVE-2025-11117,Tenda
CVE-2025-11118,CodeAstro
CVE-2025-11119,itsourcecode
CVE-2025-11120,Tenda
CVE-2025-11121,Tenda
CVE-2025-11122,Tenda
CVE-2025-11123,Tenda
CVE-2025-11124,code-projects
CVE-2025-11125,langleyfcu
CVE-2025-11126,Apeman
CVE-2025-11128,themeisle
CVE-2025-11129,mheob
CVE-2025-11130,iHongRen
CVE-2025-11131,"Unisoc (Shanghai) Technologies Co., Ltd."
CVE-2025-11132,"Unisoc (Shanghai) Technologies Co., Ltd."
CVE-2025-11133,"Unisoc (Shanghai) Technologies Co., Ltd."
CVE-2025-11134,Cudy
CVE-2025-11135,pmTicket
CVE-2025-11136,YiFang
CVE-2025-11137,Gstarsoft
CVE-2025-11138,mirweiye
CVE-2025-11139,Bjskzy
CVE-2025-11140,Bjskzy
CVE-2025-11141,Ruijie
CVE-2025-11142,Axis Communications AB
CVE-2025-11143,Eclipse Foundation
CVE-2025-11145,CBK Soft Software Hardware Electronic Computer Systems Industry and Trade Inc.
CVE-2025-11146,Apt-Cacher-NG
CVE-2025-11147,Apt-Cacher-NG
CVE-2025-11151,Beyaz Bilgisayar Software Design Industry and Trade Ltd. Co.
CVE-2025-11152,Mozilla
CVE-2025-11153,Mozilla
CVE-2025-11155,SATO
CVE-2025-11156,Netskope
CVE-2025-11157,feast-dev
CVE-2025-11158,Hitachi Vantara
CVE-2025-11159,Hitachi Vantara
CVE-2025-11160,wpbakery
CVE-2025-11161,wpbakery
CVE-2025-11162,brainstormforce
CVE-2025-11163,wpmudev
CVE-2025-11164,creativthemes
CVE-2025-11165,dotCMS
CVE-2025-11166,wpgmaps
CVE-2025-11167,creativemindssolutions
CVE-2025-11168,mvirik
CVE-2025-11170,kddiwebcommunications
CVE-2025-11171,ays-pro
CVE-2025-11172,plagiarismchecker
CVE-2025-11173,Wikimedia Foundation
CVE-2025-11174,barn2media
CVE-2025-11175,The Wikimedia Foundation
CVE-2025-11176,kybernetikservices
CVE-2025-11177,tbenyon
CVE-2025-11178,Acronis
CVE-2025-11182,GTONE
CVE-2025-11183,QGIS
CVE-2025-11184,qwc-services
CVE-2025-11185,complianz
CVE-2025-11186,humanityco
CVE-2025-11187,OpenSSL
CVE-2025-11188,Synchroweb
CVE-2025-11189,Synchroweb
CVE-2025-11190,Synchroweb
CVE-2025-11192,Extreme Networks
CVE-2025-11193,Lenovo
CVE-2025-11195,Rapid7
CVE-2025-11196,tbenyon
CVE-2025-11197,dartiss
CVE-2025-11198,Juniper Networks
CVE-2025-11200,MLflow
CVE-2025-11201,MLflow
CVE-2025-11202,win-cli-mcp-server
CVE-2025-11203,LiteLLM
CVE-2025-11204,metagauss
CVE-2025-11205,Google
CVE-2025-11206,Google
CVE-2025-11207,Google
CVE-2025-11208,Google
CVE-2025-11209,Google
CVE-2025-11210,Google
CVE-2025-11211,Google
CVE-2025-11212,Google
CVE-2025-11213,Google
CVE-2025-11215,Google
CVE-2025-11216,Google
CVE-2025-11219,Google
CVE-2025-11220,elemntor
CVE-2025-11221,GTONE
CVE-2025-11222,LINE Corporation
CVE-2025-11223,Panasonic
CVE-2025-11224,GitLab
CVE-2025-11226,QOS.CH Sarl
CVE-2025-11227,stellarwp
CVE-2025-11228,stellarwp
CVE-2025-11230,HAProxy Technologies
CVE-2025-11232,ISC
CVE-2025-11233,Rust Project
CVE-2025-11234,Red Hat
CVE-2025-11235,Progress
CVE-2025-11238,prasunsen
CVE-2025-11239,KNIME
CVE-2025-11240,KNIME
CVE-2025-11242,Teknolist Computer Systems Software Publishing Industry and Trade Inc.
CVE-2025-11243,Shelly
CVE-2025-11244,saadiqbal
CVE-2025-11246,GitLab
CVE-2025-11247,GitLab
CVE-2025-11248,Zohocorp
CVE-2025-11250,Zohocorp
CVE-2025-11251,Dayneks Software Industry and Trade Inc.
CVE-2025-11252,Signum Technology Promotion and Training Inc.
CVE-2025-11253,Aksis Technology Inc.
CVE-2025-11254,contest-gallery
CVE-2025-11255,cyberlord92
CVE-2025-11256,kognetiks
CVE-2025-11257,limelightmarketing
CVE-2025-11260,benmoody
CVE-2025-11261,Wikimedia Foundation
CVE-2025-11262,linkwhspr
CVE-2025-11263,linkwhspr
CVE-2025-11265,kurudrive
CVE-2025-11266,Grassroots
CVE-2025-11266,medInria
CVE-2025-11266,NumFocus
CVE-2025-11267,kurudrive
CVE-2025-11268,wpchill
CVE-2025-11269,woobewoo
CVE-2025-11270,wpdevteam
CVE-2025-11271,smub
CVE-2025-11272,SeriaWei
CVE-2025-11273,LaChatterie
CVE-2025-11274,Open Asset Import Library
CVE-2025-11275,Open Asset Import Library
CVE-2025-11277,Open Asset Import Library
CVE-2025-11278,AllStarLink
CVE-2025-11279,Axosoft
CVE-2025-11280,Frappe
CVE-2025-11281,Frappe
CVE-2025-11282,Frappe
CVE-2025-11283,Frappe
CVE-2025-11284,Zytec Dalian Zhuoyun Technology
CVE-2025-11285,samanhappy
CVE-2025-11286,samanhappy
CVE-2025-11287,samanhappy
CVE-2025-11289,westboy
CVE-2025-11291,ixmaps
CVE-2025-11292,Belkin
CVE-2025-11293,Belkin
CVE-2025-11294,Belkin
CVE-2025-11295,Belkin
CVE-2025-11296,Belkin
CVE-2025-11297,Belkin
CVE-2025-11298,Belkin
CVE-2025-11299,Belkin
CVE-2025-11300,Belkin
CVE-2025-11301,Belkin
CVE-2025-11302,Belkin
CVE-2025-11303,Belkin
CVE-2025-11304,CodeCanyon
CVE-2025-11304,ui-lib
CVE-2025-11305,UTT
CVE-2025-11306,qianfox
CVE-2025-11308,Vanderlande
CVE-2025-11309,Tipray 厦门天锐科技股份有限公司
CVE-2025-11310,Tipray 厦门天锐科技股份有限公司
CVE-2025-11311,Tipray 厦门天锐科技股份有限公司
CVE-2025-11312,Tipray 厦门天锐科技股份有限公司
CVE-2025-11313,Tipray 厦门天锐科技股份有限公司
CVE-2025-11314,Tipray 厦门天锐科技股份有限公司
CVE-2025-11315,Tipray 厦门天锐科技股份有限公司
CVE-2025-11316,Tipray 厦门天锐科技股份有限公司
CVE-2025-11317,Tipray 厦门天锐科技股份有限公司
CVE-2025-11318,Tipray 厦门天锐科技股份有限公司
CVE-2025-11319,nahiduddinahammed
CVE-2025-11320,zhuimengshaonian
CVE-2025-11321,zhuimengshaonian
CVE-2025-11322,Mangati
CVE-2025-11323,UTT
CVE-2025-11324,Tenda
CVE-2025-11325,Tenda
CVE-2025-11326,Tenda
CVE-2025-11327,Tenda
CVE-2025-11328,Tenda
CVE-2025-11329,code-projects
CVE-2025-11330,PHPGurukul
CVE-2025-11333,langleyfcu
CVE-2025-11334,Campcodes
CVE-2025-11335,D-Link
CVE-2025-11336,Four-Faith
CVE-2025-11337,Four-Faith
CVE-2025-11338,D-Link
CVE-2025-11339,D-Link
CVE-2025-11340,GitLab
CVE-2025-11341,Jinher
CVE-2025-11342,code-projects
CVE-2025-11343,code-projects
CVE-2025-11347,code-projects
CVE-2025-11348,Campcodes
CVE-2025-11349,Campcodes
CVE-2025-11350,Campcodes
CVE-2025-11351,code-projects
CVE-2025-11352,code-projects
CVE-2025-11353,code-projects
CVE-2025-11354,code-projects
CVE-2025-11355,UTT
CVE-2025-11356,Tenda
CVE-2025-11357,code-projects
CVE-2025-11358,code-projects
CVE-2025-11359,code-projects
CVE-2025-11360,jakowenko
CVE-2025-11361,wpdevteam
CVE-2025-11365,akbrohi
CVE-2025-11366,N-able
CVE-2025-11367,N-able
CVE-2025-11368,thimpress
CVE-2025-11369,wpdevteam
CVE-2025-11370,averta
CVE-2025-11371,Gladinet
CVE-2025-11372,thimpress
CVE-2025-11373,averta
CVE-2025-11374,HashiCorp
CVE-2025-11375,HashiCorp
CVE-2025-11376,extendthemes
CVE-2025-11377,fernandobt
CVE-2025-11378,shortpixel
CVE-2025-11379,roselldk
CVE-2025-11380,everestthemes
CVE-2025-11385,Tenda
CVE-2025-11386,Tenda
CVE-2025-11387,Tenda
CVE-2025-11388,Tenda
CVE-2025-11389,Tenda
CVE-2025-11390,PHPGurukul
CVE-2025-11391,themeisle
CVE-2025-11393,Red Hat
CVE-2025-11396,code-projects
CVE-2025-11397,SourceCodester
CVE-2025-11398,SourceCodester
CVE-2025-11399,SourceCodester
CVE-2025-11400,SourceCodester
CVE-2025-11401,SourceCodester
CVE-2025-11402,SourceCodester
CVE-2025-11403,SourceCodester
CVE-2025-11404,SourceCodester
CVE-2025-11405,SourceCodester
CVE-2025-11406,kaifangqian
CVE-2025-11407,D-Link
CVE-2025-11408,D-Link
CVE-2025-11409,Campcodes
CVE-2025-11410,Campcodes
CVE-2025-11411,NLnet Labs
CVE-2025-11412,GNU
CVE-2025-11413,GNU
CVE-2025-11414,GNU
CVE-2025-11415,PHPGurukul
CVE-2025-11416,PHPGurukul
CVE-2025-11417,Campcodes
CVE-2025-11418,Tenda
CVE-2025-11419,Red Hat
CVE-2025-11420,code-projects
CVE-2025-11421,code-projects
CVE-2025-11422,Campcodes
CVE-2025-11423,Tenda
CVE-2025-11424,code-projects
CVE-2025-11425,projectworlds
CVE-2025-11426,projectworlds
CVE-2025-11427,wpengine
CVE-2025-11429,Keycloak
CVE-2025-11429,Red Hat
CVE-2025-11430,SourceCodester
CVE-2025-11431,code-projects
CVE-2025-11432,itsourcecode
CVE-2025-11433,itsourcecode
CVE-2025-11434,itsourcecode
CVE-2025-11435,JhumanJ
CVE-2025-11436,JhumanJ
CVE-2025-11437,JhumanJ
CVE-2025-11438,JhumanJ
CVE-2025-11439,JhumanJ
CVE-2025-11440,JhumanJ
CVE-2025-11441,JhumanJ
CVE-2025-11442,JhumanJ
CVE-2025-11443,JhumanJ
CVE-2025-11444,TOTOLINK
CVE-2025-11446,upKeeper Solutions
CVE-2025-11447,GitLab
CVE-2025-11448,smub
CVE-2025-11449,ServiceNow
CVE-2025-11450,ServiceNow
CVE-2025-11451,miunosoft
CVE-2025-11452,asgaros
CVE-2025-11453,anand_kumar
CVE-2025-11454,giuse
CVE-2025-11456,elextensions
CVE-2025-11457,easycommerce
CVE-2025-11458,Google
CVE-2025-11460,Google
CVE-2025-11461,Frappe
CVE-2025-11462,AWS
CVE-2025-11463,Ashlar-Vellum
CVE-2025-11464,Ashlar-Vellum
CVE-2025-11465,Ashlar-Vellum
CVE-2025-11466,Allegra
CVE-2025-11467,themeisle
CVE-2025-11468,Python Software Foundation
CVE-2025-11469,SourceCodester
CVE-2025-11470,SourceCodester
CVE-2025-11471,SourceCodester
CVE-2025-11472,SourceCodester
CVE-2025-11473,SourceCodester
CVE-2025-11474,SourceCodester
CVE-2025-11475,projectworlds
CVE-2025-11476,SourceCodester
CVE-2025-11477,SourceCodester
CVE-2025-11478,SourceCodester
CVE-2025-11479,SourceCodester
CVE-2025-11480,SourceCodester
CVE-2025-11481,varunsardana004
CVE-2025-11482,B&R Industrial Automation GmbH
CVE-2025-11485,SourceCodester
CVE-2025-11486,SourceCodester
CVE-2025-11487,SourceCodester
CVE-2025-11488,D-Link
CVE-2025-11489,wonderwhy-er
CVE-2025-11490,wonderwhy-er
CVE-2025-11491,wonderwhy-er
CVE-2025-11492,ConnectWise
CVE-2025-11493,ConnectWise
CVE-2025-11494,GNU
CVE-2025-11495,GNU
CVE-2025-11496,rustaurius
CVE-2025-11497,symptote
CVE-2025-11498,B&R Industrial Automation GmbH
CVE-2025-11499,essekia
CVE-2025-11500,tinycontrol
CVE-2025-11501,markomaksym
CVE-2025-11502,magazine3
CVE-2025-11503,PHPGurukul
CVE-2025-11504,quickcreator
CVE-2025-11505,PHPGurukul
CVE-2025-11506,PHPGurukul
CVE-2025-11507,PHPGurukul
CVE-2025-11508,code-projects
CVE-2025-11509,code-projects
CVE-2025-11510,ninjateam
CVE-2025-11511,code-projects
CVE-2025-11512,code-projects
CVE-2025-11513,code-projects
CVE-2025-11514,code-projects
CVE-2025-11515,code-projects
CVE-2025-11516,code-projects
CVE-2025-11517,stellarwp
CVE-2025-11518,wpclever
CVE-2025-11519,optimole
CVE-2025-11521,astrasecuritysuite
CVE-2025-11522,Elated-Themes
CVE-2025-11523,Tenda
CVE-2025-11524,Tenda
CVE-2025-11525,Tenda
CVE-2025-11526,Tenda
CVE-2025-11527,Tenda
CVE-2025-11528,Tenda
CVE-2025-11530,code-projects
CVE-2025-11531,HP Inc
CVE-2025-11532,softivus
CVE-2025-11533,ApusTheme
CVE-2025-11534,Raisecomm
CVE-2025-11535,MongoDB Inc
CVE-2025-11536,bdthemes
CVE-2025-11537,Red Hat
CVE-2025-11538,Keycloak
CVE-2025-11538,Red Hat
CVE-2025-11539,Grafana
CVE-2025-11540,"Sharp Display Solutions, Ltd."
CVE-2025-11541,"Sharp Display Solutions, Ltd."
CVE-2025-11542,"Sharp Display Solutions, Ltd."
CVE-2025-11543,"Sharp Display Solutions, Ltd."
CVE-2025-11544,"Sharp Display Solutions, Ltd."
CVE-2025-11545,"Sharp Display Solutions, Ltd."
CVE-2025-11546,NEC Corporation
CVE-2025-11547,Axis Communications AB
CVE-2025-11548,ibi
CVE-2025-11549,Tenda
CVE-2025-11550,Tenda
CVE-2025-11551,code-projects
CVE-2025-11552,code-projects
CVE-2025-11553,code-projects
CVE-2025-11554,Portabilis
CVE-2025-11555,Campcodes
CVE-2025-11556,code-projects
CVE-2025-11557,projectworlds
CVE-2025-11558,code-projects
CVE-2025-11561,Red Hat
CVE-2025-11563,curl
CVE-2025-11564,themeum
CVE-2025-11565,Schneider Electric
CVE-2025-11566,Schneider Electric
CVE-2025-11567,Schneider Electric
CVE-2025-11568,Latchset
CVE-2025-11568,Red Hat
CVE-2025-11571,silabs.com
CVE-2025-11573,Amazon
CVE-2025-11575,MongoDB
CVE-2025-11576,newcodebyte
CVE-2025-11577,Clevo
CVE-2025-11578,GitHub
CVE-2025-11579,nwaples
CVE-2025-11582,code-projects
CVE-2025-11583,code-projects
CVE-2025-11584,code-projects
CVE-2025-11585,code-projects
CVE-2025-11586,Tenda
CVE-2025-11587,jgrietveld
CVE-2025-11588,CodeAstro
CVE-2025-11589,CodeAstro
CVE-2025-11590,CodeAstro
CVE-2025-11591,CodeAstro
CVE-2025-11592,CodeAstro
CVE-2025-11593,CodeAstro
CVE-2025-11594,ywxbear
CVE-2025-11595,Campcodes
CVE-2025-11596,code-projects
CVE-2025-11597,code-projects
CVE-2025-11598,Centralny Ośrodek Informatyki
CVE-2025-11599,Campcodes
CVE-2025-11600,code-projects
CVE-2025-11601,SourceCodester
CVE-2025-11602,neo4j
CVE-2025-11603,code-projects
CVE-2025-11604,projectworlds
CVE-2025-11605,code-projects
CVE-2025-11606,iPynch
CVE-2025-11607,harry0703
CVE-2025-11608,code-projects
CVE-2025-11609,code-projects
CVE-2025-11610,SourceCodester
CVE-2025-11611,SourceCodester
CVE-2025-11612,code-projects
CVE-2025-11613,code-projects
CVE-2025-11614,SourceCodester
CVE-2025-11615,SourceCodester
CVE-2025-11616,AWS
CVE-2025-11617,AWS
CVE-2025-11618,AWS
CVE-2025-11619,Devolutions
CVE-2025-11620,jemoreto
CVE-2025-11621,HashiCorp
CVE-2025-11622,Ivanti
CVE-2025-11623,Ivanti
CVE-2025-11624,wolfSSH
CVE-2025-11625,wolfSSL
CVE-2025-11626,Wireshark Foundation
CVE-2025-11627,sminozzi
CVE-2025-11628,jimit105
CVE-2025-11629,RainyGao
CVE-2025-11630,RainyGao
CVE-2025-11631,RainyGao
CVE-2025-11632,jgrietveld
CVE-2025-11633,Tomofun
CVE-2025-11634,Tomofun
CVE-2025-11635,Tomofun
CVE-2025-11636,Tomofun
CVE-2025-11637,Tomofun
CVE-2025-11638,Tomofun
CVE-2025-11639,Tomofun
CVE-2025-11640,Tomofun
CVE-2025-11641,Tomofun
CVE-2025-11642,Tomofun
CVE-2025-11643,Tomofun
CVE-2025-11644,Tomofun
CVE-2025-11645,Tomofun
CVE-2025-11646,Tomofun
CVE-2025-11647,Tomofun
CVE-2025-11648,Tomofun
CVE-2025-11649,Tomofun
CVE-2025-11650,Tomofun
CVE-2025-11651,UTT
CVE-2025-11652,UTT
CVE-2025-11653,UTT
CVE-2025-11654,yousaf530
CVE-2025-11655,Total.js
CVE-2025-11656,ProjectsAndPrograms
CVE-2025-11657,ProjectsAndPrograms
CVE-2025-11658,ProjectsAndPrograms
CVE-2025-11659,ProjectsAndPrograms
CVE-2025-11660,ProjectsAndPrograms
CVE-2025-11661,ProjectsAndPrograms
CVE-2025-11662,SourceCodester
CVE-2025-11663,Campcodes
CVE-2025-11664,Campcodes
CVE-2025-11665,D-Link
CVE-2025-11666,Tenda
CVE-2025-11667,code-projects
CVE-2025-11668,code-projects
CVE-2025-11669,Zohocorp
CVE-2025-11670,Zohocorp
CVE-2025-11671,EBM Technologies
CVE-2025-11672,EBM Technologies
CVE-2025-11673,PiExtract
CVE-2025-11674,PiExtract
CVE-2025-11675,Ragic
CVE-2025-11676,TP-Link System Inc.
CVE-2025-11677,warmcat
CVE-2025-11678,warmcat
CVE-2025-11679,warmcat
CVE-2025-11680,warmcat
CVE-2025-11681,M-Files Corporation
CVE-2025-11682,Perx Technologies
CVE-2025-11683,TODDR
CVE-2025-11690,CFMOTO
CVE-2025-11691,themeisle
CVE-2025-11692,quicoto
CVE-2025-11693,recorp
CVE-2025-11694,Rockwell Automation
CVE-2025-11695,MongoDB
CVE-2025-11696,Rockwell Automation
CVE-2025-11697,Rockwell Automation
CVE-2025-11698,Rockwell Automation
CVE-2025-11699,nopSolutions
CVE-2025-11700,N-able
CVE-2025-11701,quicoto
CVE-2025-11702,GitLab
CVE-2025-11703,wpgmaps
CVE-2025-11704,impacttechlab
CVE-2025-11705,scheeeli
CVE-2025-11706,arubadev
CVE-2025-11707,webfactory
CVE-2025-11708,Mozilla
CVE-2025-11709,Mozilla
CVE-2025-11710,Mozilla
CVE-2025-11711,Mozilla
CVE-2025-11712,Mozilla
CVE-2025-11713,Mozilla
CVE-2025-11714,Mozilla
CVE-2025-11715,Mozilla
CVE-2025-11716,Mozilla
CVE-2025-11717,Mozilla
CVE-2025-11718,Mozilla
CVE-2025-11719,Mozilla
CVE-2025-11720,Mozilla
CVE-2025-11721,Mozilla
CVE-2025-11722,ikhodal
CVE-2025-11723,croixhaug
CVE-2025-11724,erinmorelli
CVE-2025-11725,arubadev
CVE-2025-11726,beaverbuilder
CVE-2025-11727,codisto
CVE-2025-11728,oceanpayment
CVE-2025-11729,buildwps
CVE-2025-11730,Zyxel
CVE-2025-11731,Red Hat
CVE-2025-11733,lumiblog
CVE-2025-11734,aioseo
CVE-2025-11735,realmag777
CVE-2025-11736,itsourcecode
CVE-2025-11737,kurudrive
CVE-2025-11738,dglingren
CVE-2025-11739,Schneider Electric
CVE-2025-11740,tomdever
CVE-2025-11741,wpclever
CVE-2025-11742,wpclever
CVE-2025-11743,Rockwell Automation
CVE-2025-11745,spacetime
CVE-2025-11746,8theme
CVE-2025-11747,extendthemes
CVE-2025-11748,itthinx
CVE-2025-11749,tigroumeow
CVE-2025-11750,langgenius
CVE-2025-11753,augustinfotech
CVE-2025-11754,wplegalpages
CVE-2025-11755,wpdelicious
CVE-2025-11756,Google
CVE-2025-11757,CloudEdge
CVE-2025-11758,codebangers
CVE-2025-11759,watchful
CVE-2025-11760,digitalmeactivecampaign
CVE-2025-11761,HP Inc
CVE-2025-11762,hubspotdev
CVE-2025-11763,rustybadrobot
CVE-2025-11764,fastmover
CVE-2025-11765,developdaly
CVE-2025-11767,fpcorso
CVE-2025-11768,darto
CVE-2025-11769,aumsrini
CVE-2025-11770,billybigpotatoes
CVE-2025-11771,beycanpress
CVE-2025-11772,Synaptics
CVE-2025-11773,beycanpress
CVE-2025-11774,Mitsubishi Electric Corporation
CVE-2025-11774,Mitsubishi Electric Iconics Digital Solutions
CVE-2025-11775,ASUS
CVE-2025-11776,Mattermost
CVE-2025-11777,Mattermost
CVE-2025-11778,SGE-PLC1000 SGE-PLC50
CVE-2025-11779,SGE-PLC1000 SGE-PLC50
CVE-2025-11780,SGE-PLC1000 SGE-PLC50
CVE-2025-11781,SGE-PLC1000 SGE-PLC50
CVE-2025-11782,SGE-PLC1000 SGE-PLC50
CVE-2025-11783,SGE-PLC1000 SGE-PLC50
CVE-2025-11784,SGE-PLC1000 SGE-PLC50
CVE-2025-11785,SGE-PLC1000 SGE-PLC50
CVE-2025-11786,SGE-PLC1000 SGE-PLC50
CVE-2025-11787,SGE-PLC1000 SGE-PLC50
CVE-2025-11788,SGE-PLC1000 SGE-PLC50
CVE-2025-11789,SGE-PLC1000 SGE-PLC50
CVE-2025-11790,Acronis
CVE-2025-11791,Acronis
CVE-2025-11792,Acronis
CVE-2025-11794,Mattermost
CVE-2025-11795,Autodesk
CVE-2025-11797,Autodesk
CVE-2025-11799,rustaurius
CVE-2025-11800,surbma
CVE-2025-11801,davidangel
CVE-2025-11802,bartboy011
CVE-2025-11803,wpfanyi
CVE-2025-11804,jobair
CVE-2025-11805,doytch
CVE-2025-11806,qzzr
CVE-2025-11807,mrgeorgegray
CVE-2025-11808,antiochinteractive
CVE-2025-11809,nazakatali32
CVE-2025-11810,chrishurst
CVE-2025-11811,matthewmarichiba
CVE-2025-11812,redq
CVE-2025-11813,pressmaninc
CVE-2025-11814,Brainstorm Force
CVE-2025-11815,admintwentytwenty
CVE-2025-11816,wplegalpages
CVE-2025-11817,garyhukkeri
CVE-2025-11818,vobi
CVE-2025-11819,robocasters
CVE-2025-11820,iqonicdesign
CVE-2025-11821,elvismdev
CVE-2025-11822,virtus-designs
CVE-2025-11823,devitemsllc
CVE-2025-11824,madebycinza
CVE-2025-11825,pedrolaxe
CVE-2025-11826,bdeleasa
CVE-2025-11827,oboxgroup
CVE-2025-11828,pubudu-malalasekara
CVE-2025-11829,five9
CVE-2025-11830,wpdrift
CVE-2025-11832,Azure Access Technology
CVE-2025-11833,saadiqbal
CVE-2025-11834,wiellyam
CVE-2025-11835,cozmoslabs
CVE-2025-11837,QNAP Systems Inc.
CVE-2025-11838,WatchGuard
CVE-2025-11839,GNU
CVE-2025-11840,GNU
CVE-2025-11841,wpsoul
CVE-2025-11842,Shazwazza
CVE-2025-11843,Therefore Corporation GmbH
CVE-2025-11844,huggingface
CVE-2025-11845,Zyxel
CVE-2025-11846,Zyxel
CVE-2025-11847,Zyxel
CVE-2025-11848,Zyxel
CVE-2025-11850,WSO2
CVE-2025-11851,Apeman
CVE-2025-11852,Apeman
CVE-2025-11853,Sismics
CVE-2025-11856,eventbee
CVE-2025-11857,mxp
CVE-2025-11859,coenjacobs
CVE-2025-11860,caselock
CVE-2025-11862,Rockwell Automation
CVE-2025-11863,mindstien
CVE-2025-11864,NucleoidAI
CVE-2025-11865,GitLab
CVE-2025-11866,aurelienpierre
CVE-2025-11867,vbog
CVE-2025-11868,everviz
CVE-2025-11869,simonpedge
CVE-2025-11870,dmbarber
CVE-2025-11872,mcostales84
CVE-2025-11873,eflyjason
CVE-2025-11874,mitegvg
CVE-2025-11875,dr-thomas-fuessl
CVE-2025-11876,jbrinley
CVE-2025-11877,solwininfotech
CVE-2025-11878,beautifultemplates
CVE-2025-11879,edge22
CVE-2025-11880,sierramike
CVE-2025-11881,scottopolis
CVE-2025-11882,ethoseo
CVE-2025-11883,rene-puchinger
CVE-2025-11884,OpenText™
CVE-2025-11885,itvn9online
CVE-2025-11886,codethislab
CVE-2025-11887,tiagohillebrandt
CVE-2025-11888,roxnor
CVE-2025-11889,edgarrojas
CVE-2025-11890,beycanpress
CVE-2025-11891,shelfplanner
CVE-2025-11892,GitHub
CVE-2025-11893,smub
CVE-2025-11894,shelfplanner
CVE-2025-11895,letscms
CVE-2025-11896,Xpdf
CVE-2025-11897,Dream-Theme
CVE-2025-11898,Flowring Technology
CVE-2025-11899,Flowring Technology
CVE-2025-11900,HGiga
CVE-2025-11901,ASUS
CVE-2025-11902,yanyutao0402
CVE-2025-11903,yanyutao0402
CVE-2025-11904,yanyutao0402
CVE-2025-11905,yanyutao0402
CVE-2025-11906,Progress Software
CVE-2025-11908,Shenzhen Ruiming Technology
CVE-2025-11909,Shenzhen Ruiming Technology
CVE-2025-11910,Shenzhen Ruiming Technology
CVE-2025-11911,Shenzhen Ruiming Technology
CVE-2025-11912,Shenzhen Ruiming Technology
CVE-2025-11913,Shenzhen Ruiming Technology
CVE-2025-11914,Shenzhen Ruiming Technology
CVE-2025-11915,Google Cloud
CVE-2025-11917,etruel
CVE-2025-11918,Rockwell Automation
CVE-2025-11919,Wolfram Research Inc.
CVE-2025-11920,whyun
CVE-2025-11921,Bjango
CVE-2025-11922,j_3rk
CVE-2025-11923,chrisbadgett
CVE-2025-11924,kstover
CVE-2025-11925,Azure Access Technology
CVE-2025-11926,wpdreams
CVE-2025-11927,gijo
CVE-2025-11928,wipeoutmedia
CVE-2025-11931,wolfSSL
CVE-2025-11932,wolfSSL
CVE-2025-11933,wofSSL
CVE-2025-11934,wolfSSL
CVE-2025-11935,wolfSSL
CVE-2025-11936,wolfSSL
CVE-2025-11937,The Wikimedia Foundation
CVE-2025-11941,e107
CVE-2025-11942,70mai
CVE-2025-11943,70mai
CVE-2025-11944,givanz
CVE-2025-11945,toeverything
CVE-2025-11946,LogicalDOC
CVE-2025-11948,Excellent Infotek
CVE-2025-11949,Digiwin
CVE-2025-11950,KNOWHY Advanced Technology Trading Ltd. Co.
CVE-2025-11952,Oct8ne
CVE-2025-11954,Sitemio Information Technologies Trade Ltd. Co.
CVE-2025-11955,TheGreenBow
CVE-2025-11956,Proliz Software Ltd. Co.
CVE-2025-11957,Devolutions
CVE-2025-11958,Devolutions
CVE-2025-11959,Premierturk Information Technologies Inc.
CVE-2025-11960,Aryom Software High Technology Systems Inc.
CVE-2025-11961,The Tcpdump Group
CVE-2025-11962,DivvyDrive Information Technologies Inc.
CVE-2025-11963,Saysis Computer Systems Trade Ltd. Co.
CVE-2025-11964,The Tcpdump Group
CVE-2025-11965,Eclipse Foundation
CVE-2025-11966,Eclipse Foundation
CVE-2025-11967,getwpfunnels
CVE-2025-11970,emplibot
CVE-2025-11971,GitLab
CVE-2025-11972,stevejburge
CVE-2025-11973,zhengdon
CVE-2025-11974,GitLab
CVE-2025-11975,fusewp
CVE-2025-11976,fusewp
CVE-2025-11977,happyforms
CVE-2025-11979,MongoDB Inc.
CVE-2025-11980,kybernetikservices
CVE-2025-11981,jdsofttech
CVE-2025-11983,scossar
CVE-2025-11984,GitLab
CVE-2025-11985,nootheme
CVE-2025-11986,odude
CVE-2025-11987,brechtvds
CVE-2025-11988,odude
CVE-2025-11989,GitLab
CVE-2025-11990,GitLab
CVE-2025-11991,jetmonsters
CVE-2025-11992,cnaveenkumar
CVE-2025-11993,sbthemes
CVE-2025-11994,yudiz
CVE-2025-11995,jackdewey
CVE-2025-11996,toastwebsites
CVE-2025-11997,ngothoai
CVE-2025-11998,HP Inc.
CVE-2025-11999,krishaweb
CVE-2025-12000,getwpfunnels
CVE-2025-12001,Azure Access Technology
CVE-2025-12002,Awesome Motive
CVE-2025-12003,ASUS
CVE-2025-12004,The Wikimedia Foundation
CVE-2025-12005,rextheme
CVE-2025-12006,SMCI
CVE-2025-12007,SMCI
CVE-2025-12008,APPYAP Technology and Information Inc.
CVE-2025-12010,wpkube
CVE-2025-12011,Rockwell Automation
CVE-2025-12012,Rockwell Automation
CVE-2025-12014,getclouder
CVE-2025-12015,sanderkah
CVE-2025-12016,muniyandibg
CVE-2025-12017,teyldoan
CVE-2025-12018,sourcefound
CVE-2025-12019,mervinpraison
CVE-2025-12020,kanwei_doublethedonation
CVE-2025-12021,hectavex
CVE-2025-12022,elextensions
CVE-2025-12023,elextensions
CVE-2025-12025,mahabubs
CVE-2025-12026,WatchGuard
CVE-2025-12027,horearadu
CVE-2025-12028,indieweb
CVE-2025-12029,GitLab
CVE-2025-12030,airesvsg
CVE-2025-12031,Azure Access Technology
CVE-2025-12032,vithanhlam
CVE-2025-12033,rpetersen29
CVE-2025-12034,alignak
CVE-2025-12035,zephyrproject-rtos
CVE-2025-12036,Google
CVE-2025-12037,hwk-fr
CVE-2025-12038,wpfolderly
CVE-2025-12039,devsmip
CVE-2025-12040,themehunk
CVE-2025-12041,apos37
CVE-2025-12042,werbeagenturcommotion
CVE-2025-12043,autochat
CVE-2025-12044,HashiCorp
CVE-2025-12045,themeisle
CVE-2025-12046,Lenovo
CVE-2025-12047,Lenovo
CVE-2025-12048,Lenovo
CVE-2025-12049,"Sharp Display Solutions, Ltd."
CVE-2025-12050,Insyde Software
CVE-2025-12051,Insyde Software
CVE-2025-12052,Insyde Software
CVE-2025-12053,Insyde Software
CVE-2025-12055,MPDV Mikrolab GmbH
CVE-2025-12056,Shelly
CVE-2025-12058,Keras
CVE-2025-12059,Logo Software Industry and Trade Inc.
CVE-2025-12060,Keras
CVE-2025-12062,flippercode
CVE-2025-12063,Axis Communications AB
CVE-2025-12064,f1logic
CVE-2025-12065,carticon
CVE-2025-12066,etruel
CVE-2025-12067,jonua
CVE-2025-12069,stiand
CVE-2025-12070,viaads
CVE-2025-12071,absikandar
CVE-2025-12072,mynamevenu24
CVE-2025-12073,GitLab
CVE-2025-12074,postmagthemes
CVE-2025-12075,fahadmahmood
CVE-2025-12076,f1logic
CVE-2025-12077,f1logic
CVE-2025-12078,artibot
CVE-2025-12079,f1logic
CVE-2025-12080,Google
CVE-2025-12081,navzme
CVE-2025-12082,Drupal
CVE-2025-12083,Drupal
CVE-2025-12084,Python Software Foundation
CVE-2025-12085,elextensions
CVE-2025-12086,wpswings
CVE-2025-12087,acowebs
CVE-2025-12088,bhargavbhandari90
CVE-2025-12089,supsysticcom
CVE-2025-12090,emarket-design
CVE-2025-12091,instantsearchplus
CVE-2025-12092,gregross
CVE-2025-12093,voidek
CVE-2025-12094,oopspam
CVE-2025-12095,astoundify
CVE-2025-12096,prawas
CVE-2025-12097,NI
CVE-2025-12098,academylms
CVE-2025-12099,kodezen
CVE-2025-12100,MongoDB
CVE-2025-12101,NetScaler
CVE-2025-12103,Red Hat
CVE-2025-12104,Azure Access Technology
CVE-2025-12105,GNOME
CVE-2025-12105,Red Hat
CVE-2025-12106,OpenVPN
CVE-2025-12107,WSO2
CVE-2025-12108,Survision
CVE-2025-12109,mahethekiller
CVE-2025-12110,Keycloak
CVE-2025-12110,Red Hat
CVE-2025-12112,htplugins
CVE-2025-12113,webtoffee
CVE-2025-12114,Azure Access Technology
CVE-2025-12115,wpclever
CVE-2025-12116,thinkupthemes
CVE-2025-12117,thinkupthemes
CVE-2025-12118,kevingillispie
CVE-2025-12119,MongoDB
CVE-2025-12120,Lite XL
CVE-2025-12121,Lite XL
CVE-2025-12122,wpcalc
CVE-2025-12123,trustindex
CVE-2025-12124,kevindees
CVE-2025-12125,linksoftware
CVE-2025-12126,ryanmoyer
CVE-2025-12128,kaushikankrani
CVE-2025-12129,cubewp1211
CVE-2025-12130,wcvendors
CVE-2025-12131,silabs.com
CVE-2025-12132,larsactionhero
CVE-2025-12133,paulepro2019
CVE-2025-12134,bdthemes
CVE-2025-12135,iqonicdesign
CVE-2025-12136,devowl
CVE-2025-12137,jcollings
CVE-2025-12138,bww
CVE-2025-12139,princeahmed
CVE-2025-12140,Simple SA
CVE-2025-12141,Grafana
CVE-2025-12142,ABB
CVE-2025-12143,ABB
CVE-2025-12147,floragunn
CVE-2025-12148,floragunn
CVE-2025-12149,floragunn
CVE-2025-12150,Keycloak
CVE-2025-12150,Red Hat
CVE-2025-12151,presstigers
CVE-2025-12153,tsaiid
CVE-2025-12154,moderntribe
CVE-2025-12155,Google Cloud
CVE-2025-12156,aitool
CVE-2025-12157,tanvirahmed1984
CVE-2025-12158,tanvirahmed1984
CVE-2025-12159,boldthemes
CVE-2025-12160,nmedia
CVE-2025-12161,burhandodhy
CVE-2025-12163,omnipressteam
CVE-2025-12165,huyme
CVE-2025-12166,croixhaug
CVE-2025-12167,rnzo
CVE-2025-12168,memsource
CVE-2025-12169,elextensions
CVE-2025-12170,bandido
CVE-2025-12171,anthonyeden
CVE-2025-12172,mailchimp
CVE-2025-12173,winkm89
CVE-2025-12174,wpwax
CVE-2025-12175,stellarwp
CVE-2025-12176,Azure Access Technology
CVE-2025-12177,codename065
CVE-2025-12178,aankit
CVE-2025-12180,qodeinteractive
CVE-2025-12181,contentstudio
CVE-2025-12182,qodeinteractive
CVE-2025-12184,rboatright
CVE-2025-12185,era404
CVE-2025-12186,michael_j_reid
CVE-2025-12188,wpmasterscom
CVE-2025-12189,breadbutter
CVE-2025-12190,duddi
CVE-2025-12191,ovologics
CVE-2025-12192,stellarwp
CVE-2025-12193,kitae-park
CVE-2025-12194,Legion of the Bouncy Castle Inc.
CVE-2025-12195,WatchGuard
CVE-2025-12196,WatchGuard
CVE-2025-12197,stellarwp
CVE-2025-12201,ajayrandhawa
CVE-2025-12202,ajayrandhawa
CVE-2025-12203,givanz
CVE-2025-12208,SourceCodester
CVE-2025-12209,Tenda
CVE-2025-12210,Tenda
CVE-2025-12211,Tenda
CVE-2025-12212,Tenda
CVE-2025-12213,Tenda
CVE-2025-12214,Tenda
CVE-2025-12215,projectworlds
CVE-2025-12216,Azure Access Technology
CVE-2025-12217,Azure Access Technology
CVE-2025-12218,Azure Access Technology
CVE-2025-12219,Azure Access Technology
CVE-2025-12220,Azure Access Technology
CVE-2025-12221,Azure Access Technology
CVE-2025-12222,Bdtask
CVE-2025-12223,Bdtask
CVE-2025-12224,Iqbolshoh
CVE-2025-12225,Tenda
CVE-2025-12226,SourceCodester
CVE-2025-12227,projectworlds
CVE-2025-12228,projectworlds
CVE-2025-12229,projectworlds
CVE-2025-12230,projectworlds
CVE-2025-12231,projectworlds
CVE-2025-12232,Tenda
CVE-2025-12233,Tenda
CVE-2025-12234,Tenda
CVE-2025-12235,Tenda
CVE-2025-12236,Tenda
CVE-2025-12237,projectworlds
CVE-2025-12238,code-projects
CVE-2025-12239,TOTOLINK
CVE-2025-12240,TOTOLINK
CVE-2025-12241,TOTOLINK
CVE-2025-12242,CodeAstro
CVE-2025-12243,code-projects
CVE-2025-12244,code-projects
CVE-2025-12247,Hasleo
CVE-2025-12249,Axosoft
CVE-2025-12252,code-projects
CVE-2025-12253,AMTT
CVE-2025-12254,code-projects
CVE-2025-12255,code-projects
CVE-2025-12256,code-projects
CVE-2025-12257,SourceCodester
CVE-2025-12258,TOTOLINK
CVE-2025-12259,TOTOLINK
CVE-2025-12260,TOTOLINK
CVE-2025-12261,CodeAstro
CVE-2025-12262,code-projects
CVE-2025-12263,code-projects
CVE-2025-12265,Tenda
CVE-2025-12266,Zytec Dalian Zhuoyun Technology
CVE-2025-12267,abhicodebox
CVE-2025-12271,Tenda
CVE-2025-12272,Tenda
CVE-2025-12273,Tenda
CVE-2025-12274,Tenda
CVE-2025-12275,Azure Access Technology
CVE-2025-12277,Abdullah-Hasan-Sajjad
CVE-2025-12278,Azure Access Technology
CVE-2025-12279,code-projects
CVE-2025-12280,code-projects
CVE-2025-12281,code-projects
CVE-2025-12282,code-projects
CVE-2025-12283,code-projects
CVE-2025-12284,Azure Access Technology
CVE-2025-12285,Azure Access Technology
CVE-2025-12287,Bdtask
CVE-2025-12288,Bdtask
CVE-2025-12289,Sui Shang Information Technology
CVE-2025-12290,Sui Shang Information Technology
CVE-2025-12291,ashymuzuro
CVE-2025-12292,SourceCodester
CVE-2025-12293,SourceCodester
CVE-2025-12294,SourceCodester
CVE-2025-12295,D-Link
CVE-2025-12296,D-Link
CVE-2025-12297,atjiu
CVE-2025-12298,code-projects
CVE-2025-12299,code-projects
CVE-2025-12300,code-projects
CVE-2025-12301,code-projects
CVE-2025-12302,code-projects
CVE-2025-12303,PHPGurukul
CVE-2025-12304,dulaiduwang003
CVE-2025-12305,quequnlong
CVE-2025-12306,code-projects
CVE-2025-12307,code-projects
CVE-2025-12308,code-projects
CVE-2025-12309,code-projects
CVE-2025-12311,PHPGurukul
CVE-2025-12312,PHPGurukul
CVE-2025-12313,D-Link
CVE-2025-12314,code-projects
CVE-2025-12315,code-projects
CVE-2025-12316,code-projects
CVE-2025-12317,WSO2
CVE-2025-12322,Tenda
CVE-2025-12324,tobiasbg
CVE-2025-12325,SourceCodester
CVE-2025-12326,shawon100
CVE-2025-12327,shawon100
CVE-2025-12328,shawon100
CVE-2025-12329,shawon100
CVE-2025-12330,Willow
CVE-2025-12331,Willow
CVE-2025-12332,SourceCodester
CVE-2025-12333,code-projects
CVE-2025-12334,code-projects
CVE-2025-12335,code-projects
CVE-2025-12336,Campcodes
CVE-2025-12337,Campcodes
CVE-2025-12338,Campcodes
CVE-2025-12339,Campcodes
CVE-2025-12341,ermig1979
CVE-2025-12342,Serdar Bayram
CVE-2025-12344,Yonyou
CVE-2025-12346,MaxSite
CVE-2025-12347,MaxSite
CVE-2025-12348,icegram
CVE-2025-12349,icegram
CVE-2025-12350,domiinodev
CVE-2025-12351,Honeywell
CVE-2025-12352,Gravity Forms
CVE-2025-12353,getwpfunnels
CVE-2025-12354,dojodigital
CVE-2025-12355,bigmaster
CVE-2025-12356,tickera
CVE-2025-12357,ISO 15118-2 Network and Application Protocol Requirements
CVE-2025-12358,roxnor
CVE-2025-12359,dfactory
CVE-2025-12360,codesolz
CVE-2025-12361,saadiqbal
CVE-2025-12362,saadiqbal
CVE-2025-12363,Azure Access Technology
CVE-2025-12364,Azure Access Technology
CVE-2025-12365,Azure Access Technology
CVE-2025-12366,softaculous
CVE-2025-12367,softaculous
CVE-2025-12368,wpforchurch
CVE-2025-12369,hupe13
CVE-2025-12370,takeads
CVE-2025-12371,shakhi
CVE-2025-12372,_luigi
CVE-2025-12373,torod
CVE-2025-12374,pickplugins
CVE-2025-12375,printful
CVE-2025-12376,bplugins
CVE-2025-12377,smub
CVE-2025-12378,code-projects
CVE-2025-12379,averta
CVE-2025-12380,Mozilla
CVE-2025-12381,AlgoSec
CVE-2025-12382,AlgoSec
CVE-2025-12383,Eclipse Foundation
CVE-2025-12384,bplugins
CVE-2025-12385,Qt
CVE-2025-12386,Pix-Link
CVE-2025-12387,Pix-Link
CVE-2025-12388,bplugins
CVE-2025-12389,sidngr
CVE-2025-12390,Keycloak
CVE-2025-12390,Red Hat
CVE-2025-12391,seventhqueen
CVE-2025-12392,tripleatechnology
CVE-2025-12393,kris_iv
CVE-2025-12396,alaminopu
CVE-2025-12397,Google Cloud
CVE-2025-12398,codersaiful
CVE-2025-12399,alexreservations
CVE-2025-12400,lmbbox
CVE-2025-12401,theode
CVE-2025-12402,bondnono
CVE-2025-12403,revokee
CVE-2025-12404,nikolayyordanov
CVE-2025-12405,Google Cloud
CVE-2025-12406,awensley
CVE-2025-12407,netweblogic
CVE-2025-12408,netweblogic
CVE-2025-12409,Google Cloud
CVE-2025-12410,samhoamt
CVE-2025-12411,premmerce
CVE-2025-12412,josereyev
CVE-2025-12413,socialmedialtd
CVE-2025-12414,Google Cloud
CVE-2025-12415,sugiartha
CVE-2025-12416,mahype
CVE-2025-12417,wpeka-club
CVE-2025-12418,Revenera
CVE-2025-12419,Mattermost
CVE-2025-12420,ServiceNow
CVE-2025-12421,Mattermost
CVE-2025-12422,Azure Access Technology
CVE-2025-12423,Azure Access Technology
CVE-2025-12424,Azure Access Technology
CVE-2025-12425,Azure Access Technology
CVE-2025-12426,ays-pro
CVE-2025-12427,yithemes
CVE-2025-12428,Google
CVE-2025-12429,Google
CVE-2025-12430,Google
CVE-2025-12431,Google
CVE-2025-12432,Google
CVE-2025-12433,Google
CVE-2025-12434,Google
CVE-2025-12435,Google
CVE-2025-12436,Google
CVE-2025-12437,Google
CVE-2025-12438,Google
CVE-2025-12439,Google
CVE-2025-12440,Google
CVE-2025-12441,Google
CVE-2025-12443,Google
CVE-2025-12444,Google
CVE-2025-12445,Google
CVE-2025-12446,Google
CVE-2025-12447,Google
CVE-2025-12448,smartsupp
CVE-2025-12449,kodezen
CVE-2025-12450,litespeedtech
CVE-2025-12451,benjamin_zekavica
CVE-2025-12452,bestiadurmiente
CVE-2025-12453,OpenText™
CVE-2025-12454,OpenText™
CVE-2025-12455,OpenText™
CVE-2025-12456,centangle
CVE-2025-12457,ideastocode
CVE-2025-12460,Afterlogic
CVE-2025-12461,Grupo Castilla
CVE-2025-12462,Studio Fabryka
CVE-2025-12463,Guetebruck
CVE-2025-12464,Red Hat
CVE-2025-12465,OpenSolution
CVE-2025-12466,Drupal
CVE-2025-12468,amans2k
CVE-2025-12469,amans2k
CVE-2025-12471,nerdpressteam
CVE-2025-12472,Google Cloud
CVE-2025-12473,rometheme
CVE-2025-12474,Google
CVE-2025-12475,creativethemeshq
CVE-2025-12476,Azure Access Technology
CVE-2025-12477,Azure Access Technology
CVE-2025-12478,Azure Access Technology
CVE-2025-12479,Azure Access Technology
CVE-2025-12480,TrioFox
CVE-2025-12481,ninjateam
CVE-2025-12482,ameliabooking
CVE-2025-12483,themeisle
CVE-2025-12484,smub
CVE-2025-12485,Devolutions
CVE-2025-12486,Heimdall Data
CVE-2025-12487,oobabooga
CVE-2025-12488,oobabooga
CVE-2025-12489,evernote-mcp-server
CVE-2025-12490,Netgate
CVE-2025-12491,Senstar
CVE-2025-12492,ultimatemember
CVE-2025-12493,devitemsllc
CVE-2025-12494,wpchill
CVE-2025-12495,Academy Software Foundation
CVE-2025-12496,dylanjkotze
CVE-2025-12497,averta
CVE-2025-12498,metagauss
CVE-2025-12499,widgetpack
CVE-2025-12500,quadlayers
CVE-2025-12501,Opera Norway AS
CVE-2025-12503,Digiwin
CVE-2025-12504,Talent Software
CVE-2025-12505,wedevs
CVE-2025-12506,GitLab
CVE-2025-12507,Bizerba
CVE-2025-12508,Bizerba
CVE-2025-12509,Bizerba
CVE-2025-12510,trustindex
CVE-2025-12511,Centreon
CVE-2025-12512,edge22
CVE-2025-12513,Centreon
CVE-2025-12514,Centreon
CVE-2025-12515,Azure Access Technology
CVE-2025-12516,Azure Access Technology
CVE-2025-12517,Azure Access Technology
CVE-2025-12518,Bee Content Design
CVE-2025-12519,Centreon
CVE-2025-12520,jgwhite33
CVE-2025-12521,Analytify
CVE-2025-12524,johnjamesjacoby
CVE-2025-12525,appglut
CVE-2025-12526,michielve
CVE-2025-12527,yydevelopment
CVE-2025-12528,genetechproducts
CVE-2025-12529,stylemix
CVE-2025-12530,IBM
CVE-2025-12531,IBM
CVE-2025-12535,brainstormforce
CVE-2025-12536,brainstormforce
CVE-2025-12537,wpvibes
CVE-2025-12538,iworks
CVE-2025-12539,leopardhost
CVE-2025-12540,sharethis
CVE-2025-12543,Red Hat
CVE-2025-12545,alekv
CVE-2025-12546,LogicalDOC
CVE-2025-12547,LogicalDOC
CVE-2025-12548,Red Hat
CVE-2025-12549,magentech
CVE-2025-12550,jwsthemes
CVE-2025-12551,e-plugins
CVE-2025-12552,Azure Access Technology
CVE-2025-12553,Azure Access Technology
CVE-2025-12554,Azure Access Technology
CVE-2025-12555,GitLab
CVE-2025-12556,IDIS
CVE-2025-12558,beaverbuilder
CVE-2025-12559,Mattermost
CVE-2025-12560,pr-gateway
CVE-2025-12562,GitLab
CVE-2025-12563,pr-gateway
CVE-2025-12570,radykal
CVE-2025-12571,GitLab
CVE-2025-12574,passionui
CVE-2025-12575,GitLab
CVE-2025-12576,GitLab
CVE-2025-12577,passionui
CVE-2025-12578,rnags
CVE-2025-12579,rnags
CVE-2025-12580,stanleychoi
CVE-2025-12581,kaizencoders
CVE-2025-12582,klicher
CVE-2025-12583,neofix
CVE-2025-12584,shapedplugin
CVE-2025-12585,mxchat
CVE-2025-12586,evolurise
CVE-2025-12587,webgarh
CVE-2025-12588,behzadrohizadeh
CVE-2025-12589,baronen
CVE-2025-12590,andreaferracani
CVE-2025-12592,Vivotek
CVE-2025-12593,code-projects
CVE-2025-12594,code-projects
CVE-2025-12595,Tenda
CVE-2025-12596,Tenda
CVE-2025-12597,SourceCodester
CVE-2025-12598,SourceCodester
CVE-2025-12599,Azure Access Technology
CVE-2025-12600,Azure Access Technology
CVE-2025-12601,Azure Access Technology
CVE-2025-12602,Azure Access Technology
CVE-2025-12603,Azure Access Technology
CVE-2025-12604,itsourcecode
CVE-2025-12605,itsourcecode
CVE-2025-12606,itsourcecode
CVE-2025-12607,itsourcecode
CVE-2025-12608,itsourcecode
CVE-2025-12609,CodeAstro
CVE-2025-12610,CodeAstro
CVE-2025-12611,Tenda
CVE-2025-12612,Campcodes
CVE-2025-12614,SourceCodester
CVE-2025-12615,PHPGurukul
CVE-2025-12616,PHPGurukul
CVE-2025-12617,itsourcecode
CVE-2025-12618,Tenda
CVE-2025-12619,Tenda
CVE-2025-12620,ays-pro
CVE-2025-12621,wpdesk
CVE-2025-12622,Tenda
CVE-2025-12623,fushengqian
CVE-2025-12624,WSO2
CVE-2025-12626,jeecgboot
CVE-2025-12627,WSO2
CVE-2025-12631,spokanetony
CVE-2025-12632,loveless
CVE-2025-12633,stellarwp
CVE-2025-12634,sunarc
CVE-2025-12635,IBM
CVE-2025-12636,Ubia
CVE-2025-12637,koopersmith
CVE-2025-12638,keras-team
CVE-2025-12639,sundayfanz
CVE-2025-12640,premio
CVE-2025-12641,awesomesupport
CVE-2025-12642,lighttpd
CVE-2025-12643,saphali
CVE-2025-12644,wpcox
CVE-2025-12645,karthiksg
CVE-2025-12646,jackdewey
CVE-2025-12648,cbutlerjr
CVE-2025-12649,sscovil
CVE-2025-12650,sgcoskey
CVE-2025-12651,eggemplo
CVE-2025-12652,oscaruribe
CVE-2025-12653,GitLab
CVE-2025-12654,wpvividplugins
CVE-2025-12655,hippooo
CVE-2025-12656,wpvividplugins
CVE-2025-12657,MongoDB Inc.
CVE-2025-12658,mmdeveloper
CVE-2025-12659,Siemens
CVE-2025-12660,coffeebite
CVE-2025-12661,qzzr
CVE-2025-12662,andrico
CVE-2025-12663,jahed
CVE-2025-12664,GitLab
CVE-2025-12665,lovelightplugins
CVE-2025-12666,oscaruh
CVE-2025-12667,paul1999
CVE-2025-12668,sitedin
CVE-2025-12669,GitLab
CVE-2025-12670,realin
CVE-2025-12671,mrx3k1
CVE-2025-12672,nuvuscripts
CVE-2025-12673,ajitdas
CVE-2025-12674,mykiot
CVE-2025-12675,mykiot
CVE-2025-12676,mykiot
CVE-2025-12677,mykiot
CVE-2025-12679,Brocade
CVE-2025-12680,Brocade
CVE-2025-12681,ronalfy
CVE-2025-12682,fahadmahmood
CVE-2025-12683,Voidtools
CVE-2025-12686,Synology
CVE-2025-12687,TeamViewer
CVE-2025-12689,Mattermost
CVE-2025-12690,Forcepoint
CVE-2025-12691,sayontan
CVE-2025-12694,Forcepoint
CVE-2025-12697,GitLab
CVE-2025-12699,ZOLL
CVE-2025-12704,GitLab
CVE-2025-12705,widgetpack
CVE-2025-12707,owthub
CVE-2025-12708,IBM
CVE-2025-12709,bfintal
CVE-2025-12710,kwmanagement
CVE-2025-12711,pritenhshah
CVE-2025-12712,gungorbudak
CVE-2025-12713,wpoets
CVE-2025-12714,rankmath
CVE-2025-12715,emaude
CVE-2025-12716,GitLab
CVE-2025-12717,cgrymala
CVE-2025-12718,saadiqbal
CVE-2025-12720,garidium
CVE-2025-12721,garidium
CVE-2025-12725,Google
CVE-2025-12726,Google
CVE-2025-12727,Google
CVE-2025-12728,Google
CVE-2025-12729,Google
CVE-2025-12732,smackcoders
CVE-2025-12733,wpallimport
CVE-2025-12734,GitLab
CVE-2025-12735,expr-eval-fork
CVE-2025-12735,silentmatt
CVE-2025-12736,OpenHarmony
CVE-2025-12738,neo4j
CVE-2025-12739,Google Cloud
CVE-2025-12740,Google Cloud
CVE-2025-12741,Google Cloud
CVE-2025-12742,Google Cloud
CVE-2025-12743,Google Cloud
CVE-2025-12744,Red Hat
CVE-2025-12746,tainacan
CVE-2025-12747,tainacan
CVE-2025-12748,Red Hat
CVE-2025-12750,trainingbusinesspros
CVE-2025-12751,elextensions
CVE-2025-12752,scottpaterson
CVE-2025-12753,sagortouch
CVE-2025-12754,rampantlogic
CVE-2025-12755,IBM
CVE-2025-12756,Mattermost
CVE-2025-12757,Axis Communications AB
CVE-2025-12760,Drupal
CVE-2025-12761,Drupal
CVE-2025-12762,pgadmin.org
CVE-2025-12763,pgadmin.org
CVE-2025-12764,pgadmin.org
CVE-2025-12765,pgadmin.org
CVE-2025-12766,BlackBerry
CVE-2025-12770,saadiqbal
CVE-2025-12771,IBM
CVE-2025-12772,Brocade
CVE-2025-12773,Brocade
CVE-2025-12774,Brocade
CVE-2025-12775,nazsabuz
CVE-2025-12776,Commvault
CVE-2025-12777,yithemes
CVE-2025-12778,userelements
CVE-2025-12779,Amazon
CVE-2025-12781,Python Software Foundation
CVE-2025-12782,beaverbuilder
CVE-2025-12783,premmerce
CVE-2025-12784,HP Inc
CVE-2025-12785,HP Inc
CVE-2025-12787,themefic
CVE-2025-12788,themefic
CVE-2025-12789,Red Hat
CVE-2025-12790,Nicholas J Humfrey
CVE-2025-12790,Red Hat
CVE-2025-12792,Canva
CVE-2025-12793,ASUS
CVE-2025-12799,Red Hat
CVE-2025-12800,gn_themes
CVE-2025-12801,Red Hat
CVE-2025-12803,boldthemes
CVE-2025-12804,wpdevelop
CVE-2025-12805,Red Hat
CVE-2025-12807,Rockwell Automation
CVE-2025-12808,Devolutions
CVE-2025-12809,wedevs
CVE-2025-12810,Delinea Inc.
CVE-2025-12811,Delinea Inc.
CVE-2025-12812,Delinea Inc.
CVE-2025-12813,strix-bubol5
CVE-2025-12814,softaculous
CVE-2025-12815,AWS
CVE-2025-12816,Digital Bazaar
CVE-2025-12821,spicethemes
CVE-2025-12822,cyberlord92
CVE-2025-12823,sscovil
CVE-2025-12824,tharkun69
CVE-2025-12825,zealopensource
CVE-2025-12826,webdevstudios
CVE-2025-12827,denishua
CVE-2025-12829,Amazon
CVE-2025-12830,wpdive
CVE-2025-12832,IBM
CVE-2025-12833,paoltaia
CVE-2025-12834,zealopensource
CVE-2025-12836,vektor-inc
CVE-2025-12837,smub
CVE-2025-12838,MSP360
CVE-2025-12839,Academy Software Foundation
CVE-2025-12840,Academy Software Foundation
CVE-2025-12842,timeslotplugins
CVE-2025-12843,waveterm
CVE-2025-12844,tigroumeow
CVE-2025-12845,essekia
CVE-2025-12846,creativethemeshq
CVE-2025-12847,smub
CVE-2025-12848,Drupal
CVE-2025-12849,contest-gallery
CVE-2025-12850,wphocus
CVE-2025-12851,wphocus
CVE-2025-12852,NEC Corporation
CVE-2025-12853,SourceCodester
CVE-2025-12855,code-projects
CVE-2025-12856,code-projects
CVE-2025-12857,code-projects
CVE-2025-12862,projectworlds
CVE-2025-12864,e-Excellence
CVE-2025-12865,e-Excellence
CVE-2025-12866,Hundred Plus
CVE-2025-12867,Hundred Plus
CVE-2025-12868,CyberTutor
CVE-2025-12869,aEnrich
CVE-2025-12870,aEnrich
CVE-2025-12871,aEnrich
CVE-2025-12872,aEnrich
CVE-2025-12873,Campcodes
CVE-2025-12874,Quest
CVE-2025-12876,projectopia
CVE-2025-12877,faysal61
CVE-2025-12878,amans2k
CVE-2025-12879,vinoth06
CVE-2025-12880,jobayer534
CVE-2025-12881,wpswings
CVE-2025-12882,SmartDataSoft
CVE-2025-12883,campay
CVE-2025-12884,monetizemore
CVE-2025-12885,awsmin
CVE-2025-12886,Laborator
CVE-2025-12887,saadiqbal
CVE-2025-12888,wolfSSL
CVE-2025-12889,wolfSSL
CVE-2025-12890,zephyrproject-rtos
CVE-2025-12891,ays-pro
CVE-2025-12892,ays-pro
CVE-2025-12893,MongoDB Inc.
CVE-2025-12894,jcollings
CVE-2025-12895,Laborator
CVE-2025-12896,Solidigm™
CVE-2025-12898,lbell
CVE-2025-12899,zephyrproject-rtos
CVE-2025-12900,ninjateam
CVE-2025-12901,asgaros
CVE-2025-12902,Solidigm™
CVE-2025-12903,paymentplugins
CVE-2025-12904,otacke
CVE-2025-12905,Google
CVE-2025-12906,Google
CVE-2025-12907,Google
CVE-2025-12908,Google
CVE-2025-12909,Google
CVE-2025-12910,Google
CVE-2025-12911,Google
CVE-2025-12913,code-projects
CVE-2025-12914,aaPanel
CVE-2025-12915,70mai
CVE-2025-12916,Sangfor
CVE-2025-12917,TOZED
CVE-2025-12918,yungifez
CVE-2025-12920,qianfox
CVE-2025-12921,OpenClinica
CVE-2025-12922,OpenClinica
CVE-2025-12923,liweiyi
CVE-2025-12924,rymcu
CVE-2025-12925,rymcu
CVE-2025-12926,SourceCodester
CVE-2025-12928,code-projects
CVE-2025-12929,SourceCodester
CVE-2025-12930,SourceCodester
CVE-2025-12931,SourceCodester
CVE-2025-12932,SourceCodester
CVE-2025-12933,SourceCodester
CVE-2025-12934,beaverbuilder
CVE-2025-12935,techjewel
CVE-2025-12937,valentinpellegrin
CVE-2025-12938,projectworlds
CVE-2025-12939,SourceCodester
CVE-2025-12940,NETGEAR
CVE-2025-12941,NETGEAR
CVE-2025-12942,NETGEAR
CVE-2025-12943,NETGEAR
CVE-2025-12944,NETGEAR
CVE-2025-12945,NETGEAR
CVE-2025-12946,NETGEAR
CVE-2025-12952,Google Cloud
CVE-2025-12953,techlabpro1
CVE-2025-12955,rajeshsingh520
CVE-2025-12956,Dassault Systèmes
CVE-2025-12957,plugins360
CVE-2025-12958,rankology
CVE-2025-12960,iworks
CVE-2025-12961,arkadiykilesso
CVE-2025-12962,willbontrager
CVE-2025-12963,lazycoders
CVE-2025-12964,nalam-1
CVE-2025-12965,nalam-1
CVE-2025-12966,plugins360
CVE-2025-12967,AWS
CVE-2025-12968,infility
CVE-2025-12969,FluentBit
CVE-2025-12970,FluentBit
CVE-2025-12971,premio
CVE-2025-12972,FluentBit
CVE-2025-12973,oc3dots
CVE-2025-12974,Gravity Forms
CVE-2025-12975,wahid0003
CVE-2025-12976,netweblogic
CVE-2025-12977,FluentBit
CVE-2025-12978,FluentBit
CVE-2025-12979,uscnanbu
CVE-2025-12980,wpxpo
CVE-2025-12981,dreamstechnologies
CVE-2025-12983,GitLab
CVE-2025-12984,monetizemore
CVE-2025-12985,IBM
CVE-2025-12986,silabs.com
CVE-2025-12994,Medtronic
CVE-2025-12995,Medtronic
CVE-2025-12996,Medtronic
CVE-2025-12997,Medtronic
CVE-2025-12998,TYPO3
CVE-2025-13002,Farktor Software E-Commerce Services Inc.
CVE-2025-13003,Aksis Computer Services and Consulting Inc.
CVE-2025-13004,Farktor Software E-Commerce Services Inc.
CVE-2025-13006,wpeka-club
CVE-2025-13007,adreastrian
CVE-2025-13008,M-Files Corporation
CVE-2025-13012,Mozilla
CVE-2025-13013,Mozilla
CVE-2025-13014,Mozilla
CVE-2025-13015,Mozilla
CVE-2025-13016,Mozilla
CVE-2025-13017,Mozilla
CVE-2025-13018,Mozilla
CVE-2025-13019,Mozilla
CVE-2025-13020,Mozilla
CVE-2025-13021,Mozilla
CVE-2025-13022,Mozilla
CVE-2025-13023,Mozilla
CVE-2025-13024,Mozilla
CVE-2025-13025,Mozilla
CVE-2025-13026,Mozilla
CVE-2025-13027,Mozilla
CVE-2025-13032,Avast
CVE-2025-13032,AVG
CVE-2025-13032,Avsat
CVE-2025-13033,nodemailer
CVE-2025-13033,Red Hat
CVE-2025-13034,curl
CVE-2025-13035,codesnippetspro
CVE-2025-13036,Rockwell Automation
CVE-2025-13042,Google
CVE-2025-13044,IBM
CVE-2025-13048,statcounter
CVE-2025-13051,ASUSTOR
CVE-2025-13052,ASUSTOR
CVE-2025-13053,ASUSTOR
CVE-2025-13054,cozmoslabs
CVE-2025-13056,Centreon
CVE-2025-13057,Campcodes
CVE-2025-13058,soerennb
CVE-2025-13059,SourceCodester
CVE-2025-13060,SourceCodester
CVE-2025-13061,itsourcecode
CVE-2025-13062,divisupreme
CVE-2025-13063,DinukaNavaratna
CVE-2025-13064,Axis Communications AB
CVE-2025-13065,brainstormforce
CVE-2025-13066,kraftplugins
CVE-2025-13067,wproyal
CVE-2025-13068,milmor
CVE-2025-13069,ideastocode
CVE-2025-13075,code-projects
CVE-2025-13076,code-projects
CVE-2025-13077,payamito
CVE-2025-13078,GitLab
CVE-2025-13079,popupbuilder
CVE-2025-13080,Drupal
CVE-2025-13081,Drupal
CVE-2025-13082,Drupal
CVE-2025-13083,Drupal
CVE-2025-13084,Opto 22
CVE-2025-13085,softaculous
CVE-2025-13086,OpenVPN
CVE-2025-13087,Opto22
CVE-2025-13088,ikhodal
CVE-2025-13089,wpdirectorykit
CVE-2025-13090,wpdirectorykit
CVE-2025-13091,wpfable
CVE-2025-13092,ajitdas
CVE-2025-13093,ajitdas
CVE-2025-13094,wp3d
CVE-2025-13096,IBM
CVE-2025-13097,Google
CVE-2025-13102,Google
CVE-2025-13107,Google
CVE-2025-13108,IBM
CVE-2025-13109,realmag777
CVE-2025-13110,realmag777
CVE-2025-13113,accessibewp
CVE-2025-13114,macrozheng
CVE-2025-13115,macrozheng
CVE-2025-13116,macrozheng
CVE-2025-13117,macrozheng
CVE-2025-13118,macrozheng
CVE-2025-13119,Fabian Ros
CVE-2025-13119,SourceCodester
CVE-2025-13121,cameasy
CVE-2025-13122,SourceCodester
CVE-2025-13123,AMTT
CVE-2025-13124,Netiket Information Technologies Ltd. Co.
CVE-2025-13125,"Im Park Information Technology, Electronics, Press, Publishing and Advertising, Education Ltd. Co."
CVE-2025-13126,tomdever
CVE-2025-13127,TAC Information Services Internal and External Trade Inc.
CVE-2025-13129,Seneka Software Hardware Information Technology Trade Contracting and Industry Ltd. Co.
CVE-2025-13132,The Browser Company of New York
CVE-2025-13133,vaniivan
CVE-2025-13134,powerblogservice
CVE-2025-13135,integrationshotelrunner
CVE-2025-13136,westerndeal
CVE-2025-13137,delabon
CVE-2025-13138,wpdirectorykit
CVE-2025-13139,devsoftbaltic
CVE-2025-13140,devsoftbaltic
CVE-2025-13141,devitemsllc
CVE-2025-13142,farvehandleren
CVE-2025-13143,assafp
CVE-2025-13144,contentstudio
CVE-2025-13145,smackcoders
CVE-2025-13146,sevenspark
CVE-2025-13147,Progress
CVE-2025-13148,IBM
CVE-2025-13149,publishpress
CVE-2025-13151,GnuTLS
CVE-2025-13152,Lenovo
CVE-2025-13154,Lenovo
CVE-2025-13155,Lenovo
CVE-2025-13156,appsbd
CVE-2025-13157,qodeinteractive
CVE-2025-13158,apiDoc
CVE-2025-13159,flothemesplugins
CVE-2025-13160,IQ Service International
CVE-2025-13161,IQ Service International
CVE-2025-13162,ABB
CVE-2025-13163,Digiwin
CVE-2025-13164,Digiwin
CVE-2025-13165,Digiwin
CVE-2025-13167,Synology
CVE-2025-13168,ury-erp
CVE-2025-13169,code-projects
CVE-2025-13170,code-projects
CVE-2025-13172,CodeAstro
CVE-2025-13174,rachelos
CVE-2025-13175,YSoft
CVE-2025-13176,"ESET, spol. s.r.o"
CVE-2025-13177,Bdtask
CVE-2025-13177,CodeCanyon
CVE-2025-13178,Bdtask
CVE-2025-13178,CodeCanyon
CVE-2025-13179,Bdtask
CVE-2025-13179,CodeCanyon
CVE-2025-13180,Bdtask
CVE-2025-13180,CodeCanyon
CVE-2025-13181,pojoin
CVE-2025-13182,pojoin
CVE-2025-13183,Hotech Software Inc.
CVE-2025-13184,Toto Link
CVE-2025-13185,Bdtask
CVE-2025-13185,CodeCanyon
CVE-2025-13186,Bdtask
CVE-2025-13186,CodeCanyon
CVE-2025-13187,Intelbras
CVE-2025-13188,D-Link
CVE-2025-13189,D-Link
CVE-2025-13190,D-Link
CVE-2025-13191,D-Link
CVE-2025-13192,roxnor
CVE-2025-13193,Red Hat
CVE-2025-13194,devsoftbaltic
CVE-2025-13196,bdthemes
CVE-2025-13199,code-projects
CVE-2025-13200,SourceCodester
CVE-2025-13201,code-projects
CVE-2025-13202,code-projects
CVE-2025-13203,code-projects
CVE-2025-13204,silentmatt
CVE-2025-13205,devsoftbaltic
CVE-2025-13206,stellarwp
CVE-2025-13208,FantasticLBP
CVE-2025-13209,bestfeng
CVE-2025-13210,itsourcecode
CVE-2025-13211,IBM
CVE-2025-13212,IBM
CVE-2025-13213,IBM
CVE-2025-13214,IBM
CVE-2025-13215,averta
CVE-2025-13217,ultimatemember
CVE-2025-13219,IBM
CVE-2025-13220,ultimatemember
CVE-2025-13221,Intelbras
CVE-2025-13223,Google
CVE-2025-13224,Google
CVE-2025-13225,Tanium
CVE-2025-13226,Google
CVE-2025-13227,Google
CVE-2025-13228,Google
CVE-2025-13229,Google
CVE-2025-13230,Google
CVE-2025-13231,radykal
CVE-2025-13233,itsourcecode
CVE-2025-13234,itsourcecode
CVE-2025-13235,itsourcecode
CVE-2025-13236,itsourcecode
CVE-2025-13237,itsourcecode
CVE-2025-13238,Bdtask
CVE-2025-13239,Bdtask
CVE-2025-13239,CodeCanyon
CVE-2025-13240,code-projects
CVE-2025-13241,code-projects
CVE-2025-13242,code-projects
CVE-2025-13243,code-projects
CVE-2025-13244,code-projects
CVE-2025-13245,code-projects
CVE-2025-13246,shsuishang
CVE-2025-13247,PHPGurukul
CVE-2025-13248,SourceCodester
CVE-2025-13249,Jiusi
CVE-2025-13250,WeiYe-Jing
CVE-2025-13251,WeiYe-Jing
CVE-2025-13252,shsuishang
CVE-2025-13253,projectworlds
CVE-2025-13254,projectworlds
CVE-2025-13255,projectworlds
CVE-2025-13256,projectworlds
CVE-2025-13257,itsourcecode
CVE-2025-13258,Tenda
CVE-2025-13259,Campcodes
CVE-2025-13260,Campcodes
CVE-2025-13261,lsfusion
CVE-2025-13262,lsfusion
CVE-2025-13263,SourceCodester
CVE-2025-13264,SourceCodester
CVE-2025-13265,lsfusion
CVE-2025-13266,wwwlike
CVE-2025-13267,SourceCodester
CVE-2025-13268,Dromara
CVE-2025-13269,Campcodes
CVE-2025-13270,Campcodes
CVE-2025-13271,Campcodes
CVE-2025-13272,Campcodes
CVE-2025-13273,Campcodes
CVE-2025-13274,Campcodes
CVE-2025-13275,Iqbolshoh
CVE-2025-13276,g33kyrash
CVE-2025-13277,code-projects
CVE-2025-13278,projectworlds
CVE-2025-13279,code-projects
CVE-2025-13280,CodeAstro
CVE-2025-13281,Kubernetes
CVE-2025-13282,Chunghwa Telecom
CVE-2025-13283,Chunghwa Telecom
CVE-2025-13284,ThinPLUS
CVE-2025-13285,itsourcecode
CVE-2025-13286,itsourcecode
CVE-2025-13287,itsourcecode
CVE-2025-13288,Tenda
CVE-2025-13289,1000projects
CVE-2025-13290,code-projects
CVE-2025-13291,Campcodes
CVE-2025-13292,Google Cloud
CVE-2025-13293,TBEA
CVE-2025-13294,TBEA
CVE-2025-13295,Argus Technology Inc.
CVE-2025-13296,Tekrom Technology Inc.
CVE-2025-13297,itsourcecode
CVE-2025-13298,itsourcecode
CVE-2025-13299,itsourcecode
CVE-2025-13300,itsourcecode
CVE-2025-13301,itsourcecode
CVE-2025-13302,code-projects
CVE-2025-13303,code-projects
CVE-2025-13304,D-Link
CVE-2025-13305,D-Link
CVE-2025-13306,D-Link
CVE-2025-13308,georgestephanis
CVE-2025-13309,codeconfig
CVE-2025-13311,sigalitam
CVE-2025-13312,dripadmin
CVE-2025-13313,dripadmin
CVE-2025-13314,markutos987
CVE-2025-13315,Lynxtechnology
CVE-2025-13316,Lynxtechnology
CVE-2025-13317,codepeople
CVE-2025-13318,codepeople
CVE-2025-13319,Nettec AS
CVE-2025-13320,wpusermanager
CVE-2025-13321,Mattermost
CVE-2025-13322,husainali52
CVE-2025-13323,code-projects
CVE-2025-13324,Mattermost
CVE-2025-13325,itsourcecode
CVE-2025-13326,Mattermost
CVE-2025-13327,astral-sh
CVE-2025-13327,Red Hat
CVE-2025-13329,snowray
CVE-2025-13333,IBM
CVE-2025-13334,blazethemes
CVE-2025-13335,GitLab
CVE-2025-13339,hippooo
CVE-2025-13342,shabti
CVE-2025-13343,SourceCodester
CVE-2025-13344,SourceCodester
CVE-2025-13345,SourceCodester
CVE-2025-13346,SourceCodester
CVE-2025-13347,SourceCodester
CVE-2025-13348,ASUS
CVE-2025-13349,SourceCodester
CVE-2025-13350,Canonical
CVE-2025-13352,Mattermost
CVE-2025-13353,Cloudflare
CVE-2025-13354,stevejburge
CVE-2025-13357,HashiCorp
CVE-2025-13358,codeconfig
CVE-2025-13359,stevejburge
CVE-2025-13360,monkeyboz
CVE-2025-13361,dipesh_patel
CVE-2025-13362,jevgenisultanov
CVE-2025-13363,imaqpress
CVE-2025-13364,flippercode
CVE-2025-13365,tikolan
CVE-2025-13366,frapesce
CVE-2025-13367,wpeverest
CVE-2025-13368,xpro
CVE-2025-13369,premmerce
CVE-2025-13370,ov3rkll
CVE-2025-13371,moneyspace
CVE-2025-13372,djangoproject
CVE-2025-13373,Advantech
CVE-2025-13374,irisideatechsolutions
CVE-2025-13375,IBM
CVE-2025-13376,ov3rkll
CVE-2025-13377,10web
CVE-2025-13378,ays-pro
CVE-2025-13379,IBM
CVE-2025-13380,liquidthemes
CVE-2025-13381,ays-pro
CVE-2025-13382,nmedia
CVE-2025-13383,bestweblayout
CVE-2025-13384,codepeople
CVE-2025-13385,bylancer
CVE-2025-13386,lyrathemes
CVE-2025-13387,stellarwp
CVE-2025-13389,nmedia
CVE-2025-13390,listingthemes
CVE-2025-13391,MooMoo
CVE-2025-13392,Synology
CVE-2025-13393,marceljm
CVE-2025-13394,WSO2
CVE-2025-13395,codehub666
CVE-2025-13396,code-projects
CVE-2025-13399,TP-Link Systems Inc.
CVE-2025-13400,Tenda
CVE-2025-13401,optimizingmatters
CVE-2025-13403,emarket-design
CVE-2025-13404,docjojo
CVE-2025-13405,buywptemplates
CVE-2025-13406,Softing
CVE-2025-13408,foxtheme
CVE-2025-13409,wpvibes
CVE-2025-13410,Campcodes
CVE-2025-13411,Campcodes
CVE-2025-13412,Campcodes
CVE-2025-13413,soyrodriguez
CVE-2025-13414,gwendydd
CVE-2025-13415,icret
CVE-2025-13416,metagauss
CVE-2025-13418,spwebguy
CVE-2025-13419,aharonyan
CVE-2025-13420,itsourcecode
CVE-2025-13421,itsourcecode
CVE-2025-13422,freeprojectscodes
CVE-2025-13423,Campcodes
CVE-2025-13424,Campcodes
CVE-2025-13425,Google
CVE-2025-13426,Google Cloud
CVE-2025-13427,Google Cloud
CVE-2025-13428,Google Cloud
CVE-2025-13431,veronalabs
CVE-2025-13432,HashiCorp
CVE-2025-13433,Muse Group
CVE-2025-13434,jameschz
CVE-2025-13435,Dreampie
CVE-2025-13436,GitLab
CVE-2025-13437,Google
CVE-2025-13438,dienodigital
CVE-2025-13439,radykal
CVE-2025-13440,premmerce
CVE-2025-13441,themesupport
CVE-2025-13442,UTT
CVE-2025-13443,macrozheng
CVE-2025-13444,Progress Software
CVE-2025-13445,Tenda
CVE-2025-13446,Tenda
CVE-2025-13447,Progress Software
CVE-2025-13448,anastis
CVE-2025-13449,code-projects
CVE-2025-13450,SourceCodester
CVE-2025-13451,SourceCodester
CVE-2025-13452,nmedia
CVE-2025-13453,Lenovo
CVE-2025-13454,Lenovo
CVE-2025-13455,Lenovo
CVE-2025-13457,woocommerce
CVE-2025-13459,IBM
CVE-2025-13460,IBM
CVE-2025-13462,Python Software Foundation
CVE-2025-13463,boldthemes
CVE-2025-13465,Lodash
CVE-2025-13465,Lodash-amd
CVE-2025-13465,lodash-es
CVE-2025-13465,lodash.unset
CVE-2025-13466,body-parser
CVE-2025-13467,Keycloak
CVE-2025-13467,Red Hat
CVE-2025-13468,SourceCodester
CVE-2025-13469,Public Knowledge Project
CVE-2025-13470,Ribose
CVE-2025-13472,Perforce
CVE-2025-13473,djangoproject
CVE-2025-13474,Menulux Software Inc.
CVE-2025-13475,WSO2
CVE-2025-13476,Rakuten Viber
CVE-2025-13477,Digital Operations Services Inc.
CVE-2025-13478,OpenText
CVE-2025-13479,PosCube Hardware Software and Consulting Ltd.
CVE-2025-13480,Fudo Security
CVE-2025-13481,IBM
CVE-2025-13483,SiRcom
CVE-2025-13484,Campcodes
CVE-2025-13485,itsourcecode
CVE-2025-13486,hwk-fr
CVE-2025-13488,Sonatype
CVE-2025-13489,IBM
CVE-2025-13490,IBM
CVE-2025-13491,IBM
CVE-2025-13492,HP Inc
CVE-2025-13493,webrndexperts
CVE-2025-13494,jimmyredline80
CVE-2025-13495,wpmanageninja
CVE-2025-13496,moosend
CVE-2025-13497,zanderz
CVE-2025-13498,codename065
CVE-2025-13499,Wireshark Foundation
CVE-2025-13502,Red Hat
CVE-2025-13502,The WebKitGTK Team
CVE-2025-13504,e-plugins
CVE-2025-13505,Datateam Information Technologies Inc.
CVE-2025-13506,Nebim Neyir Computer Industry and Services Inc.
CVE-2025-13507,MongoDB Inc.
CVE-2025-13510,Iskra
CVE-2025-13512,jiangxin
CVE-2025-13513,codejunkie
CVE-2025-13515,danrajkumar
CVE-2025-13516,brainstormforce
CVE-2025-13519,smjrifle
CVE-2025-13520,mtcaptcha
CVE-2025-13521,fulippo
CVE-2025-13523,Mattermost
CVE-2025-13524,AWS
CVE-2025-13525,wpdirectorykit
CVE-2025-13526,walterpinem
CVE-2025-13527,anwerashif
CVE-2025-13528,nedwp
CVE-2025-13529,codeclouds
CVE-2025-13531,hayyatapps
CVE-2025-13532,Fortra
CVE-2025-13534,elextensions
CVE-2025-13535,kingaddons
CVE-2025-13536,blubrry
CVE-2025-13537,livecomposer
CVE-2025-13538,Elated Themes
CVE-2025-13539,Elated Themes
CVE-2025-13540,Qode Interactive
CVE-2025-13542,DesignThemes
CVE-2025-13543,rtowebsites
CVE-2025-13544,ashraf-kabir
CVE-2025-13545,ashraf-kabir
CVE-2025-13546,ashraf-kabir
CVE-2025-13547,D-Link
CVE-2025-13548,D-Link
CVE-2025-13549,D-Link
CVE-2025-13550,D-Link
CVE-2025-13551,D-Link
CVE-2025-13552,D-Link
CVE-2025-13553,D-Link
CVE-2025-13554,Campcodes
CVE-2025-13555,Campcodes
CVE-2025-13556,Campcodes
CVE-2025-13557,Campcodes
CVE-2025-13558,pr-gateway
CVE-2025-13559,venusweb
CVE-2025-13560,SourceCodester
CVE-2025-13561,SourceCodester
CVE-2025-13562,D-Link
CVE-2025-13563,BuddhaThemes
CVE-2025-13564,SourceCodester
CVE-2025-13565,SourceCodester
CVE-2025-13566,jarun
CVE-2025-13567,itsourcecode
CVE-2025-13568,itsourcecode
CVE-2025-13569,itsourcecode
CVE-2025-13570,itsourcecode
CVE-2025-13571,code-projects
CVE-2025-13572,projectworlds
CVE-2025-13573,projectworlds
CVE-2025-13574,code-projects
CVE-2025-13575,code-projects
CVE-2025-13576,code-projects
CVE-2025-13577,PHPGurukul
CVE-2025-13578,code-projects
CVE-2025-13579,code-projects
CVE-2025-13580,code-projects
CVE-2025-13581,itsourcecode
CVE-2025-13582,code-projects
CVE-2025-13583,code-projects
CVE-2025-13585,itsourcecode
CVE-2025-13586,SourceCodester
CVE-2025-13587,ss88_uk
CVE-2025-13588,lKinderBueno
CVE-2025-13589,Otsuka Information Technology
CVE-2025-13590,WSO2
CVE-2025-13592,monetizemore
CVE-2025-13593,Synology
CVE-2025-13595,soportecibeles
CVE-2025-13596,ATISoluciones
CVE-2025-13597,soportecibeles
CVE-2025-13601,Red Hat
CVE-2025-13603,husainali52
CVE-2025-13604,cleantalk
CVE-2025-13605,3onedata
CVE-2025-13606,smackcoders
CVE-2025-13607,D-Link
CVE-2025-13608,caterhamcomputing
CVE-2025-13609,Keylime Project
CVE-2025-13609,Red Hat
CVE-2025-13610,metagauss
CVE-2025-13611,GitLab
CVE-2025-13612,essentialplugin
CVE-2025-13613,Elated Themes
CVE-2025-13614,wpkube
CVE-2025-13615,phpface
CVE-2025-13616,IBM
CVE-2025-13617,apollo13themes
CVE-2025-13618,dreamstechnologies
CVE-2025-13619,CMSSuperHeroes
CVE-2025-13620,roxnor
CVE-2025-13621,teamdream
CVE-2025-13622,missi
CVE-2025-13623,natambu
CVE-2025-13624,travishoki
CVE-2025-13625,switch2mac
CVE-2025-13626,realloc
CVE-2025-13627,makesweat
CVE-2025-13628,themeum
CVE-2025-13629,xbenx
CVE-2025-13630,Google
CVE-2025-13631,Google
CVE-2025-13632,Google
CVE-2025-13633,Google
CVE-2025-13634,Google
CVE-2025-13635,Google
CVE-2025-13636,Google
CVE-2025-13637,Google
CVE-2025-13638,Google
CVE-2025-13639,Google
CVE-2025-13640,Google
CVE-2025-13641,smub
CVE-2025-13642,properfraction
CVE-2025-13643,MongoDB Inc.
CVE-2025-13644,MongoDB Inc.
CVE-2025-13645,wpchill
CVE-2025-13646,wpchill
CVE-2025-13648,Microcom
CVE-2025-13649,Microcom
CVE-2025-13650,Microcom
CVE-2025-13651,Microcom
CVE-2025-13652,manchumahara
CVE-2025-13653,floragunn
CVE-2025-13654,Duc
CVE-2025-13656,arnabkumar
CVE-2025-13657,helpdeskcom
CVE-2025-13658,Industrial Video & Control
CVE-2025-13659,Ivanti
CVE-2025-13660,rcatheme
CVE-2025-13661,Ivanti
CVE-2025-13662,Ivanti
CVE-2025-13663,Altera
CVE-2025-13664,Altera
CVE-2025-13665,Altera
CVE-2025-13666,helloprint
CVE-2025-13667,tomiup
CVE-2025-13668,Altera
CVE-2025-13669,Altera
CVE-2025-13670,Altera
CVE-2025-13671,OpenText™
CVE-2025-13672,OpenText™
CVE-2025-13673,themeum
CVE-2025-13674,Wireshark Foundation
CVE-2025-13675,DirectoryThemes
CVE-2025-13676,ostin654
CVE-2025-13677,specialk
CVE-2025-13678,siamlottery
CVE-2025-13679,themeum
CVE-2025-13680,DirectoryThemes
CVE-2025-13681,thebaldfatguy
CVE-2025-13682,phegman
CVE-2025-13683,Devolutions
CVE-2025-13684,alexkar
CVE-2025-13685,ays-pro
CVE-2025-13686,IBM
CVE-2025-13687,IBM
CVE-2025-13688,IBM
CVE-2025-13689,IBM
CVE-2025-13690,GitLab
CVE-2025-13691,IBM
CVE-2025-13692,unitecms
CVE-2025-13693,wpchill
CVE-2025-13694,aaextensions
CVE-2025-13696,softdiscover
CVE-2025-13697,wpblockart
CVE-2025-13698,Deciso
CVE-2025-13699,MariaDB
CVE-2025-13700,DreamFactory
CVE-2025-13701,beshkin
CVE-2025-13702,IBM
CVE-2025-13703,VIPRE
CVE-2025-13704,amirshk
CVE-2025-13705,blakelong
CVE-2025-13706,Tencent
CVE-2025-13707,Tencent
CVE-2025-13708,Tencent
CVE-2025-13709,Tencent
CVE-2025-13710,Tencent
CVE-2025-13711,Tencent
CVE-2025-13712,Tencent
CVE-2025-13713,Tencent
CVE-2025-13714,Tencent
CVE-2025-13715,Tencent
CVE-2025-13716,Tencent
CVE-2025-13717,ashishajani
CVE-2025-13718,IBM
CVE-2025-13720,Google
CVE-2025-13721,Google
CVE-2025-13722,techjewel
CVE-2025-13723,IBM
CVE-2025-13724,e4jvikwp
CVE-2025-13725,thimpress
CVE-2025-13726,IBM
CVE-2025-13727,videowhisper
CVE-2025-13728,techjewel
CVE-2025-13729,greenshady
CVE-2025-13730,daggerhart
CVE-2025-13731,posimyththemes
CVE-2025-13732,clavaque
CVE-2025-13733,Dr.Buho
CVE-2025-13734,IBM
CVE-2025-13735,ASR
CVE-2025-13736,WSO2
CVE-2025-13737,nextendweb
CVE-2025-13738,magazine3
CVE-2025-13739,d3395
CVE-2025-13740,someguy9
CVE-2025-13741,publishpress
CVE-2025-13742,pretix
CVE-2025-13743,Docker
CVE-2025-13744,GitHub
CVE-2025-13746,ultimatemember
CVE-2025-13747,ice00
CVE-2025-13748,techjewel
CVE-2025-13749,creativemotion
CVE-2025-13750,mateuszgbiorczyk
CVE-2025-13751,OpenVPN
CVE-2025-13753,wptb
CVE-2025-13754,croixhaug
CVE-2025-13755,IBM
CVE-2025-13756,techjewel
CVE-2025-13757,Devolutions
CVE-2025-13758,Devolutions
CVE-2025-13761,GitLab
CVE-2025-13762,CyberArk
CVE-2025-13763,OpenSC
CVE-2025-13763,Red Hat
CVE-2025-13764,ApusTheme
CVE-2025-13765,Devolutions
CVE-2025-13766,stylemix
CVE-2025-13767,Mattermost
CVE-2025-13768,Uniong
CVE-2025-13769,Uniong
CVE-2025-13770,Uniong
CVE-2025-13771,Uniong
CVE-2025-13772,GitLab
CVE-2025-13773,tychesoftwares
CVE-2025-13774,Progress Software
CVE-2025-13776,TIK-SOFT
CVE-2025-13777,ABB
CVE-2025-13778,ABB
CVE-2025-13779,ABB
CVE-2025-13780,pgadmin.org
CVE-2025-13781,GitLab
CVE-2025-13782,taosir
CVE-2025-13783,taosir
CVE-2025-13784,yungifez
CVE-2025-13785,yungifez
CVE-2025-13786,taosir
CVE-2025-13788,Chanjet
CVE-2025-13793,winston-dsouza
CVE-2025-13794,themeisle
CVE-2025-13795,codingWithElias
CVE-2025-13796,deco-cx
CVE-2025-13797,ADSLR
CVE-2025-13798,ADSLR
CVE-2025-13799,ADSLR
CVE-2025-13800,ADSLR
CVE-2025-13801,yocoadmin
CVE-2025-13802,jairiidriss
CVE-2025-13804,nutzam
CVE-2025-13805,nutzam
CVE-2025-13806,nutzam
CVE-2025-13807,orionsec
CVE-2025-13808,orionsec
CVE-2025-13809,orionsec
CVE-2025-13810,jsnjfz
CVE-2025-13811,jsnjfz
CVE-2025-13812,rubengc
CVE-2025-13813,moxi159753
CVE-2025-13814,moxi159753
CVE-2025-13815,moxi159753
CVE-2025-13816,moxi159753
CVE-2025-13818,ESET spol s.r.o.
CVE-2025-13819,MiR
CVE-2025-13821,Mattermost
CVE-2025-13822,MCPHub
CVE-2025-13823,Rockwell Automation
CVE-2025-13824,Rockwell Automation
CVE-2025-13826,Zervit
CVE-2025-13827,Mautic
CVE-2025-13828,Mautic
CVE-2025-13829,Data Illusion Zumbrunn
CVE-2025-13835,tychesoftwares
CVE-2025-13836,Python Software Foundation
CVE-2025-13837,Python Software Foundation
CVE-2025-13838,htplugins
CVE-2025-13839,jenyay
CVE-2025-13840,bobvanoorschot
CVE-2025-13841,clevelandwebdeveloper
CVE-2025-13842,mtekk
CVE-2025-13843,susantabeura
CVE-2025-13844,Schneider Electric
CVE-2025-13845,Schneider Electric
CVE-2025-13846,qrevo
CVE-2025-13847,davidangel
CVE-2025-13848,sergiotoca
CVE-2025-13849,matiasanca
CVE-2025-13850,ladislavsoukupgmailcom
CVE-2025-13851,scriptsbundle
CVE-2025-13852,debtcom
CVE-2025-13853,lnbadmin1
CVE-2025-13854,soniz
CVE-2025-13855,IBM
CVE-2025-13856,michaelcole1991
CVE-2025-13857,ksakai
CVE-2025-13859,wpcenter
CVE-2025-13860,webradykal
CVE-2025-13861,linksoftware
CVE-2025-13862,furqan-khanzada
CVE-2025-13863,krupenik
CVE-2025-13864,cloudways
CVE-2025-13866,looks_awesome
CVE-2025-13867,IBM
CVE-2025-13870,Mattermost
CVE-2025-13871,ObjectPlanet
CVE-2025-13872,ObjectPlanet
CVE-2025-13873,ObjectPlanet
CVE-2025-13874,GitLab
CVE-2025-13875,Yohann0617
CVE-2025-13876,Rareprob
CVE-2025-13878,ISC
CVE-2025-13879,SOLIDserver
CVE-2025-13880,adreastrian
CVE-2025-13881,Red Hat
CVE-2025-13884,buntegiraffe
CVE-2025-13885,imran3229
CVE-2025-13886,cvedovini
CVE-2025-13887,wisdmlabs
CVE-2025-13888,Red Hat
CVE-2025-13888,redhat-developer
CVE-2025-13889,tmus
CVE-2025-13891,wpchill
CVE-2025-13892,mountaingrafix
CVE-2025-13893,burtrw
CVE-2025-13894,sumotto
CVE-2025-13895,top-position
CVE-2025-13896,wpdiscover
CVE-2025-13897,amu02aftab
CVE-2025-13898,sozan45
CVE-2025-13899,pntrinh
CVE-2025-13900,themelocation
CVE-2025-13901,Schneider Electric
CVE-2025-13902,Schneider Electric
CVE-2025-13903,ctietze
CVE-2025-13904,lesion
CVE-2025-13905,Schneider Electric
CVE-2025-13906,ysh
CVE-2025-13907,tunilame
CVE-2025-13908,alobaidi
CVE-2025-13909,WSO2
CVE-2025-13910,axton
CVE-2025-13911,Inductive Automation
CVE-2025-13912,wolfSSL
CVE-2025-13913,Inductive Automation
CVE-2025-13914,Juniper Networks
CVE-2025-13915,IBM
CVE-2025-13916,IBM
CVE-2025-13917,Broadcom
CVE-2025-13918,Broadcom
CVE-2025-13919,Broadcom
CVE-2025-13920,wpdirectorykit
CVE-2025-13921,wedevs
CVE-2025-13922,stevejburge
CVE-2025-13924,maartenbelmans
CVE-2025-13925,IBM
CVE-2025-13926,Contemporary Controls
CVE-2025-13927,GitLab
CVE-2025-13928,GitLab
CVE-2025-13929,GitLab
CVE-2025-13930,quadlayers
CVE-2025-13932,SolisCloud
CVE-2025-13934,themeum
CVE-2025-13935,themeum
CVE-2025-13936,WatchGuard
CVE-2025-13937,WatchGuard
CVE-2025-13938,WatchGuard
CVE-2025-13939,WatchGuard
CVE-2025-13940,WatchGuard
CVE-2025-13941,Foxit Software Inc.
CVE-2025-13942,Zyxel
CVE-2025-13943,Zyxel
CVE-2025-13945,Wireshark Foundation
CVE-2025-13946,Wireshark Foundation
CVE-2025-13947,Red Hat
CVE-2025-13947,The WebKitGTK Team
CVE-2025-13948,opsre
CVE-2025-13949,ProudMuBai
CVE-2025-13950,onesignal
CVE-2025-13952,Imagination Technologies
CVE-2025-13953,GTT
CVE-2025-13954,EZCast
CVE-2025-13955,EZCast
CVE-2025-13956,thimpress
CVE-2025-13957,Schneider Electric
CVE-2025-13959,shanaver
CVE-2025-13960,davidkeen
CVE-2025-13961,subhransu-sekhar
CVE-2025-13962,klemmkeil
CVE-2025-13963,falselight
CVE-2025-13964,thimpress
CVE-2025-13966,sonlamtn200
CVE-2025-13967,woodpeckerleadform
CVE-2025-13968,starboardsuite
CVE-2025-13969,eurisko
CVE-2025-13970,OpenPLC_V3
CVE-2025-13971,thewellnessway
CVE-2025-13972,watchtowerhq
CVE-2025-13973,kasuga16
CVE-2025-13974,themehigh
CVE-2025-13975,izuchy
CVE-2025-13977,wpdevteam
CVE-2025-13978,GitLab
CVE-2025-13979,Drupal
CVE-2025-13980,Drupal
CVE-2025-13981,Drupal
CVE-2025-13982,Drupal
CVE-2025-13983,Drupal
CVE-2025-13984,Drupal
CVE-2025-13985,Drupal
CVE-2025-13986,Drupal
CVE-2025-13987,codnloc
CVE-2025-13988,thobian
CVE-2025-13989,nazsabuz
CVE-2025-13990,mamurjor
CVE-2025-13992,Google
CVE-2025-13993,mailerlite
CVE-2025-13995,IBM
CVE-2025-13997,kingaddons
CVE-2025-13999,bplugins
CVE-2025-14000,stellarwp
CVE-2025-14001,ninjateam
CVE-2025-14002,whyun
CVE-2025-14003,wpchill
CVE-2025-14004,dayrui
CVE-2025-14005,dayrui
CVE-2025-14006,dayrui
CVE-2025-14007,dayrui
CVE-2025-14008,dayrui
CVE-2025-14009,nltk
CVE-2025-14010,ansible-collections
CVE-2025-14010,Red Hat
CVE-2025-14014,NTN Information Processing Services Computer Software Hardware Industry and Trade Ltd. Co.
CVE-2025-14015,H3C
CVE-2025-14016,macrozheng
CVE-2025-14017,curl
CVE-2025-14018,NetBT Consulting Services Inc.
CVE-2025-14019,LINE Corporation
CVE-2025-14020,LINE Corporation
CVE-2025-14021,LINE Corporation
CVE-2025-14022,LINE Corporation
CVE-2025-14023,LINE Corporation
CVE-2025-14025,Red Hat
CVE-2025-14026,Forcepoint
CVE-2025-14027,Rockwell Automation
CVE-2025-14028,bruterdregz
CVE-2025-14029,jackdewey
CVE-2025-14030,soportecibeles
CVE-2025-14031,IBM
CVE-2025-14032,boldthemes
CVE-2025-14033,ghera74
CVE-2025-14034,ghera74
CVE-2025-14035,jeremybmerrill
CVE-2025-14037,invelity
CVE-2025-14038,EnterpriseDB
CVE-2025-14039,presstigers
CVE-2025-14040,themesuite
CVE-2025-14042,themesuite
CVE-2025-14043,tainacan
CVE-2025-14044,rodgerholl
CVE-2025-14045,apprhyme
CVE-2025-14046,GitHub
CVE-2025-14047,wedevs
CVE-2025-14048,jonahsc
CVE-2025-14049,e4jvikwp
CVE-2025-14050,uxl
CVE-2025-14051,youlaitech
CVE-2025-14052,youlaitech
CVE-2025-14053,jseto
CVE-2025-14054,hasthemes
CVE-2025-14055,silabs.com
CVE-2025-14056,webdevstudios
CVE-2025-14057,tugbucket
CVE-2025-14058,Lenovo
CVE-2025-14059,roxnor
CVE-2025-14061,wplegalpages
CVE-2025-14062,tekafran
CVE-2025-14063,seomantis
CVE-2025-14064,cytechltd
CVE-2025-14065,rodolforizzo76
CVE-2025-14067,hassantafreshi
CVE-2025-14068,qdonow
CVE-2025-14069,magazine3
CVE-2025-14070,xfinitysoft
CVE-2025-14071,livecomposer
CVE-2025-14073,woocommerce
CVE-2025-14074,addonsorg
CVE-2025-14075,thimpress
CVE-2025-14076,icount
CVE-2025-14077,openchamp
CVE-2025-14078,shoheitanaka
CVE-2025-14079,elextensions
CVE-2025-14080,wpshuffle
CVE-2025-14081,ultimatemember
CVE-2025-14082,Red Hat
CVE-2025-14083,Red Hat
CVE-2025-14085,youlaitech
CVE-2025-14086,youlaitech
CVE-2025-14087,GNOME
CVE-2025-14087,Red Hat
CVE-2025-14088,ketr
CVE-2025-14089,Himool
CVE-2025-14090,AMTT
CVE-2025-14091,TrippWasTaken
CVE-2025-14092,Edimax
CVE-2025-14093,Edimax
CVE-2025-14094,Edimax
CVE-2025-14095,Radiometer Medical Aps
CVE-2025-14096,Radiometer Medical Aps
CVE-2025-14097,Radiometer Medical Aps
CVE-2025-14098,Gen Digital
CVE-2025-14101,GG Soft Software Services Inc.
CVE-2025-14103,GitLab
CVE-2025-14104,Red Hat
CVE-2025-14104,util-linux
CVE-2025-14105,TOZED
CVE-2025-14106,ZSPACE
CVE-2025-14107,ZSPACE
CVE-2025-14108,ZSPACE
CVE-2025-14109,ahecht
CVE-2025-14110,pichel
CVE-2025-14111,Rarlab
CVE-2025-14112,mattiaspkallio
CVE-2025-14113,viitorcloudvc
CVE-2025-14114,chrisblackwell
CVE-2025-14115,IBM
CVE-2025-14116,xerrors
CVE-2025-14117,fit2cloud
CVE-2025-14118,callumalden
CVE-2025-14119,themebon
CVE-2025-14120,bww
CVE-2025-14121,samikeijonen
CVE-2025-14122,anybodesign
CVE-2025-14125,andru1
CVE-2025-14126,TOZED
CVE-2025-14127,fpcorso
CVE-2025-14128,mitchoyoshitaka
CVE-2025-14129,wasiul99
CVE-2025-14130,cuvixsystem
CVE-2025-14131,damienoh
CVE-2025-14132,pandikamal03
CVE-2025-14133,Linksys
CVE-2025-14134,Linksys
CVE-2025-14135,Linksys
CVE-2025-14136,Linksys
CVE-2025-14137,alexdtn
CVE-2025-14138,wpletsgo
CVE-2025-14139,UTT
CVE-2025-14140,UTT
CVE-2025-14141,UTT
CVE-2025-14142,electriccode
CVE-2025-14143,ayothemes
CVE-2025-14144,mstoic
CVE-2025-14145,djrowling
CVE-2025-14146,wpdevelop
CVE-2025-14147,corsonr
CVE-2025-14148,IBM
CVE-2025-14149,xpro
CVE-2025-14150,IBM
CVE-2025-14151,veronalabs
CVE-2025-14153,vikasratudi
CVE-2025-14154,wordplus
CVE-2025-14155,leap13
CVE-2025-14156,ays-pro
CVE-2025-14157,GitLab
CVE-2025-14158,octagonsimon
CVE-2025-14159,ays-pro
CVE-2025-14160,justdave
CVE-2025-14161,truefy
CVE-2025-14162,magblogapi
CVE-2025-14163,leap13
CVE-2025-14164,edckwt
CVE-2025-14165,developerke
CVE-2025-14166,ludwigyou
CVE-2025-14167,akshayshah5189
CVE-2025-14168,wpmaniax
CVE-2025-14169,amans2k
CVE-2025-14170,stiand
CVE-2025-14172,infosatech
CVE-2025-14173,perfitdev
CVE-2025-14174,Google
CVE-2025-14175,TP-Link Systems Inc.
CVE-2025-14177,PHP Group
CVE-2025-14178,PHP Group
CVE-2025-14179,PHP Group
CVE-2025-14180,PHP Group
CVE-2025-14182,Sobey
CVE-2025-14183,SGAI
CVE-2025-14184,SGAI
CVE-2025-14185,Yonyou
CVE-2025-14186,Grandstream
CVE-2025-14187,UGREEN
CVE-2025-14188,UGREEN
CVE-2025-14189,Chanjet
CVE-2025-14190,Chanjet
CVE-2025-14191,UTT
CVE-2025-14192,RashminDungrani
CVE-2025-14193,code-projects
CVE-2025-14194,code-projects
CVE-2025-14195,code-projects
CVE-2025-14196,H3C
CVE-2025-14197,Verysync
CVE-2025-14198,Verysync
CVE-2025-14199,Verysync
CVE-2025-14200,alokjaiswal
CVE-2025-14201,alokjaiswal
CVE-2025-14202,Linkding
CVE-2025-14203,code-projects
CVE-2025-14204,TykoDev
CVE-2025-14205,code-projects
CVE-2025-14206,SourceCodester
CVE-2025-14207,tushar-2223
CVE-2025-14208,D-Link
CVE-2025-14209,Campcodes
CVE-2025-14210,projectworlds
CVE-2025-14211,projectworlds
CVE-2025-14212,projectworlds
CVE-2025-14213,Cato Networks
CVE-2025-14214,itsourcecode
CVE-2025-14215,code-projects
CVE-2025-14216,code-projects
CVE-2025-14217,code-projects
CVE-2025-14218,code-projects
CVE-2025-14219,Campcodes
CVE-2025-14220,ORICO
CVE-2025-14221,SourceCodester
CVE-2025-14222,code-projects
CVE-2025-14223,code-projects
CVE-2025-14224,Yottamaster
CVE-2025-14225,D-Link
CVE-2025-14226,itsourcecode
CVE-2025-14227,Philipinho
CVE-2025-14228,Yealink
CVE-2025-14229,SourceCodester
CVE-2025-14230,code-projects
CVE-2025-14231,Canon Inc.
CVE-2025-14232,Canon Inc.
CVE-2025-14233,Canon Inc.
CVE-2025-14234,Canon Inc.
CVE-2025-14235,Canon Inc.
CVE-2025-14236,Canon Inc.
CVE-2025-14237,Canon Inc.
CVE-2025-14242,Red Hat
CVE-2025-14243,Red Hat
CVE-2025-14246,code-projects
CVE-2025-14247,code-projects
CVE-2025-14248,code-projects
CVE-2025-14249,code-projects
CVE-2025-14250,code-projects
CVE-2025-14251,code-projects
CVE-2025-14252,Advantech
CVE-2025-14253,Galaxy Software Services
CVE-2025-14254,Galaxy Software Services
CVE-2025-14255,Galaxy Software Services
CVE-2025-14256,itsourcecode
CVE-2025-14257,itsourcecode
CVE-2025-14258,itsourcecode
CVE-2025-14259,Jihai
CVE-2025-14261,Litmuschaos
CVE-2025-14262,KNIME
CVE-2025-14265,ConnectWise
CVE-2025-14266,Ercom
CVE-2025-14267,M-Files Corporation
CVE-2025-14270,walterpinem
CVE-2025-14272,Rockwell Automation
CVE-2025-14273,Mattermost
CVE-2025-14274,unitecms
CVE-2025-14275,jegtheme
CVE-2025-14276,Ilevia
CVE-2025-14277,bdthemes
CVE-2025-14278,htplugins
CVE-2025-14279,mlflow
CVE-2025-14280,pixelyoursite
CVE-2025-14282,https://github.com/mkj/dropbear/
CVE-2025-14283,wpblockart
CVE-2025-14285,code-projects
CVE-2025-14286,Tenda
CVE-2025-14287,mlflow
CVE-2025-14288,gallerycreator
CVE-2025-14289,IBM
CVE-2025-14290,IBM
CVE-2025-14293,wpjobportal
CVE-2025-14294,razorpay
CVE-2025-14295,Automated Logic
CVE-2025-14295,Carrier
CVE-2025-14298,damian-gora
CVE-2025-14299,TP-Link Systems Inc.
CVE-2025-14300,TP Link Systems Inc.
CVE-2025-14300,TP-Link Systems Inc.
CVE-2025-14301,woosaai
CVE-2025-14302,GIGABYTE
CVE-2025-14303,MSI
CVE-2025-14304,ASRock
CVE-2025-14304,ASRockInd
CVE-2025-14304,ASRockRack
CVE-2025-14305,Acer
CVE-2025-14306,Robocode Project
CVE-2025-14307,Robocode Project
CVE-2025-14308,Robocode Project
CVE-2025-14309,ravynsoft
CVE-2025-14310,rethinkdb
CVE-2025-14311,JMRI
CVE-2025-14314,Roxnor
CVE-2025-14317,Emaintenance
CVE-2025-14318,M-Files Corporation
CVE-2025-14320,Tegsoft Management and Information Services Trade Limited Company
CVE-2025-14321,Mozilla
CVE-2025-14322,Mozilla
CVE-2025-14323,Mozilla
CVE-2025-14324,Mozilla
CVE-2025-14325,Mozilla
CVE-2025-14326,Mozilla
CVE-2025-14327,Mozilla
CVE-2025-14328,Mozilla
CVE-2025-14329,Mozilla
CVE-2025-14330,Mozilla
CVE-2025-14331,Mozilla
CVE-2025-14332,Mozilla
CVE-2025-14333,Mozilla
CVE-2025-14334,itsourcecode
CVE-2025-14335,itsourcecode
CVE-2025-14336,itsourcecode
CVE-2025-14337,itsourcecode
CVE-2025-14338,https://github.com/ShadowBlip
CVE-2025-14339,wedevs
CVE-2025-14340,Payara Platform
CVE-2025-14341,DivvyDrive Information Technologies Inc.
CVE-2025-14342,cifi
CVE-2025-14343,Dokuzsoft Technology Ltd.
CVE-2025-14344,sh1zen
CVE-2025-14345,MongoDB Inc.
CVE-2025-14346,WHILL
CVE-2025-14347,Proliz Software Ltd.
CVE-2025-14348,wedevs
CVE-2025-14349,Universal Software Inc.
CVE-2025-14350,Mattermost
CVE-2025-14351,brainstormforce
CVE-2025-14352,nahian91
CVE-2025-14353,presstigers
CVE-2025-14354,doubledome
CVE-2025-14356,themefic
CVE-2025-14357,misbahwp
CVE-2025-14358,sizam
CVE-2025-14359,brandexponents
CVE-2025-14360,Kaira
CVE-2025-14361,AA-Team
CVE-2025-14362,Fortra
CVE-2025-14364,kraftplugins
CVE-2025-14365,dugudlabs
CVE-2025-14366,dugudlabs
CVE-2025-14367,corsonr
CVE-2025-14369,mackron
CVE-2025-14370,metodiew
CVE-2025-14371,stevejburge
CVE-2025-14372,Google
CVE-2025-14373,Google
CVE-2025-14375,rebelcode
CVE-2025-14376,Rockwell Automation
CVE-2025-14377,Rockwell Automation
CVE-2025-14378,themeregion
CVE-2025-14379,adoncreatives
CVE-2025-14383,wpdevelop
CVE-2025-14384,smub
CVE-2025-14385,brechtvds
CVE-2025-14386,shahrukhlinkgraph
CVE-2025-14387,thimpress
CVE-2025-14388,kiboit
CVE-2025-14389,obridgeacademy
CVE-2025-14390,videomerchant
CVE-2025-14391,darendev
CVE-2025-14392,darendev
CVE-2025-14393,awanhrp
CVE-2025-14394,melodicmedia
CVE-2025-14395,melodicmedia
CVE-2025-14397,franciscopalacios
CVE-2025-14399,wpcodefactory
CVE-2025-14401,PDFsam
CVE-2025-14402,PDFsam
CVE-2025-14403,PDFsam
CVE-2025-14404,PDFsam
CVE-2025-14405,PDFsam
CVE-2025-14406,Soda PDF
CVE-2025-14407,Soda PDF
CVE-2025-14408,Soda PDF
CVE-2025-14409,Soda PDF
CVE-2025-14410,Soda PDF
CVE-2025-14411,Soda PDF
CVE-2025-14412,Soda PDF
CVE-2025-14413,Soda PDF
CVE-2025-14414,Soda PDF
CVE-2025-14415,Soda PDF
CVE-2025-14416,pdfforge
CVE-2025-14417,pdfforge
CVE-2025-14418,pdfforge
CVE-2025-14419,pdfforge
CVE-2025-14420,pdfforge
CVE-2025-14421,pdfforge
CVE-2025-14422,GIMP
CVE-2025-14423,GIMP
CVE-2025-14424,GIMP
CVE-2025-14425,GIMP
CVE-2025-14426,wpchill
CVE-2025-14427,paultgoodchild
CVE-2025-14428,premio
CVE-2025-14429,ThemeMove
CVE-2025-14430,ThemeMove
CVE-2025-14431,THEMELOGI
CVE-2025-14432,HP Inc
CVE-2025-14435,Mattermost
CVE-2025-14436,neeraj_slit
CVE-2025-14437,wpmudev
CVE-2025-14438,xagio
CVE-2025-14440,jayarsiech
CVE-2025-14441,roxnor
CVE-2025-14442,ays-pro
CVE-2025-14443,Red Hat
CVE-2025-14444,metagauss
CVE-2025-14445,levantoan
CVE-2025-14446,ghozylab
CVE-2025-14447,pcantoni
CVE-2025-14448,cbutlerjr
CVE-2025-14449,bookingalgorithms
CVE-2025-14450,wpswings
CVE-2025-14451,solutionsbysteve
CVE-2025-14452,bompus
CVE-2025-14453,ruhul080
CVE-2025-14454,ays-pro
CVE-2025-14455,wpchill
CVE-2025-14456,IBM
CVE-2025-14457,glenwpcoder
CVE-2025-14459,Red Hat
CVE-2025-14460,enartia
CVE-2025-14461,tpixendit
CVE-2025-14462,owais4377
CVE-2025-14463,naa986
CVE-2025-14464,kiwicommerce
CVE-2025-14465,praveentamil
CVE-2025-14466,Güralp Systems
CVE-2025-14467,wpjobportal
CVE-2025-14468,mohammed_kaludi
CVE-2025-14469,mndpsingh287
CVE-2025-14472,Drupal
CVE-2025-14475,nenad-obradovic
CVE-2025-14476,unitecms
CVE-2025-14477,aaron13100
CVE-2025-14478,kraftplugins
CVE-2025-14480,IBM
CVE-2025-14481,yoast
CVE-2025-14482,crushpics
CVE-2025-14483,IBM
CVE-2025-14485,EFM
CVE-2025-14488,RealDefense
CVE-2025-14489,RealDefense
CVE-2025-14490,RealDefense
CVE-2025-14491,RealDefense
CVE-2025-14492,RealDefense
CVE-2025-14493,RealDefense
CVE-2025-14494,RealDefense
CVE-2025-14495,RealDefense
CVE-2025-14496,RealDefense
CVE-2025-14497,RealDefense
CVE-2025-14498,TradingView
CVE-2025-14499,IceWarp
CVE-2025-14500,IceWarp
CVE-2025-14501,Sante
CVE-2025-14502,vaghasia3
CVE-2025-14503,AWS
CVE-2025-14504,IBM
CVE-2025-14506,imtiazrayhan
CVE-2025-14507,metagauss
CVE-2025-14508,yalogica
CVE-2025-14509,villatheme
CVE-2025-14510,ABB
CVE-2025-14511,GitLab
CVE-2025-14512,GNOME
CVE-2025-14512,Red Hat
CVE-2025-14513,GitLab
CVE-2025-14514,Campcodes
CVE-2025-14515,Campcodes
CVE-2025-14516,Yalantis
CVE-2025-14517,Yalantis
CVE-2025-14519,baowzh
CVE-2025-14520,baowzh
CVE-2025-14521,baowzh
CVE-2025-14522,baowzh
CVE-2025-14523,Red Hat
CVE-2025-14524,curl
CVE-2025-14525,Red Hat
CVE-2025-14526,Tenda
CVE-2025-14527,projectworlds
CVE-2025-14528,D-Link
CVE-2025-14529,Campcodes
CVE-2025-14530,SourceCodester
CVE-2025-14531,code-projects
CVE-2025-14532,Studio Fabryka
CVE-2025-14533,hwk-fr
CVE-2025-14534,UTT
CVE-2025-14535,UTT
CVE-2025-14536,code-projects
CVE-2025-14537,code-projects
CVE-2025-14538,yangshare
CVE-2025-14539,rang501
CVE-2025-14540,userback
CVE-2025-14541,villatheme
CVE-2025-14543,RTI
CVE-2025-14547,silabs.com
CVE-2025-14548,kieranoshea
CVE-2025-14549,Eclipse OMR
CVE-2025-14550,djangoproject
CVE-2025-14551,Canonical
CVE-2025-14552,buddydev
CVE-2025-14553,TP-Link Systems Inc.
CVE-2025-14554,hayyatapps
CVE-2025-14555,wpdevart
CVE-2025-14556,Drupal
CVE-2025-14557,Drupal
CVE-2025-14558,FreeBSD
CVE-2025-14559,Red Hat
CVE-2025-14560,GitLab
CVE-2025-14561,WSO2
CVE-2025-14562,GitLab
CVE-2025-14565,kidaze
CVE-2025-14566,kidaze
CVE-2025-14567,haxxorsid
CVE-2025-14568,haxxorsid
CVE-2025-14569,ggml-org
CVE-2025-14570,projectworlds
CVE-2025-14571,projectworlds
CVE-2025-14572,UTT
CVE-2025-14573,Mattermost
CVE-2025-14574,wedevs
CVE-2025-14575,Qt
CVE-2025-14576,Qt
CVE-2025-14577,Slican
CVE-2025-14578,itsourcecode
CVE-2025-14581,villatheme
CVE-2025-14582,campcodes
CVE-2025-14583,campcodes
CVE-2025-14584,itsourcecode
CVE-2025-14585,itsourcecode
CVE-2025-14586,TOTOLINK
CVE-2025-14587,itsourcecode
CVE-2025-14588,itsourcecode
CVE-2025-14589,code-projects
CVE-2025-14590,code-projects
CVE-2025-14591,Perforce
CVE-2025-14592,GitLab
CVE-2025-14593,Autodesk
CVE-2025-14594,GitLab
CVE-2025-14595,GitLab
CVE-2025-14596,Altera
CVE-2025-14598,BeeS Software Solutions
CVE-2025-14599,Altera
CVE-2025-14600,vsDesk
CVE-2025-14601,vsDesk
CVE-2025-14602,vsDesk
CVE-2025-14603,vsDesk
CVE-2025-14604,IBM
CVE-2025-14605,Altera
CVE-2025-14606,tiny-rdm
CVE-2025-14607,OFFIS
CVE-2025-14608,infosatech
CVE-2025-14609,marcinlawrowski
CVE-2025-14610,bloompixel
CVE-2025-14611,Gladinet
CVE-2025-14612,Altera
CVE-2025-14613,daschmi
CVE-2025-14614,Altera
CVE-2025-14615,dashboardbuilder
CVE-2025-14616,recooty
CVE-2025-14617,Jehovahs Witnesses
CVE-2025-14618,wpdirectorykit
CVE-2025-14619,code-projects
CVE-2025-14620,code-projects
CVE-2025-14621,code-projects
CVE-2025-14622,code-projects
CVE-2025-14623,code-projects
CVE-2025-14625,Altera
CVE-2025-14626,www15to
CVE-2025-14627,smackcoders
CVE-2025-14629,tandubhai
CVE-2025-14630,rtowebsites
CVE-2025-14631,TP-Link Systems Inc.
CVE-2025-14632,wpchill
CVE-2025-14633,niao70
CVE-2025-14635,thehappymonster
CVE-2025-14636,Tenda
CVE-2025-14637,itsourcecode
CVE-2025-14638,itsourcecode
CVE-2025-14639,itsourcecode
CVE-2025-14640,code-projects
CVE-2025-14641,code-projects
CVE-2025-14642,code-projects
CVE-2025-14643,code-projects
CVE-2025-14644,itsourcecode
CVE-2025-14645,code-projects
CVE-2025-14646,code-projects
CVE-2025-14647,code-projects
CVE-2025-14649,itsourcecode
CVE-2025-14650,itsourcecode
CVE-2025-14651,MartialBE
CVE-2025-14652,itsourcecode
CVE-2025-14653,itsourcecode
CVE-2025-14654,Tenda
CVE-2025-14655,Tenda
CVE-2025-14656,Tenda
CVE-2025-14657,arraytics
CVE-2025-14659,D-Link
CVE-2025-14660,DecoCMS
CVE-2025-14661,itsourcecode
CVE-2025-14662,code-projects
CVE-2025-14663,code-projects
CVE-2025-14664,Campcodes
CVE-2025-14665,Tenda
CVE-2025-14666,itsourcecode
CVE-2025-14667,itsourcecode
CVE-2025-14668,campcodes
CVE-2025-14672,gmg137
CVE-2025-14673,gmg137
CVE-2025-14674,aizuda
CVE-2025-14675,metabox
CVE-2025-14684,IBM
CVE-2025-14687,IBM
CVE-2025-14688,IBM
CVE-2025-14689,IBM
CVE-2025-14691,Mayan
CVE-2025-14692,Mayan
CVE-2025-14693,Ugreen
CVE-2025-14694,ketr
CVE-2025-14695,SamuNatsu
CVE-2025-14696,Shenzhen Sixun Software
CVE-2025-14697,Shenzhen Sixun Software
CVE-2025-14698,atlaszz AI Photo Team
CVE-2025-14699,Municorn
CVE-2025-14700,"Arcadia Technology, LLC"
CVE-2025-14701,"Arcadia Technology, LLC"
CVE-2025-14702,Smartbit CommV
CVE-2025-14703,Shiguangwu
CVE-2025-14704,Shiguangwu
CVE-2025-14705,Shiguangwu
CVE-2025-14706,Shiguangwu
CVE-2025-14707,Shiguangwu
CVE-2025-14708,Shiguangwu
CVE-2025-14709,Shiguangwu
CVE-2025-14710,FantasticLBP
CVE-2025-14711,FantasticLBP
CVE-2025-14712,JHENG GAO
CVE-2025-14713,Synology
CVE-2025-14714,The Document Foundation
CVE-2025-14716,Secomea
CVE-2025-14718,publishpress
CVE-2025-14720,ameliabooking
CVE-2025-14721,mansoormunib
CVE-2025-14722,vion707
CVE-2025-14725,sablab
CVE-2025-14726,trustindex
CVE-2025-14727,F5
CVE-2025-14728,Rapid7
CVE-2025-14729,CTCMS
CVE-2025-14730,CTCMS
CVE-2025-14731,CTCMS
CVE-2025-14732,elemntor
CVE-2025-14733,WatchGuard
CVE-2025-14734,nestornoe
CVE-2025-14735,nestornoe
CVE-2025-14736,shabti
CVE-2025-14737,TP-Link Systems Inc.
CVE-2025-14738,TP-Link Systems Inc.
CVE-2025-14739,TP-Link Systems Inc.
CVE-2025-14740,Docker Inc.
CVE-2025-14741,shabti
CVE-2025-14742,brechtvds
CVE-2025-14744,Mozilla
CVE-2025-14745,rebelcode
CVE-2025-14746,Ningyuanda
CVE-2025-14747,Ningyuanda
CVE-2025-14748,Ningyuanda
CVE-2025-14749,Ningyuanda
CVE-2025-14750,Weintek
CVE-2025-14751,Weintek
CVE-2025-14755,stylemix
CVE-2025-14756,TP-Link Systems Inc.
CVE-2025-14757,stylemix
CVE-2025-14758,ALASCA
CVE-2025-14759,AWS
CVE-2025-14760,AWS
CVE-2025-14761,AWS
CVE-2025-14762,AWS
CVE-2025-14763,AWS
CVE-2025-14764,AWS
CVE-2025-14765,Google
CVE-2025-14766,Google
CVE-2025-14767,wpclever
CVE-2025-14769,FreeBSD
CVE-2025-14770,tridenttechnolabs
CVE-2025-14771,ABB
CVE-2025-14772,ABB
CVE-2025-14773,ABB
CVE-2025-14774,ABB
CVE-2025-14777,Red Hat
CVE-2025-14778,Red Hat
CVE-2025-14779,WSO2
CVE-2025-14780,Xiongwei
CVE-2025-14782,wpmudev
CVE-2025-14783,smub
CVE-2025-14785,seedprod
CVE-2025-14790,IBM
CVE-2025-14792,audrasjb
CVE-2025-14793,torstenbulk
CVE-2025-14795,webguyio
CVE-2025-14796,ruhul080
CVE-2025-14797,kometschuh
CVE-2025-14798,thimpress
CVE-2025-14799,neeraj_slit
CVE-2025-14800,themeisle
CVE-2025-14801,xiweicheng
CVE-2025-14802,thimpress
CVE-2025-14806,IBM
CVE-2025-14807,IBM
CVE-2025-14808,IBM
CVE-2025-14809,The Browser Company of New York
CVE-2025-14810,IBM
CVE-2025-14811,IBM
CVE-2025-14812,The Browser Company of New York
CVE-2025-14813,Legion of the Bouncy Castle Inc.
CVE-2025-14815,Mitsubishi Electric Corporation
CVE-2025-14815,Mitsubishi Electric Iconics Digital Solutions
CVE-2025-14816,Mitsubishi Electric Corporation
CVE-2025-14816,Mitsubishi Electric Iconics Digital Solutions
CVE-2025-14817,TECNO
CVE-2025-14819,curl
CVE-2025-14821,Red Hat
CVE-2025-14822,Mattermost
CVE-2025-14823,ConnectWise
CVE-2025-14830,JFrog
CVE-2025-14831,Red Hat
CVE-2025-14832,itsourcecode
CVE-2025-14833,code-projects
CVE-2025-14834,code-projects
CVE-2025-14835,opajaap
CVE-2025-14840,Drupal
CVE-2025-14841,OFFIS
CVE-2025-14842,glenwpcoder
CVE-2025-14843,wizit
CVE-2025-14844,stellarwp
CVE-2025-14845,nsthemes
CVE-2025-14846,socialchampio
CVE-2025-14847,MongoDB Inc.
CVE-2025-14848,Advantech
CVE-2025-14849,Advantech
CVE-2025-14850,Advantech
CVE-2025-14851,yhunter
CVE-2025-14852,antevenio
CVE-2025-14853,smings
CVE-2025-14854,nofearinc
CVE-2025-14855,brainstormforce
CVE-2025-14856,y_project
CVE-2025-14857,Semtech
CVE-2025-14858,Semtech
CVE-2025-14859,Semtech
CVE-2025-14860,Mozilla
CVE-2025-14861,Mozilla
CVE-2025-14864,virusdie
CVE-2025-14865,wpchill
CVE-2025-14866,melapress
CVE-2025-14867,liangshao
CVE-2025-14868,shahinurislam
CVE-2025-14869,GitLab
CVE-2025-14870,GitLab
CVE-2025-14873,latepoint
CVE-2025-14874,nodemailer
CVE-2025-14874,Red Hat
CVE-2025-14875,hblpay
CVE-2025-14876,Red Hat
CVE-2025-14877,Campcodes
CVE-2025-14878,Tenda
CVE-2025-14879,Tenda
CVE-2025-14880,netcashpaynow
CVE-2025-14881,pretix
CVE-2025-14882,pretix
CVE-2025-14884,D-Link
CVE-2025-14885,SourceCodester
CVE-2025-14886,shoheitanaka
CVE-2025-14887,wpcommerz
CVE-2025-14888,anjan011
CVE-2025-14889,Campcodes
CVE-2025-14891,ivole
CVE-2025-14893,indieweb
CVE-2025-14894,bee interactive
CVE-2025-14895,roxnor
CVE-2025-14896,yuzutech
CVE-2025-14897,CodeAstro
CVE-2025-14898,CodeAstro
CVE-2025-14899,CodeAstro
CVE-2025-14900,CodeAstro
CVE-2025-14901,bitpressadmin
CVE-2025-14903,stefanristic
CVE-2025-14904,anilankola
CVE-2025-14905,Red Hat
CVE-2025-14906,waqasvickey0071
CVE-2025-14907,hallsofmontezuma
CVE-2025-14910,Edimax
CVE-2025-14911,MongoDB
CVE-2025-14912,IBM
CVE-2025-14913,wpshuffle
CVE-2025-14914,IBM
CVE-2025-14915,IBM
CVE-2025-14917,IBM
CVE-2025-14920,Hugging Face
CVE-2025-14921,Hugging Face
CVE-2025-14922,Hugging Face
CVE-2025-14923,IBM
CVE-2025-14924,Hugging Face
CVE-2025-14925,Hugging Face
CVE-2025-14926,Hugging Face
CVE-2025-14927,Hugging Face
CVE-2025-14928,Hugging Face
CVE-2025-14929,Hugging Face
CVE-2025-14930,Hugging Face
CVE-2025-14931,Hugging Face
CVE-2025-14932,NSF Unidata
CVE-2025-14933,NSF Unidata
CVE-2025-14934,NSF Unidata
CVE-2025-14935,NSF Unidata
CVE-2025-14936,NSF Unidata
CVE-2025-14937,shabti
CVE-2025-14938,purethemes
CVE-2025-14939,code-projects
CVE-2025-14940,code-projects
CVE-2025-14941,aminhashemy
CVE-2025-14942,wolfSSL
CVE-2025-14943,pr-gateway
CVE-2025-14944,inisev
CVE-2025-14946,Red Hat
CVE-2025-14947,plugins360
CVE-2025-14948,cyberlord92
CVE-2025-14950,code-projects
CVE-2025-14951,code-projects
CVE-2025-14952,Campcodes
CVE-2025-14956,WebAssembly
CVE-2025-14957,WebAssembly
CVE-2025-14958,floooh
CVE-2025-14959,code-projects
CVE-2025-14960,code-projects
CVE-2025-14961,code-projects
CVE-2025-14962,code-projects
CVE-2025-14963,Trellix
CVE-2025-14964,TOTOLINK
CVE-2025-14965,1541492390c
CVE-2025-14967,itsourcecode
CVE-2025-14968,code-projects
CVE-2025-14969,Red Hat
CVE-2025-14971,linknacional
CVE-2025-14972,silabs.com
CVE-2025-14974,IBM
CVE-2025-14976,wpeverest
CVE-2025-14977,dokaninc
CVE-2025-14978,peachpay
CVE-2025-14979,AirVPN
CVE-2025-14980,wpdevteam
CVE-2025-14982,wpdevelop
CVE-2025-14983,mattkeys
CVE-2025-14984,jegstudio
CVE-2025-14985,robiulawal40
CVE-2025-14986,Temporal
CVE-2025-14987,Temporal
CVE-2025-14988,iba Systems
CVE-2025-14989,Campcodes
CVE-2025-14990,Campcodes
CVE-2025-14991,Campcodes
CVE-2025-14992,Tenda
CVE-2025-14993,Tenda
CVE-2025-14994,Tenda
CVE-2025-14995,Tenda
CVE-2025-14996,aksharsoftsolutions
CVE-2025-14997,buddydev
CVE-2025-14998,wpmudev
CVE-2025-14999,kentothemes
CVE-2025-15000,tfrommen
CVE-2025-15001,fsylum
CVE-2025-15006,Tenda
CVE-2025-15007,Tenda
CVE-2025-15008,Tenda
CVE-2025-15009,liweiyi
CVE-2025-15010,Tenda
CVE-2025-15011,code-projects
CVE-2025-15012,code-projects
CVE-2025-15013,floooh
CVE-2025-15014,loganhong
CVE-2025-15015,Ragic
CVE-2025-15016,Ragic
CVE-2025-15017,Moxa
CVE-2025-15018,djanym
CVE-2025-15019,pagup
CVE-2025-15020,gothamdev
CVE-2025-15021,gothamdev
CVE-2025-15022,vaadin
CVE-2025-15023,"Yordam Information Technology Consulting, Training and Electronic Systems Industry and Trade Inc."
CVE-2025-15024,"Yordam Information Technology Consulting, Training and Electronic Systems Industry and Trade Inc."
CVE-2025-15025,"Yordam Information Technology Consulting, Training and Electronic Systems Industry and Trade Inc."
CVE-2025-15026,Centreon
CVE-2025-15027,jayarsiech
CVE-2025-15028,wpwax
CVE-2025-15029,Centreon
CVE-2025-15031,mlflow
CVE-2025-15032,The Browser Company of New York
CVE-2025-15033,Automattic
CVE-2025-15034,itsourcecode
CVE-2025-15035,TP-Link Systems Inc.
CVE-2025-15036,mlflow
CVE-2025-15037,ASUS
CVE-2025-15038,ASUS
CVE-2025-15039,WSO2
CVE-2025-15041,wp_media
CVE-2025-15043,stellarwp
CVE-2025-15044,Tenda
CVE-2025-15045,Tenda
CVE-2025-15046,Tenda
CVE-2025-15047,Tenda
CVE-2025-15048,Tenda
CVE-2025-15049,code-projects
CVE-2025-15050,code-projects
CVE-2025-15051,IBM
CVE-2025-15052,code-projects
CVE-2025-15053,code-projects
CVE-2025-15055,veronalabs
CVE-2025-15056,Slab
CVE-2025-15057,veronalabs
CVE-2025-15058,spwebguy
CVE-2025-15059,GIMP
CVE-2025-15060,claude-hovercraft
CVE-2025-15061,Framelink
CVE-2025-15062,Trimble
CVE-2025-15063,Ollama MCP Server
CVE-2025-15064,ultimatemember
CVE-2025-15065,Kings Information & Network Co.
CVE-2025-15066,Innorix
CVE-2025-15067,Innorix
CVE-2025-15068,Gmission
CVE-2025-15069,Gmission
CVE-2025-15070,Gmission
CVE-2025-15073,itsourcecode
CVE-2025-15074,itsourcecode
CVE-2025-15075,itsourcecode
CVE-2025-15076,Tenda
CVE-2025-15077,itsourcecode
CVE-2025-15078,itsourcecode
CVE-2025-15079,curl
CVE-2025-15080,Mitsubishi Electric Corporation
CVE-2025-15081,JD
CVE-2025-15082,TOZED
CVE-2025-15083,TOZED
CVE-2025-15084,youlaitech
CVE-2025-15085,youlaitech
CVE-2025-15086,youlaitech
CVE-2025-15087,youlaitech
CVE-2025-15088,ketr
CVE-2025-15089,UTT
CVE-2025-15090,UTT
CVE-2025-15091,UTT
CVE-2025-15092,UTT
CVE-2025-15093,sunkaifei
CVE-2025-15094,sunkaifei
CVE-2025-15095,postmanlabs
CVE-2025-15096,kamleshyadav
CVE-2025-15097,Alteryx
CVE-2025-15098,YunaiV
CVE-2025-15099,simstudioai
CVE-2025-15100,jayarsiech
CVE-2025-15101,ASUS
CVE-2025-15102,Delta Electronics
CVE-2025-15103,Delta Electronics
CVE-2025-15104,The Nu Html Checker
CVE-2025-15105,getmaxun
CVE-2025-15106,getmaxun
CVE-2025-15107,actiontech
CVE-2025-15108,PandaXGO
CVE-2025-15109,jackq
CVE-2025-15110,jackq
CVE-2025-15111,Ksenia Security S.p.A.
CVE-2025-15112,Ksenia Security S.p.A.
CVE-2025-15113,Ksenia Security S.p.A.
CVE-2025-15114,Ksenia Security S.p.A.
CVE-2025-15115,Petlibrio
CVE-2025-15117,Dromara
CVE-2025-15118,macrozheng
CVE-2025-15127,FantasticLBP
CVE-2025-15128,ZKTeco
CVE-2025-15129,ChenJinchuang
CVE-2025-15130,shanyu
CVE-2025-15131,ZSPACE
CVE-2025-15132,ZSPACE
CVE-2025-15133,ZSPACE
CVE-2025-15134,yourmaileyes
CVE-2025-15135,joey-zhou
CVE-2025-15136,TRENDnet
CVE-2025-15137,TRENDnet
CVE-2025-15138,prasathmani
CVE-2025-15139,TRENDnet
CVE-2025-15140,saiftheboss7
CVE-2025-15142,9786
CVE-2025-15144,dayrui
CVE-2025-15145,SohuTV
CVE-2025-15146,SohuTV
CVE-2025-15147,wclovers
CVE-2025-15149,rawchen
CVE-2025-15150,PX4
CVE-2025-15151,TaleLin
CVE-2025-15152,h-moses
CVE-2025-15155,floooh
CVE-2025-15156,omec-project
CVE-2025-15157,starfishwp
CVE-2025-15158,eastsidecode
CVE-2025-15160,Tenda
CVE-2025-15161,Tenda
CVE-2025-15162,Tenda
CVE-2025-15163,Tenda
CVE-2025-15164,Tenda
CVE-2025-15165,itsourcecode
CVE-2025-15166,itsourcecode
CVE-2025-15167,itsourcecode
CVE-2025-15168,itsourcecode
CVE-2025-15169,BiggiDroid
CVE-2025-15170,Advaya Softech
CVE-2025-15171,SohuTV
CVE-2025-15172,SohuTV
CVE-2025-15173,SohuTV
CVE-2025-15174,SohuTV
CVE-2025-15175,SohuTV
CVE-2025-15177,Tenda
CVE-2025-15178,Tenda
CVE-2025-15179,Tenda
CVE-2025-15180,Tenda
CVE-2025-15181,code-projects
CVE-2025-15182,code-projects
CVE-2025-15183,code-projects
CVE-2025-15184,code-projects
CVE-2025-15185,code-projects
CVE-2025-15186,code-projects
CVE-2025-15188,Campcodes
CVE-2025-15189,D-Link
CVE-2025-15190,D-Link
CVE-2025-15191,D-Link
CVE-2025-15192,D-Link
CVE-2025-15193,D-Link
CVE-2025-15194,D-Link
CVE-2025-15195,code-projects
CVE-2025-15196,code-projects
CVE-2025-15197,anirbandutta9
CVE-2025-15197,code-projects
CVE-2025-15198,code-projects
CVE-2025-15199,code-projects
CVE-2025-15200,SohuTV
CVE-2025-15201,SohuTV
CVE-2025-15202,SohuTV
CVE-2025-15203,SohuTV
CVE-2025-15204,SohuTV
CVE-2025-15205,code-projects
CVE-2025-15206,Campcodes
CVE-2025-15207,Campcodes
CVE-2025-15208,code-projects
CVE-2025-15209,code-projects
CVE-2025-15210,code-projects
CVE-2025-15211,code-projects
CVE-2025-15212,code-projects
CVE-2025-15213,code-projects
CVE-2025-15214,Campcodes
CVE-2025-15215,Tenda
CVE-2025-15216,Tenda
CVE-2025-15217,Tenda
CVE-2025-15218,Tenda
CVE-2025-15219,SohuTV
CVE-2025-15220,SohuTV
CVE-2025-15221,SohuTV
CVE-2025-15222,Dromara
CVE-2025-15223,Philipinho
CVE-2025-15224,curl
CVE-2025-15225,Sunnet
CVE-2025-15226,Sunnet
CVE-2025-15227,WELLTEND TECHNOLOGY
CVE-2025-15228,WELLTEND TECHNOLOGY
CVE-2025-15229,Tenda
CVE-2025-15230,Tenda
CVE-2025-15231,Tenda
CVE-2025-15232,Tenda
CVE-2025-15233,Tenda
CVE-2025-15234,Tenda
CVE-2025-15235,Quanta Computer
CVE-2025-15236,Quanta Computer
CVE-2025-15237,Quanta Computer
CVE-2025-15238,Quanta Computer
CVE-2025-15239,Quanta Computer
CVE-2025-15240,Quanta Computer
CVE-2025-15241,CloudPanel
CVE-2025-15243,code-projects
CVE-2025-15245,D-Link
CVE-2025-15246,aizuda
CVE-2025-15247,gmg137
CVE-2025-15248,sunhailin12315
CVE-2025-15249,zhujunliang3
CVE-2025-15250,08CMS
CVE-2025-15251,beecue
CVE-2025-15252,Tenda
CVE-2025-15253,Tenda
CVE-2025-15254,Tenda
CVE-2025-15255,Tenda
CVE-2025-15256,Edimax
CVE-2025-15257,Edimax
CVE-2025-15258,Edimax
CVE-2025-15260,lwsdevelopers
CVE-2025-15262,BiggiDroid
CVE-2025-15263,BiggiDroid
CVE-2025-15265,Svelte
CVE-2025-15266,ahmadgb
CVE-2025-15267,boldthemes
CVE-2025-15268,infility
CVE-2025-15269,FontForge
CVE-2025-15270,FontForge
CVE-2025-15271,FontForge
CVE-2025-15272,FontForge
CVE-2025-15273,FontForge
CVE-2025-15274,FontForge
CVE-2025-15275,FontForge
CVE-2025-15276,FontForge
CVE-2025-15277,FontForge
CVE-2025-15278,FontForge
CVE-2025-15279,FontForge
CVE-2025-15280,FontForge
CVE-2025-15281,The GNU C Library
CVE-2025-15282,Python Software Foundation
CVE-2025-15283,jeroenpeters1986
CVE-2025-15285,lupsonline
CVE-2025-15288,Tanium
CVE-2025-15289,Tanium
CVE-2025-15310,Tanium
CVE-2025-15311,Tanium
CVE-2025-15312,Tanium
CVE-2025-15313,Tanium
CVE-2025-15314,Tanium
CVE-2025-15315,Tanium
CVE-2025-15316,Tanium
CVE-2025-15317,Tanium
CVE-2025-15318,Tanium
CVE-2025-15319,Tanium
CVE-2025-15320,Tanium
CVE-2025-15321,Tanium
CVE-2025-15322,Tanium
CVE-2025-15323,Tanium
CVE-2025-15324,Tanium
CVE-2025-15325,Tanium
CVE-2025-15326,Tanium
CVE-2025-15327,Tanium
CVE-2025-15328,Tanium
CVE-2025-15329,Tanium
CVE-2025-15330,Tanium
CVE-2025-15331,Tanium
CVE-2025-15332,Tanium
CVE-2025-15333,Tanium
CVE-2025-15334,Tanium
CVE-2025-15335,Tanium
CVE-2025-15336,Tanium
CVE-2025-15337,Tanium
CVE-2025-15338,Tanium
CVE-2025-15339,Tanium
CVE-2025-15340,Tanium
CVE-2025-15341,Tanium
CVE-2025-15342,Tanium
CVE-2025-15343,Tanium
CVE-2025-15344,Tanium
CVE-2025-15345,interactivegeomaps
CVE-2025-15346,wolfSSL
CVE-2025-15347,getwpfunnels
CVE-2025-15348,Anritsu
CVE-2025-15349,Anritsu
CVE-2025-15350,Anritsu
CVE-2025-15351,Anritsu
CVE-2025-15353,itsourcecode
CVE-2025-15354,itsourcecode
CVE-2025-15355,NetVision Information
CVE-2025-15356,Tenda
CVE-2025-15357,D-Link
CVE-2025-15358,Delta Electronics
CVE-2025-15359,Delta Electronics
CVE-2025-15364,codename065
CVE-2025-15366,Python Software Foundation
CVE-2025-15367,Python Software Foundation
CVE-2025-15368,themeboy
CVE-2025-15369,xpro
CVE-2025-15370,paultgoodchild
CVE-2025-15371,Tenda
CVE-2025-15372,youlaitech
CVE-2025-15376,rndsand81
CVE-2025-15377,abage
CVE-2025-15378,ajseidl
CVE-2025-15379,mlflow
CVE-2025-15380,wpdevteam
CVE-2025-15381,mlflow
CVE-2025-15382,wolfSSL
CVE-2025-15385,TECNO Mobile
CVE-2025-15387,QNO Technology
CVE-2025-15388,QNO Technology
CVE-2025-15389,QNO Technology
CVE-2025-15390,PHPGurukul
CVE-2025-15391,D-Link
CVE-2025-15392,Kohana
CVE-2025-15393,Kohana
CVE-2025-15395,IBM
CVE-2025-15398,Uasoft
CVE-2025-15403,metagauss
CVE-2025-15404,campcodes
CVE-2025-15406,PHPGurukul
CVE-2025-15407,code-projects
CVE-2025-15408,code-projects
CVE-2025-15409,code-projects
CVE-2025-15410,code-projects
CVE-2025-15411,WebAssembly
CVE-2025-15412,WebAssembly
CVE-2025-15414,go-sonic
CVE-2025-15415,xnx3
CVE-2025-15416,xnx3
CVE-2025-15420,Yonyou
CVE-2025-15421,Yonyou
CVE-2025-15422,EmpireSoft
CVE-2025-15423,EmpireSoft
CVE-2025-15424,Yonyou
CVE-2025-15425,Yonyou
CVE-2025-15426,jackying
CVE-2025-15428,UTT
CVE-2025-15429,UTT
CVE-2025-15430,UTT
CVE-2025-15431,UTT
CVE-2025-15432,yeqifu
CVE-2025-15434,Yonyou
CVE-2025-15435,Yonyou
CVE-2025-15436,Yonyou
CVE-2025-15440,ione360
CVE-2025-15444,IAMB
CVE-2025-15448,cld378632668
CVE-2025-15449,cld378632668
CVE-2025-15450,sfturing
CVE-2025-15451,xnx3
CVE-2025-15452,xnx3
CVE-2025-15454,zhanglun
CVE-2025-15455,bg5sbk
CVE-2025-15456,bg5sbk
CVE-2025-15457,bg5sbk
CVE-2025-15458,bg5sbk
CVE-2025-15459,UTT
CVE-2025-15460,UTT
CVE-2025-15461,UTT
CVE-2025-15462,UTT
CVE-2025-15463,hwk-fr
CVE-2025-15464,yintibao
CVE-2025-15466,wpchill
CVE-2025-15467,OpenSSL
CVE-2025-15468,OpenSSL
CVE-2025-15469,OpenSSL
CVE-2025-15470,DesigningMedia
CVE-2025-15471,TRENDnet
CVE-2025-15472,TRENDnet
CVE-2025-15474,AuntyFey
CVE-2025-15475,payhere
CVE-2025-15476,simonfairbairn
CVE-2025-15477,simonfairbairn
CVE-2025-15479,Data Illusion  Zumbrunn
CVE-2025-15480,Canonical
CVE-2025-15482,chapaet
CVE-2025-15483,ajferg
CVE-2025-15486,kunzemarketing
CVE-2025-15487,qriouslad
CVE-2025-15492,RainyGao
CVE-2025-15493,RainyGao
CVE-2025-15494,RainyGao
CVE-2025-15495,BiggiDroid
CVE-2025-15496,guchengwuyue
CVE-2025-15497,OpenVPN
CVE-2025-15498,Pro3W
CVE-2025-15499,Sangfor
CVE-2025-15500,Sangfor
CVE-2025-15501,Sangfor
CVE-2025-15502,Sangfor
CVE-2025-15503,Sangfor
CVE-2025-15504,lief-project
CVE-2025-15505,Luxul
CVE-2025-15506,AcademySoftwareFoundation
CVE-2025-15507,magicimport
CVE-2025-15508,magicimport
CVE-2025-15509,vivo
CVE-2025-15510,webaways
CVE-2025-15511,rupantorpay
CVE-2025-15512,aplazopayment
CVE-2025-15513,floattechnologies
CVE-2025-15514,Ollama
CVE-2025-15515,vivo
CVE-2025-15516,plugins360
CVE-2025-15517,TP-Link Systems Inc.
CVE-2025-15518,TP-Link Systems Inc.
CVE-2025-15519,TP-Link Systems Inc.
CVE-2025-15521,kodezen
CVE-2025-15522,uncannyowl
CVE-2025-15523,Inkscape
CVE-2025-15524,fooplugins
CVE-2025-15525,dcooney
CVE-2025-15526,radykal
CVE-2025-15527,brechtvds
CVE-2025-15533,raysan5
CVE-2025-15534,raysan5
CVE-2025-15535,nicbarker
CVE-2025-15536,BYVoid
CVE-2025-15538,Open Asset Import Library
CVE-2025-15540,Raytha
CVE-2025-15541,TP-Link Systems Inc.
CVE-2025-15542,TP-Link Systems Inc.
CVE-2025-15543,TP-Link Systems Inc.
CVE-2025-15544,TP Link Systems Inc.
CVE-2025-15544,TP-Link Systems Inc
CVE-2025-15544,TP-Link Systems Inc.
CVE-2025-15545,TP-Link Systems Inc.
CVE-2025-15547,FreeBSD
CVE-2025-15548,TP-Link Systems Inc.
CVE-2025-15549,FluentCMS
CVE-2025-15550,birkir
CVE-2025-15551,TP Link Systems Inc.
CVE-2025-15551,TP-Link Systems Inc.
CVE-2025-15552,Truesec
CVE-2025-15553,Truesec
CVE-2025-15554,Truesec
CVE-2025-15556,notepad-plus-plus
CVE-2025-15557,TP-Link Systems Inc.
CVE-2025-15558,Docker
CVE-2025-15559,NesterSoft Inc.
CVE-2025-15560,NesterSoft Inc.
CVE-2025-15561,NesterSoft Inc.
CVE-2025-15562,NesterSoft Inc.
CVE-2025-15563,NesterSoft Inc.
CVE-2025-15565,cartasi
CVE-2025-15566,Kubernetes
CVE-2025-15567,vivo
CVE-2025-15568,TP-Link Systems Inc.
CVE-2025-15569,Artifex
CVE-2025-15570,ckolivas
CVE-2025-15571,ckolivas
CVE-2025-15573,SolaX Power
CVE-2025-15574,SolaX Power
CVE-2025-15575,SolaX Power
CVE-2025-15576,FreeBSD
CVE-2025-15577,Valmet
CVE-2025-15578,TEEJAY
CVE-2025-15579,OpenText™
CVE-2025-15581,orthanc-server
CVE-2025-15582,detronetdip
CVE-2025-15583,detronetdip
CVE-2025-15584,Netskope
CVE-2025-15585,fileflows
CVE-2025-15586,OpenGamePanel
CVE-2025-15587,tinycontrol
CVE-2025-15595,mlsoft
CVE-2025-15597,Dataease
CVE-2025-15598,Dataease
CVE-2025-15599,cure53
CVE-2025-15602,"Grokability, Inc."
CVE-2025-15604,TOKUHIROM
CVE-2025-15605,TP-Link Systems Inc.
CVE-2025-15606,TP-Link Systems Inc.
CVE-2025-15607,TP-Link Systems Inc.
CVE-2025-15608,TP-Link Systems Inc.
CVE-2025-15610,"OpenText, Inc"
CVE-2025-15612,Wazuh
CVE-2025-15615,Wazuh
CVE-2025-15616,Wazuh
CVE-2025-15617,Wazuh
CVE-2025-15618,MOCK
CVE-2025-15619,HCLSoftware
CVE-2025-15620,Belden
CVE-2025-15621,Sparx Systems Pty Ltd.
CVE-2025-15622,Sparx Systems Pty Ltd.
CVE-2025-15623,Sparx Systems Pty Ltd.
CVE-2025-15624,Sparx Systems Pty Ltd.
CVE-2025-15625,Sparx Systems Pty Ltd.
CVE-2025-15626,Ribblr
CVE-2025-15627,TP Link Systems Inc.
CVE-2025-15627,TP-Link Systems Inc
CVE-2025-15627,TP-Link Systems Inc.
CVE-2025-15628,TP Link Systems Inc.
CVE-2025-15628,TP-Link Systems Inc
CVE-2025-15628,TP-Link Systems Inc.
CVE-2025-15629,TP Link Systems Inc.
CVE-2025-15629,TP-Link Systems Inc
CVE-2025-15629,TP-Link Systems Inc.
CVE-2025-15630,TP Link Systems Inc.
CVE-2025-15630,TP-Link Systems Inc
CVE-2025-15630,TP-Link Systems Inc.
CVE-2025-15631,TP Link Systems Inc.
CVE-2025-15631,TP-Link Systems Inc.
CVE-2025-15632,1Panel-dev
CVE-2025-15633,HCLSoftware
CVE-2025-15634,HCLSoftware
CVE-2025-15635,ZAYTECH
CVE-2025-15636,emarket-design
CVE-2025-15637,Edge Themes
CVE-2025-15638,ATRODO
CVE-2025-15641,Netskope
CVE-2025-15642,Netskope
CVE-2025-15645,Ledger
CVE-2025-15646,BPS
CVE-2025-15649,PMQS
CVE-2025-15653,Dräger
CVE-2025-15654,Fox-themes
CVE-2025-15655,Mojoomla
CVE-2025-15656,Mojoomla
CVE-2025-15657,Mojoomla
CVE-2025-15658,rewish
CVE-2025-15659,liseperu
CVE-2025-15661,libssh2
CVE-2025-15666,Open Asset Import Library
CVE-2025-15680,TBEA
CVE-2025-15681,TBEA
CVE-2025-15682,TBEA
CVE-2025-15683,TBEA
CVE-2025-15688,ThemeGoods
CVE-2025-15689,ThemeGoods
CVE-2025-20001,High-Logic
CVE-2025-20002,GMOD
CVE-2025-20011,OpenHarmony
CVE-2025-20014,mySCADA
CVE-2025-20016,Y'S corporation
CVE-2025-20021,OpenHarmony
CVE-2025-20024,OpenHarmony
CVE-2025-20029,F5
CVE-2025-20033,Mattermost
CVE-2025-20036,Mattermost
CVE-2025-20042,OpenHarmony
CVE-2025-20045,F5
CVE-2025-20049,Dario Health
CVE-2025-20051,Mattermost
CVE-2025-20055,Y'S corporation
CVE-2025-20058,F5
CVE-2025-20059,Ping Identity
CVE-2025-20060,Dario Health
CVE-2025-20061,mySCADA
CVE-2025-20063,OpenHarmony
CVE-2025-20072,Mattermost
CVE-2025-20075,"JIP InfoBridge Co., Ltd."
CVE-2025-20081,OpenHarmony
CVE-2025-20085,Socomec
CVE-2025-20086,Mattermost
CVE-2025-20088,Mattermost
CVE-2025-20091,OpenHarmony
CVE-2025-20094,Humming Heads Inc.
CVE-2025-20102,OpenHarmony
CVE-2025-20111,Cisco
CVE-2025-20112,Cisco
CVE-2025-20113,Cisco
CVE-2025-20114,Cisco
CVE-2025-20115,Cisco
CVE-2025-20116,Cisco
CVE-2025-20117,Cisco
CVE-2025-20118,Cisco
CVE-2025-20119,Cisco
CVE-2025-20120,Cisco
CVE-2025-20122,Cisco
CVE-2025-20123,Cisco
CVE-2025-20124,Cisco
CVE-2025-20125,Cisco
CVE-2025-20126,Cisco
CVE-2025-20127,Cisco
CVE-2025-20128,Cisco
CVE-2025-20129,Cisco
CVE-2025-20130,Cisco
CVE-2025-20131,Cisco
CVE-2025-20133,Cisco
CVE-2025-20134,Cisco
CVE-2025-20135,Cisco
CVE-2025-20136,Cisco
CVE-2025-20137,Cisco
CVE-2025-20138,Cisco
CVE-2025-20139,Cisco
CVE-2025-20140,Cisco
CVE-2025-20141,Cisco
CVE-2025-20142,Cisco
CVE-2025-20143,Cisco
CVE-2025-20144,Cisco
CVE-2025-20145,Cisco
CVE-2025-20146,Cisco
CVE-2025-20147,Cisco
CVE-2025-20148,Cisco
CVE-2025-20149,Cisco
CVE-2025-20150,Cisco
CVE-2025-20151,Cisco
CVE-2025-20152,Cisco
CVE-2025-20153,Cisco
CVE-2025-20154,Cisco
CVE-2025-20155,Cisco
CVE-2025-20156,Cisco
CVE-2025-20157,Cisco
CVE-2025-20158,Cisco
CVE-2025-20159,Cisco
CVE-2025-20160,Cisco
CVE-2025-20161,Cisco
CVE-2025-20162,Cisco
CVE-2025-20163,Cisco
CVE-2025-20164,Cisco
CVE-2025-20165,Cisco
CVE-2025-20166,Cisco
CVE-2025-20167,Cisco
CVE-2025-20168,Cisco
CVE-2025-20169,Cisco
CVE-2025-20170,Cisco
CVE-2025-20171,Cisco
CVE-2025-20172,Cisco
CVE-2025-20173,Cisco
CVE-2025-20174,Cisco
CVE-2025-20175,Cisco
CVE-2025-20176,Cisco
CVE-2025-20177,Cisco
CVE-2025-20178,Cisco
CVE-2025-20179,Cisco
CVE-2025-20180,Cisco
CVE-2025-20181,Cisco
CVE-2025-20182,Cisco
CVE-2025-20183,Cisco
CVE-2025-20184,Cisco
CVE-2025-20185,Cisco
CVE-2025-20186,Cisco
CVE-2025-20187,Cisco
CVE-2025-20188,Cisco
CVE-2025-20189,Cisco
CVE-2025-20190,Cisco
CVE-2025-20191,Cisco
CVE-2025-20192,Cisco
CVE-2025-20193,Cisco
CVE-2025-20194,Cisco
CVE-2025-20195,Cisco
CVE-2025-20196,Cisco
CVE-2025-20197,Cisco
CVE-2025-20198,Cisco
CVE-2025-20199,Cisco
CVE-2025-20200,Cisco
CVE-2025-20201,Cisco
CVE-2025-20202,Cisco
CVE-2025-20203,Cisco
CVE-2025-20204,Cisco
CVE-2025-20205,Cisco
CVE-2025-20206,Cisco
CVE-2025-20207,Cisco
CVE-2025-20208,Cisco
CVE-2025-20209,Cisco
CVE-2025-20210,Cisco
CVE-2025-20211,Cisco
CVE-2025-20212,Cisco
CVE-2025-20213,Cisco
CVE-2025-20214,Cisco
CVE-2025-20215,Cisco
CVE-2025-20216,Cisco
CVE-2025-20217,Cisco
CVE-2025-20218,Cisco
CVE-2025-20219,Cisco
CVE-2025-20220,Cisco
CVE-2025-20221,Cisco
CVE-2025-20222,Cisco
CVE-2025-20223,Cisco
CVE-2025-20224,Cisco
CVE-2025-20225,Cisco
CVE-2025-20226,Splunk
CVE-2025-20227,Splunk
CVE-2025-20228,Splunk
CVE-2025-20229,Splunk
CVE-2025-20230,Splunk
CVE-2025-20231,Splunk
CVE-2025-20232,Splunk
CVE-2025-20233,Splunk
CVE-2025-20234,Cisco
CVE-2025-20235,Cisco
CVE-2025-20236,Cisco
CVE-2025-20237,Cisco
CVE-2025-20238,Cisco
CVE-2025-20239,Cisco
CVE-2025-20240,Cisco
CVE-2025-20241,Cisco
CVE-2025-20242,Cisco
CVE-2025-20243,Cisco
CVE-2025-20244,Cisco
CVE-2025-20246,Cisco
CVE-2025-20247,Cisco
CVE-2025-20248,Cisco
CVE-2025-20250,Cisco
CVE-2025-20251,Cisco
CVE-2025-20252,Cisco
CVE-2025-20253,Cisco
CVE-2025-20254,Cisco
CVE-2025-20255,Cisco
CVE-2025-20256,Cisco
CVE-2025-20257,Cisco
CVE-2025-20258,Cisco
CVE-2025-20259,Cisco
CVE-2025-20260,Cisco
CVE-2025-20261,Cisco
CVE-2025-20262,Cisco
CVE-2025-20263,Cisco
CVE-2025-20264,Cisco
CVE-2025-20265,Cisco
CVE-2025-20267,Cisco
CVE-2025-20268,Cisco
CVE-2025-20269,Cisco
CVE-2025-20270,Cisco
CVE-2025-20271,Cisco
CVE-2025-20272,Cisco
CVE-2025-20273,Cisco
CVE-2025-20274,Cisco
CVE-2025-20275,Cisco
CVE-2025-20276,Cisco
CVE-2025-20277,Cisco
CVE-2025-20278,Cisco
CVE-2025-20279,Cisco
CVE-2025-20280,Cisco
CVE-2025-20281,Cisco
CVE-2025-20282,Cisco
CVE-2025-20283,Cisco
CVE-2025-20284,Cisco
CVE-2025-20285,Cisco
CVE-2025-20286,Cisco
CVE-2025-20287,Cisco
CVE-2025-20288,Cisco
CVE-2025-20289,Cisco
CVE-2025-20290,Cisco
CVE-2025-20291,Cisco
CVE-2025-20292,Cisco
CVE-2025-20293,Cisco
CVE-2025-20294,Cisco
CVE-2025-20295,Cisco
CVE-2025-20296,Cisco
CVE-2025-20297,Splunk
CVE-2025-20298,Splunk
CVE-2025-20300,Splunk
CVE-2025-20301,Cisco
CVE-2025-20302,Cisco
CVE-2025-20303,Cisco
CVE-2025-20304,Cisco
CVE-2025-20305,Cisco
CVE-2025-20306,Cisco
CVE-2025-20307,Cisco
CVE-2025-20308,Cisco
CVE-2025-20309,Cisco
CVE-2025-20310,Cisco
CVE-2025-20311,Cisco
CVE-2025-20312,Cisco
CVE-2025-20313,Cisco
CVE-2025-20314,Cisco
CVE-2025-20315,Cisco
CVE-2025-20316,Cisco
CVE-2025-20317,Cisco
CVE-2025-20319,Splunk
CVE-2025-20320,Splunk
CVE-2025-20321,Splunk
CVE-2025-20322,Splunk
CVE-2025-20323,Splunk
CVE-2025-20324,Splunk
CVE-2025-20325,Splunk
CVE-2025-20326,Cisco
CVE-2025-20327,Cisco
CVE-2025-20328,Cisco
CVE-2025-20329,Cisco
CVE-2025-20330,Cisco
CVE-2025-20331,Cisco
CVE-2025-20332,Cisco
CVE-2025-20333,Cisco
CVE-2025-20334,Cisco
CVE-2025-20335,Cisco
CVE-2025-20336,Cisco
CVE-2025-20337,Cisco
CVE-2025-20338,Cisco
CVE-2025-20339,Cisco
CVE-2025-20340,Cisco
CVE-2025-20341,Cisco
CVE-2025-20342,Cisco
CVE-2025-20343,Cisco
CVE-2025-20344,Cisco
CVE-2025-20345,Cisco
CVE-2025-20346,Cisco
CVE-2025-20347,Cisco
CVE-2025-20348,Cisco
CVE-2025-20349,Cisco
CVE-2025-20350,Cisco
CVE-2025-20351,Cisco
CVE-2025-20352,Cisco
CVE-2025-20353,Cisco
CVE-2025-20354,Cisco
CVE-2025-20355,Cisco
CVE-2025-20356,Cisco
CVE-2025-20357,Cisco
CVE-2025-20358,Cisco
CVE-2025-20359,Cisco
CVE-2025-20360,Cisco
CVE-2025-20361,Cisco
CVE-2025-20362,Cisco
CVE-2025-20363,Cisco
CVE-2025-20364,Cisco
CVE-2025-20365,Cisco
CVE-2025-20366,Splunk
CVE-2025-20367,Splunk
CVE-2025-20368,Splunk
CVE-2025-20369,Splunk
CVE-2025-20370,Splunk
CVE-2025-20371,Splunk
CVE-2025-20373,Splunk
CVE-2025-20374,Cisco
CVE-2025-20375,Cisco
CVE-2025-20376,Cisco
CVE-2025-20377,Cisco
CVE-2025-20378,Splunk
CVE-2025-20379,Splunk
CVE-2025-20381,Splunk
CVE-2025-20382,Splunk
CVE-2025-20383,Splunk
CVE-2025-20384,Splunk
CVE-2025-20385,Splunk
CVE-2025-20386,Splunk
CVE-2025-20387,Splunk
CVE-2025-20388,Splunk
CVE-2025-20389,Splunk
CVE-2025-20393,Cisco
CVE-2025-20615,Qardio
CVE-2025-20617,"I-O DATA DEVICE, INC."
CVE-2025-20620,Y'S corporation
CVE-2025-20621,Mattermost
CVE-2025-20626,OpenHarmony
CVE-2025-20628,Ping Identity
CVE-2025-20630,Mattermost
CVE-2025-20631,"MediaTek, Inc."
CVE-2025-20632,"MediaTek, Inc."
CVE-2025-20633,"MediaTek, Inc."
CVE-2025-20634,"MediaTek, Inc."
CVE-2025-20635,"MediaTek, Inc."
CVE-2025-20636,"MediaTek, Inc."
CVE-2025-20637,"MediaTek, Inc."
CVE-2025-20638,"MediaTek, Inc."
CVE-2025-20639,"MediaTek, Inc."
CVE-2025-20640,"MediaTek, Inc."
CVE-2025-20641,"MediaTek, Inc."
CVE-2025-20642,"MediaTek, Inc."
CVE-2025-20643,"MediaTek, Inc."
CVE-2025-20644,"MediaTek, Inc."
CVE-2025-20645,"MediaTek, Inc."
CVE-2025-20646,"MediaTek, Inc."
CVE-2025-20647,"MediaTek, Inc."
CVE-2025-20648,"MediaTek, Inc."
CVE-2025-20649,"MediaTek, Inc."
CVE-2025-20650,"MediaTek, Inc."
CVE-2025-20651,"MediaTek, Inc."
CVE-2025-20652,"MediaTek, Inc."
CVE-2025-20653,"MediaTek, Inc."
CVE-2025-20654,"MediaTek, Inc."
CVE-2025-20655,"MediaTek, Inc."
CVE-2025-20656,"MediaTek, Inc."
CVE-2025-20657,"MediaTek, Inc."
CVE-2025-20658,"MediaTek, Inc."
CVE-2025-20659,"MediaTek, Inc."
CVE-2025-20660,"MediaTek, Inc."
CVE-2025-20661,"MediaTek, Inc."
CVE-2025-20662,"MediaTek, Inc."
CVE-2025-20663,"MediaTek, Inc."
CVE-2025-20664,"MediaTek, Inc."
CVE-2025-20665,"MediaTek, Inc."
CVE-2025-20666,"MediaTek, Inc."
CVE-2025-20667,"MediaTek, Inc."
CVE-2025-20668,"MediaTek, Inc."
CVE-2025-20670,"MediaTek, Inc."
CVE-2025-20671,"MediaTek, Inc."
CVE-2025-20672,"MediaTek, Inc."
CVE-2025-20673,"MediaTek, Inc."
CVE-2025-20674,"MediaTek, Inc."
CVE-2025-20675,"MediaTek, Inc."
CVE-2025-20676,"MediaTek, Inc."
CVE-2025-20677,"MediaTek, Inc."
CVE-2025-20678,"MediaTek, Inc."
CVE-2025-20680,"MediaTek, Inc."
CVE-2025-20681,"MediaTek, Inc."
CVE-2025-20682,"MediaTek, Inc."
CVE-2025-20683,"MediaTek, Inc."
CVE-2025-20684,"MediaTek, Inc."
CVE-2025-20685,"MediaTek, Inc."
CVE-2025-20686,"MediaTek, Inc."
CVE-2025-20687,"MediaTek, Inc."
CVE-2025-20688,"MediaTek, Inc."
CVE-2025-20689,"MediaTek, Inc."
CVE-2025-20690,"MediaTek, Inc."
CVE-2025-20691,"MediaTek, Inc."
CVE-2025-20692,"MediaTek, Inc."
CVE-2025-20693,"MediaTek, Inc."
CVE-2025-20694,"MediaTek, Inc."
CVE-2025-20695,"MediaTek, Inc."
CVE-2025-20696,"MediaTek, Inc."
CVE-2025-20697,"MediaTek, Inc."
CVE-2025-20698,"MediaTek, Inc."
CVE-2025-20700,Airoha Technology Corp.
CVE-2025-20701,Airoha Technology Corp.
CVE-2025-20702,Airoha Technology Corp.
CVE-2025-20703,"MediaTek, Inc."
CVE-2025-20704,"MediaTek, Inc."
CVE-2025-20705,"MediaTek, Inc."
CVE-2025-20706,"MediaTek, Inc."
CVE-2025-20707,"MediaTek, Inc."
CVE-2025-20708,"MediaTek, Inc."
CVE-2025-20709,"MediaTek, Inc."
CVE-2025-20710,"MediaTek, Inc."
CVE-2025-20711,"MediaTek, Inc."
CVE-2025-20712,"MediaTek, Inc."
CVE-2025-20713,"MediaTek, Inc."
CVE-2025-20714,"MediaTek, Inc."
CVE-2025-20715,"MediaTek, Inc."
CVE-2025-20716,"MediaTek, Inc."
CVE-2025-20717,"MediaTek, Inc."
CVE-2025-20718,"MediaTek, Inc."
CVE-2025-20719,"MediaTek, Inc."
CVE-2025-20720,"MediaTek, Inc."
CVE-2025-20721,"MediaTek, Inc."
CVE-2025-20722,"MediaTek, Inc."
CVE-2025-20723,"MediaTek, Inc."
CVE-2025-20724,"MediaTek, Inc."
CVE-2025-20725,"MediaTek, Inc."
CVE-2025-20726,"MediaTek, Inc."
CVE-2025-20727,"MediaTek, Inc."
CVE-2025-20728,"MediaTek, Inc."
CVE-2025-20729,"MediaTek, Inc."
CVE-2025-20730,"MediaTek, Inc."
CVE-2025-20731,"MediaTek, Inc."
CVE-2025-20732,"MediaTek, Inc."
CVE-2025-20733,"MediaTek, Inc."
CVE-2025-20734,"MediaTek, Inc."
CVE-2025-20735,"MediaTek, Inc."
CVE-2025-20736,"MediaTek, Inc."
CVE-2025-20737,"MediaTek, Inc."
CVE-2025-20738,"MediaTek, Inc."
CVE-2025-20739,"MediaTek, Inc."
CVE-2025-20740,"MediaTek, Inc."
CVE-2025-20741,"MediaTek, Inc."
CVE-2025-20742,"MediaTek, Inc."
CVE-2025-20743,"MediaTek, Inc."
CVE-2025-20744,"MediaTek, Inc."
CVE-2025-20745,"MediaTek, Inc."
CVE-2025-20746,"MediaTek, Inc."
CVE-2025-20747,"MediaTek, Inc."
CVE-2025-20748,"MediaTek, Inc."
CVE-2025-20749,"MediaTek, Inc."
CVE-2025-20750,"MediaTek, Inc."
CVE-2025-20751,"MediaTek, Inc."
CVE-2025-20752,"MediaTek, Inc."
CVE-2025-20753,"MediaTek, Inc."
CVE-2025-20754,"MediaTek, Inc."
CVE-2025-20755,"MediaTek, Inc."
CVE-2025-20756,"MediaTek, Inc."
CVE-2025-20757,"MediaTek, Inc."
CVE-2025-20758,"MediaTek, Inc."
CVE-2025-20759,"MediaTek, Inc."
CVE-2025-20760,"MediaTek, Inc."
CVE-2025-20761,"MediaTek, Inc."
CVE-2025-20762,"MediaTek, Inc."
CVE-2025-20763,"MediaTek, Inc."
CVE-2025-20764,"MediaTek, Inc."
CVE-2025-20765,"MediaTek, Inc."
CVE-2025-20766,"MediaTek, Inc."
CVE-2025-20767,"MediaTek, Inc."
CVE-2025-20768,"MediaTek, Inc."
CVE-2025-20769,"MediaTek, Inc."
CVE-2025-20770,"MediaTek, Inc."
CVE-2025-20771,"MediaTek, Inc."
CVE-2025-20772,"MediaTek, Inc."
CVE-2025-20773,"MediaTek, Inc."
CVE-2025-20774,"MediaTek, Inc."
CVE-2025-20775,"MediaTek, Inc."
CVE-2025-20776,"MediaTek, Inc."
CVE-2025-20777,"MediaTek, Inc."
CVE-2025-20778,"MediaTek, Inc."
CVE-2025-20779,"MediaTek, Inc."
CVE-2025-20780,"MediaTek, Inc."
CVE-2025-20781,"MediaTek, Inc."
CVE-2025-20782,"MediaTek, Inc."
CVE-2025-20783,"MediaTek, Inc."
CVE-2025-20784,"MediaTek, Inc."
CVE-2025-20785,"MediaTek, Inc."
CVE-2025-20786,"MediaTek, Inc."
CVE-2025-20787,"MediaTek, Inc."
CVE-2025-20788,"MediaTek, Inc."
CVE-2025-20789,"MediaTek, Inc."
CVE-2025-20790,"MediaTek, Inc."
CVE-2025-20791,"MediaTek, Inc."
CVE-2025-20792,"MediaTek, Inc."
CVE-2025-20793,"MediaTek, Inc."
CVE-2025-20794,"MediaTek, Inc."
CVE-2025-20795,"MediaTek, Inc."
CVE-2025-20796,"MediaTek, Inc."
CVE-2025-20797,"MediaTek, Inc."
CVE-2025-20798,"MediaTek, Inc."
CVE-2025-20799,"MediaTek, Inc."
CVE-2025-20800,"MediaTek, Inc."
CVE-2025-20801,"MediaTek, Inc."
CVE-2025-20802,"MediaTek, Inc."
CVE-2025-20803,"MediaTek, Inc."
CVE-2025-20804,"MediaTek, Inc."
CVE-2025-20805,"MediaTek, Inc."
CVE-2025-20806,"MediaTek, Inc."
CVE-2025-20807,"MediaTek, Inc."
CVE-2025-20881,Samsung Mobile
CVE-2025-20882,Samsung Mobile
CVE-2025-20883,Samsung Mobile
CVE-2025-20884,Samsung Mobile
CVE-2025-20885,Samsung Mobile
CVE-2025-20886,Samsung Mobile
CVE-2025-20887,Samsung Mobile
CVE-2025-20888,Samsung Mobile
CVE-2025-20889,Samsung Mobile
CVE-2025-20890,Samsung Mobile
CVE-2025-20891,Samsung Mobile
CVE-2025-20892,Samsung Mobile
CVE-2025-20893,Samsung Mobile
CVE-2025-20894,Samsung Mobile
CVE-2025-20895,Samsung Mobile
CVE-2025-20896,Samsung Mobile
CVE-2025-20897,Samsung Mobile
CVE-2025-20898,Samsung Mobile
CVE-2025-20899,Samsung Mobile
CVE-2025-20900,Samsung Mobile
CVE-2025-20901,Samsung Mobile
CVE-2025-20902,Samsung Mobile
CVE-2025-20903,Samsung Mobile
CVE-2025-20904,Samsung Mobile
CVE-2025-20905,Samsung Mobile
CVE-2025-20906,Samsung Mobile
CVE-2025-20907,Samsung Mobile
CVE-2025-20908,Samsung Mobile
CVE-2025-20909,Samsung Mobile
CVE-2025-20910,Samsung Mobile
CVE-2025-20911,Samsung Mobile
CVE-2025-20912,Samsung Mobile
CVE-2025-20913,Samsung Mobile
CVE-2025-20914,Samsung Mobile
CVE-2025-20915,Samsung Mobile
CVE-2025-20916,Samsung Mobile
CVE-2025-20917,Samsung Mobile
CVE-2025-20918,Samsung Mobile
CVE-2025-20919,Samsung Mobile
CVE-2025-20920,Samsung Mobile
CVE-2025-20921,Samsung Mobile
CVE-2025-20922,Samsung Mobile
CVE-2025-20923,Samsung Mobile
CVE-2025-20924,Samsung Mobile
CVE-2025-20925,Samsung Mobile
CVE-2025-20926,Samsung Mobile
CVE-2025-20927,Samsung Mobile
CVE-2025-20928,Samsung Mobile
CVE-2025-20929,Samsung Mobile
CVE-2025-20930,Samsung Mobile
CVE-2025-20931,Samsung Mobile
CVE-2025-20932,Samsung Mobile
CVE-2025-20933,Samsung Mobile
CVE-2025-20934,Samsung Mobile
CVE-2025-20935,Samsung Mobile
CVE-2025-20936,Samsung Mobile
CVE-2025-20937,Samsung Mobile
CVE-2025-20938,Samsung Mobile
CVE-2025-20939,Samsung Mobile
CVE-2025-20940,Samsung Mobile
CVE-2025-20941,Samsung Mobile
CVE-2025-20942,Samsung Mobile
CVE-2025-20943,Samsung Mobile
CVE-2025-20944,Samsung Mobile
CVE-2025-20945,Samsung Mobile
CVE-2025-20946,Samsung Mobile
CVE-2025-20947,Samsung Mobile
CVE-2025-20948,Samsung Mobile
CVE-2025-20949,Samsung Mobile
CVE-2025-20950,Samsung Mobile
CVE-2025-20951,Samsung Mobile
CVE-2025-20952,Samsung Mobile
CVE-2025-20953,Samsung Mobile
CVE-2025-20954,Samsung Mobile
CVE-2025-20955,Samsung Mobile
CVE-2025-20956,Samsung Mobile
CVE-2025-20957,Samsung Mobile
CVE-2025-20958,Samsung Mobile
CVE-2025-20959,Samsung Mobile
CVE-2025-20960,Samsung Mobile
CVE-2025-20961,Samsung Mobile
CVE-2025-20962,Samsung Mobile
CVE-2025-20963,Samsung Mobile
CVE-2025-20964,Samsung Mobile
CVE-2025-20965,Samsung Mobile
CVE-2025-20966,Samsung Mobile
CVE-2025-20967,Samsung Mobile
CVE-2025-20968,Samsung Mobile
CVE-2025-20969,Samsung Mobile
CVE-2025-20970,Samsung Mobile
CVE-2025-20971,Samsung Mobile
CVE-2025-20972,Samsung Mobile
CVE-2025-20973,Samsung Mobile
CVE-2025-20974,Samsung Mobile
CVE-2025-20975,Samsung Mobile
CVE-2025-20976,Samsung Mobile
CVE-2025-20977,Samsung Mobile
CVE-2025-20978,Samsung Mobile
CVE-2025-20979,Samsung Mobile
CVE-2025-20980,Samsung Mobile
CVE-2025-20981,Samsung Mobile
CVE-2025-20982,Samsung Mobile
CVE-2025-20983,Samsung Mobile
CVE-2025-20984,Samsung Mobile
CVE-2025-20985,Samsung Mobile
CVE-2025-20986,Samsung Mobile
CVE-2025-20987,Samsung Mobile
CVE-2025-20988,Samsung Mobile
CVE-2025-20989,Samsung Mobile
CVE-2025-20990,Samsung Mobile
CVE-2025-20991,Samsung Mobile
CVE-2025-20992,Samsung Mobile
CVE-2025-20993,Samsung Mobile
CVE-2025-20994,Samsung Mobile
CVE-2025-20995,Samsung Mobile
CVE-2025-20996,Samsung Mobile
CVE-2025-20997,Samsung Mobile
CVE-2025-20998,Samsung Mobile
CVE-2025-20999,Samsung Mobile
CVE-2025-21000,Samsung Mobile
CVE-2025-21001,Samsung Mobile
CVE-2025-21002,Samsung Mobile
CVE-2025-21003,Samsung Mobile
CVE-2025-21004,Samsung Mobile
CVE-2025-21005,Samsung Mobile
CVE-2025-21006,Samsung Mobile
CVE-2025-21007,Samsung Mobile
CVE-2025-21008,Samsung Mobile
CVE-2025-21009,Samsung Mobile
CVE-2025-21010,Samsung Mobile
CVE-2025-21011,Samsung Mobile
CVE-2025-21012,Samsung Mobile
CVE-2025-21013,Samsung Mobile
CVE-2025-21014,Samsung Mobile
CVE-2025-21015,Samsung Mobile
CVE-2025-21016,Samsung Mobile
CVE-2025-21017,Samsung Mobile
CVE-2025-21018,Samsung Mobile
CVE-2025-21019,Samsung Mobile
CVE-2025-21020,Samsung Mobile
CVE-2025-21021,Samsung Mobile
CVE-2025-21022,Samsung Mobile
CVE-2025-21023,Samsung Mobile
CVE-2025-21024,Samsung Mobile
CVE-2025-21025,Samsung Mobile
CVE-2025-21026,Samsung Mobile
CVE-2025-21027,Samsung Mobile
CVE-2025-21028,Samsung Mobile
CVE-2025-21029,Samsung Mobile
CVE-2025-21030,Samsung Mobile
CVE-2025-21031,Samsung Mobile
CVE-2025-21032,Samsung Mobile
CVE-2025-21033,Samsung Mobile
CVE-2025-21034,Samsung Mobile
CVE-2025-21035,Samsung Mobile
CVE-2025-21036,Samsung Mobile
CVE-2025-21037,Samsung Mobile
CVE-2025-21038,Samsung Mobile
CVE-2025-21039,Samsung Mobile
CVE-2025-21040,Samsung Mobile
CVE-2025-21041,Samsung Mobile
CVE-2025-21042,Samsung Mobile
CVE-2025-21043,Samsung Mobile
CVE-2025-21044,Samsung Mobile
CVE-2025-21045,Samsung Mobile
CVE-2025-21046,Samsung Mobile
CVE-2025-21047,Samsung Mobile
CVE-2025-21048,Samsung Mobile
CVE-2025-21049,Samsung Mobile
CVE-2025-21050,Samsung Mobile
CVE-2025-21051,Samsung Mobile
CVE-2025-21052,Samsung Mobile
CVE-2025-21053,Samsung Mobile
CVE-2025-21054,Samsung Mobile
CVE-2025-21055,Samsung Mobile
CVE-2025-21056,Samsung Mobile
CVE-2025-21057,Samsung Mobile
CVE-2025-21058,Samsung Mobile
CVE-2025-21059,Samsung Mobile
CVE-2025-21060,Samsung Mobile
CVE-2025-21061,Samsung Mobile
CVE-2025-21062,Samsung Mobile
CVE-2025-21063,Samsung Mobile
CVE-2025-21064,Samsung Mobile
CVE-2025-21065,Samsung Mobile
CVE-2025-21066,Samsung Mobile
CVE-2025-21067,Samsung Mobile
CVE-2025-21068,Samsung Mobile
CVE-2025-21069,Samsung Mobile
CVE-2025-21070,Samsung Mobile
CVE-2025-21071,Samsung Mobile
CVE-2025-21072,Samsung Mobile
CVE-2025-21073,Samsung Mobile
CVE-2025-21074,Samsung Mobile
CVE-2025-21075,Samsung Mobile
CVE-2025-21076,Samsung Mobile
CVE-2025-21077,Samsung Mobile
CVE-2025-21078,Samsung Mobile
CVE-2025-21079,Samsung Mobile
CVE-2025-21080,Samsung Mobile
CVE-2025-21082,OpenHarmony
CVE-2025-21083,Mattermost
CVE-2025-21084,OpenHarmony
CVE-2025-21085,Ping Identity
CVE-2025-21087,F5
CVE-2025-21088,Mattermost
CVE-2025-21089,OpenHarmony
CVE-2025-21091,F5
CVE-2025-21092,GMOD
CVE-2025-21095,Keysight
CVE-2025-21097,OpenHarmony
CVE-2025-21098,OpenHarmony
CVE-2025-21101,Dell
CVE-2025-21102,Dell
CVE-2025-21103,Dell
CVE-2025-21104,Dell
CVE-2025-21105,Dell
CVE-2025-21106,Dell
CVE-2025-21107,Dell
CVE-2025-21110,Dell
CVE-2025-21111,Dell
CVE-2025-21117,Dell
CVE-2025-21120,Dell
CVE-2025-21121,Adobe
CVE-2025-21122,Adobe
CVE-2025-21123,Adobe
CVE-2025-21124,Adobe
CVE-2025-21125,Adobe
CVE-2025-21126,Adobe
CVE-2025-21127,Adobe
CVE-2025-21128,Adobe
CVE-2025-21129,Adobe
CVE-2025-21130,Adobe
CVE-2025-21131,Adobe
CVE-2025-21132,Adobe
CVE-2025-21133,Adobe
CVE-2025-21134,Adobe
CVE-2025-21135,Adobe
CVE-2025-21136,Adobe
CVE-2025-21137,Adobe
CVE-2025-21138,Adobe
CVE-2025-21139,Adobe
CVE-2025-21155,Adobe
CVE-2025-21156,Adobe
CVE-2025-21157,Adobe
CVE-2025-21158,Adobe
CVE-2025-21159,Adobe
CVE-2025-21160,Adobe
CVE-2025-21161,Adobe
CVE-2025-21162,Adobe
CVE-2025-21163,Adobe
CVE-2025-21164,Adobe
CVE-2025-21165,Adobe
CVE-2025-21166,Adobe
CVE-2025-21167,Adobe
CVE-2025-21168,Adobe
CVE-2025-21169,Adobe
CVE-2025-21170,Adobe
CVE-2025-21171,Microsoft
CVE-2025-21172,Microsoft
CVE-2025-21173,Microsoft
CVE-2025-21174,Microsoft
CVE-2025-21176,Microsoft
CVE-2025-21177,Microsoft
CVE-2025-21178,Microsoft
CVE-2025-21179,Microsoft
CVE-2025-21180,Microsoft
CVE-2025-21181,Microsoft
CVE-2025-21182,Microsoft
CVE-2025-21183,Microsoft
CVE-2025-21184,Microsoft
CVE-2025-21185,Microsoft
CVE-2025-21186,Microsoft
CVE-2025-21187,Microsoft
CVE-2025-21188,Microsoft
CVE-2025-21189,Microsoft
CVE-2025-21190,Microsoft
CVE-2025-21191,Microsoft
CVE-2025-21193,Microsoft
CVE-2025-21194,Microsoft
CVE-2025-21195,Microsoft
CVE-2025-21197,Microsoft
CVE-2025-21198,Microsoft
CVE-2025-21199,Microsoft
CVE-2025-21200,Microsoft
CVE-2025-21201,Microsoft
CVE-2025-21202,Microsoft
CVE-2025-21203,Microsoft
CVE-2025-21204,Microsoft
CVE-2025-21205,Microsoft
CVE-2025-21206,Microsoft
CVE-2025-21207,Microsoft
CVE-2025-21208,Microsoft
CVE-2025-21210,Microsoft
CVE-2025-21211,Microsoft
CVE-2025-21212,Microsoft
CVE-2025-21213,Microsoft
CVE-2025-21214,Microsoft
CVE-2025-21215,Microsoft
CVE-2025-21216,Microsoft
CVE-2025-21217,Microsoft
CVE-2025-21218,Microsoft
CVE-2025-21219,Microsoft
CVE-2025-21220,Microsoft
CVE-2025-21221,Microsoft
CVE-2025-21222,Microsoft
CVE-2025-21223,Microsoft
CVE-2025-21224,Microsoft
CVE-2025-21225,Microsoft
CVE-2025-21226,Microsoft
CVE-2025-21227,Microsoft
CVE-2025-21228,Microsoft
CVE-2025-21229,Microsoft
CVE-2025-21230,Microsoft
CVE-2025-21231,Microsoft
CVE-2025-21232,Microsoft
CVE-2025-21233,Microsoft
CVE-2025-21234,Microsoft
CVE-2025-21235,Microsoft
CVE-2025-21236,Microsoft
CVE-2025-21237,Microsoft
CVE-2025-21238,Microsoft
CVE-2025-21239,Microsoft
CVE-2025-21240,Microsoft
CVE-2025-21241,Microsoft
CVE-2025-21242,Microsoft
CVE-2025-21243,Microsoft
CVE-2025-21244,Microsoft
CVE-2025-21245,Microsoft
CVE-2025-21246,Microsoft
CVE-2025-21247,Microsoft
CVE-2025-21248,Microsoft
CVE-2025-21249,Microsoft
CVE-2025-21250,Microsoft
CVE-2025-21251,Microsoft
CVE-2025-21252,Microsoft
CVE-2025-21253,Microsoft
CVE-2025-21254,Microsoft
CVE-2025-21255,Microsoft
CVE-2025-21256,Microsoft
CVE-2025-21257,Microsoft
CVE-2025-21258,Microsoft
CVE-2025-21259,Microsoft
CVE-2025-21260,Microsoft
CVE-2025-21261,Microsoft
CVE-2025-21262,Microsoft
CVE-2025-21263,Microsoft
CVE-2025-21264,Microsoft
CVE-2025-21265,Microsoft
CVE-2025-21266,Microsoft
CVE-2025-21267,Microsoft
CVE-2025-21268,Microsoft
CVE-2025-21269,Microsoft
CVE-2025-21270,Microsoft
CVE-2025-21271,Microsoft
CVE-2025-21272,Microsoft
CVE-2025-21273,Microsoft
CVE-2025-21274,Microsoft
CVE-2025-21275,Microsoft
CVE-2025-21276,Microsoft
CVE-2025-21277,Microsoft
CVE-2025-21278,Microsoft
CVE-2025-21279,Microsoft
CVE-2025-21280,Microsoft
CVE-2025-21281,Microsoft
CVE-2025-21282,Microsoft
CVE-2025-21283,Microsoft
CVE-2025-21284,Microsoft
CVE-2025-21285,Microsoft
CVE-2025-21286,Microsoft
CVE-2025-21287,Microsoft
CVE-2025-21288,Microsoft
CVE-2025-21289,Microsoft
CVE-2025-21290,Microsoft
CVE-2025-21291,Microsoft
CVE-2025-21292,Microsoft
CVE-2025-21293,Microsoft
CVE-2025-21294,Microsoft
CVE-2025-21295,Microsoft
CVE-2025-21296,Microsoft
CVE-2025-21297,Microsoft
CVE-2025-21298,Microsoft
CVE-2025-21299,Microsoft
CVE-2025-21300,Microsoft
CVE-2025-21301,Microsoft
CVE-2025-21302,Microsoft
CVE-2025-21303,Microsoft
CVE-2025-21304,Microsoft
CVE-2025-21305,Microsoft
CVE-2025-21306,Microsoft
CVE-2025-21307,Microsoft
CVE-2025-21308,Microsoft
CVE-2025-21309,Microsoft
CVE-2025-21310,Microsoft
CVE-2025-21311,Microsoft
CVE-2025-21312,Microsoft
CVE-2025-21313,Microsoft
CVE-2025-21314,Microsoft
CVE-2025-21315,Microsoft
CVE-2025-21316,Microsoft
CVE-2025-21317,Microsoft
CVE-2025-21318,Microsoft
CVE-2025-21319,Microsoft
CVE-2025-21320,Microsoft
CVE-2025-21321,Microsoft
CVE-2025-21322,Microsoft
CVE-2025-21323,Microsoft
CVE-2025-21324,Microsoft
CVE-2025-21325,Microsoft
CVE-2025-21326,Microsoft
CVE-2025-21327,Microsoft
CVE-2025-21328,Microsoft
CVE-2025-21329,Microsoft
CVE-2025-21330,Microsoft
CVE-2025-21331,Microsoft
CVE-2025-21332,Microsoft
CVE-2025-21333,Microsoft
CVE-2025-21334,Microsoft
CVE-2025-21335,Microsoft
CVE-2025-21336,Microsoft
CVE-2025-21337,Microsoft
CVE-2025-21338,Microsoft
CVE-2025-21339,Microsoft
CVE-2025-21340,Microsoft
CVE-2025-21341,Microsoft
CVE-2025-21342,Microsoft
CVE-2025-21343,Microsoft
CVE-2025-21344,Microsoft
CVE-2025-21345,Microsoft
CVE-2025-21346,Microsoft
CVE-2025-21347,Microsoft
CVE-2025-21348,Microsoft
CVE-2025-21349,Microsoft
CVE-2025-21350,Microsoft
CVE-2025-21351,Microsoft
CVE-2025-21352,Microsoft
CVE-2025-21354,Microsoft
CVE-2025-21355,Microsoft
CVE-2025-21356,Microsoft
CVE-2025-21357,Microsoft
CVE-2025-21358,Microsoft
CVE-2025-21359,Microsoft
CVE-2025-21360,Microsoft
CVE-2025-21361,Microsoft
CVE-2025-21362,Microsoft
CVE-2025-21363,Microsoft
CVE-2025-21364,Microsoft
CVE-2025-21365,Microsoft
CVE-2025-21366,Microsoft
CVE-2025-21367,Microsoft
CVE-2025-21368,Microsoft
CVE-2025-21369,Microsoft
CVE-2025-21370,Microsoft
CVE-2025-21371,Microsoft
CVE-2025-21372,Microsoft
CVE-2025-21373,Microsoft
CVE-2025-21374,Microsoft
CVE-2025-21375,Microsoft
CVE-2025-21376,Microsoft
CVE-2025-21377,Microsoft
CVE-2025-21378,Microsoft
CVE-2025-21379,Microsoft
CVE-2025-21380,Microsoft
CVE-2025-21381,Microsoft
CVE-2025-21382,Microsoft
CVE-2025-21383,Microsoft
CVE-2025-21384,Microsoft
CVE-2025-21385,Microsoft
CVE-2025-21386,Microsoft
CVE-2025-21387,Microsoft
CVE-2025-21389,Microsoft
CVE-2025-21390,Microsoft
CVE-2025-21391,Microsoft
CVE-2025-21392,Microsoft
CVE-2025-21393,Microsoft
CVE-2025-21394,Microsoft
CVE-2025-21395,Microsoft
CVE-2025-21396,Microsoft
CVE-2025-21397,Microsoft
CVE-2025-21399,Microsoft
CVE-2025-21400,Microsoft
CVE-2025-21401,Microsoft
CVE-2025-21402,Microsoft
CVE-2025-21403,Microsoft
CVE-2025-21404,Microsoft
CVE-2025-21405,Microsoft
CVE-2025-21406,Microsoft
CVE-2025-21407,Microsoft
CVE-2025-21408,Microsoft
CVE-2025-21409,Microsoft
CVE-2025-21410,Microsoft
CVE-2025-21411,Microsoft
CVE-2025-21413,Microsoft
CVE-2025-21414,Microsoft
CVE-2025-21415,Microsoft
CVE-2025-21416,Microsoft
CVE-2025-21417,Microsoft
CVE-2025-21418,Microsoft
CVE-2025-21419,Microsoft
CVE-2025-21420,Microsoft
CVE-2025-21421,"Qualcomm, Inc."
CVE-2025-21422,"Qualcomm, Inc."
CVE-2025-21423,"Qualcomm, Inc."
CVE-2025-21424,"Qualcomm, Inc."
CVE-2025-21425,"Qualcomm, Inc."
CVE-2025-21426,"Qualcomm, Inc."
CVE-2025-21427,"Qualcomm, Inc."
CVE-2025-21428,"Qualcomm, Inc."
CVE-2025-21429,"Qualcomm, Inc."
CVE-2025-21430,"Qualcomm, Inc."
CVE-2025-21431,"Qualcomm, Inc."
CVE-2025-21432,"Qualcomm, Inc."
CVE-2025-21433,"Qualcomm, Inc."
CVE-2025-21434,"Qualcomm, Inc."
CVE-2025-21435,"Qualcomm, Inc."
CVE-2025-21436,"Qualcomm, Inc."
CVE-2025-21437,"Qualcomm, Inc."
CVE-2025-21438,"Qualcomm, Inc."
CVE-2025-21439,"Qualcomm, Inc."
CVE-2025-21440,"Qualcomm, Inc."
CVE-2025-21441,"Qualcomm, Inc."
CVE-2025-21442,"Qualcomm, Inc."
CVE-2025-21443,"Qualcomm, Inc."
CVE-2025-21444,"Qualcomm, Inc."
CVE-2025-21445,"Qualcomm, Inc."
CVE-2025-21446,"Qualcomm, Inc."
CVE-2025-21447,"Qualcomm, Inc."
CVE-2025-21448,"Qualcomm, Inc."
CVE-2025-21449,"Qualcomm, Inc."
CVE-2025-21450,"Qualcomm, Inc."
CVE-2025-21452,"Qualcomm, Inc."
CVE-2025-21453,"Qualcomm, Inc."
CVE-2025-21454,"Qualcomm, Inc."
CVE-2025-21455,"Qualcomm, Inc."
CVE-2025-21456,"Qualcomm, Inc."
CVE-2025-21457,"Qualcomm, Inc."
CVE-2025-21458,"Qualcomm, Inc."
CVE-2025-21459,"Qualcomm, Inc."
CVE-2025-21460,"Qualcomm, Inc."
CVE-2025-21461,"Qualcomm, Inc."
CVE-2025-21462,"Qualcomm, Inc."
CVE-2025-21463,"Qualcomm, Inc."
CVE-2025-21464,"Qualcomm, Inc."
CVE-2025-21465,"Qualcomm, Inc."
CVE-2025-21466,"Qualcomm, Inc."
CVE-2025-21467,"Qualcomm, Inc."
CVE-2025-21468,"Qualcomm, Inc."
CVE-2025-21469,"Qualcomm, Inc."
CVE-2025-21470,"Qualcomm, Inc."
CVE-2025-21472,"Qualcomm, Inc."
CVE-2025-21473,"Qualcomm, Inc."
CVE-2025-21474,"Qualcomm, Inc."
CVE-2025-21475,"Qualcomm, Inc."
CVE-2025-21476,"Qualcomm, Inc."
CVE-2025-21477,"Qualcomm, Inc."
CVE-2025-21479,"Qualcomm, Inc."
CVE-2025-21480,"Qualcomm, Inc."
CVE-2025-21481,"Qualcomm, Inc."
CVE-2025-21482,"Qualcomm, Inc."
CVE-2025-21483,"Qualcomm, Inc."
CVE-2025-21484,"Qualcomm, Inc."
CVE-2025-21485,"Qualcomm, Inc."
CVE-2025-21486,"Qualcomm, Inc."
CVE-2025-21487,"Qualcomm, Inc."
CVE-2025-21488,"Qualcomm, Inc."
CVE-2025-21489,Oracle Corporation
CVE-2025-21490,Oracle Corporation
CVE-2025-21491,Oracle Corporation
CVE-2025-21492,Oracle Corporation
CVE-2025-21493,Oracle Corporation
CVE-2025-21494,Oracle Corporation
CVE-2025-21495,Oracle Corporation
CVE-2025-21497,Oracle Corporation
CVE-2025-21498,Oracle Corporation
CVE-2025-21499,Oracle Corporation
CVE-2025-21500,Oracle Corporation
CVE-2025-21501,Oracle Corporation
CVE-2025-21502,Oracle Corporation
CVE-2025-21503,Oracle Corporation
CVE-2025-21504,Oracle Corporation
CVE-2025-21505,Oracle Corporation
CVE-2025-21506,Oracle Corporation
CVE-2025-21507,Oracle Corporation
CVE-2025-21508,Oracle Corporation
CVE-2025-21509,Oracle Corporation
CVE-2025-21510,Oracle Corporation
CVE-2025-21511,Oracle Corporation
CVE-2025-21512,Oracle Corporation
CVE-2025-21513,Oracle Corporation
CVE-2025-21514,Oracle Corporation
CVE-2025-21515,Oracle Corporation
CVE-2025-21516,Oracle Corporation
CVE-2025-21517,Oracle Corporation
CVE-2025-21518,Oracle Corporation
CVE-2025-21519,Oracle Corporation
CVE-2025-21520,Oracle Corporation
CVE-2025-21521,Oracle Corporation
CVE-2025-21522,Oracle Corporation
CVE-2025-21523,Oracle Corporation
CVE-2025-21524,Oracle Corporation
CVE-2025-21525,Oracle Corporation
CVE-2025-21526,Oracle Corporation
CVE-2025-21527,Oracle Corporation
CVE-2025-21528,Oracle Corporation
CVE-2025-21529,Oracle Corporation
CVE-2025-21530,Oracle Corporation
CVE-2025-21531,Oracle Corporation
CVE-2025-21532,Oracle Corporation
CVE-2025-21533,Oracle Corporation
CVE-2025-21534,Oracle Corporation
CVE-2025-21535,Oracle Corporation
CVE-2025-21536,Oracle Corporation
CVE-2025-21537,Oracle Corporation
CVE-2025-21538,Oracle Corporation
CVE-2025-21539,Oracle Corporation
CVE-2025-21540,Oracle Corporation
CVE-2025-21541,Oracle Corporation
CVE-2025-21542,Oracle Corporation
CVE-2025-21543,Oracle Corporation
CVE-2025-21544,Oracle Corporation
CVE-2025-21545,Oracle Corporation
CVE-2025-21546,Oracle Corporation
CVE-2025-21547,Oracle Corporation
CVE-2025-21548,Oracle Corporation
CVE-2025-21549,Oracle Corporation
CVE-2025-21550,Oracle Corporation
CVE-2025-21551,Oracle Corporation
CVE-2025-21552,Oracle Corporation
CVE-2025-21553,Oracle Corporation
CVE-2025-21554,Oracle Corporation
CVE-2025-21555,Oracle Corporation
CVE-2025-21556,Oracle Corporation
CVE-2025-21557,Oracle Corporation
CVE-2025-21558,Oracle Corporation
CVE-2025-21559,Oracle Corporation
CVE-2025-21560,Oracle Corporation
CVE-2025-21561,Oracle Corporation
CVE-2025-21562,Oracle Corporation
CVE-2025-21563,Oracle Corporation
CVE-2025-21564,Oracle Corporation
CVE-2025-21565,Oracle Corporation
CVE-2025-21566,Oracle Corporation
CVE-2025-21567,Oracle Corporation
CVE-2025-21568,Oracle Corporation
CVE-2025-21569,Oracle Corporation
CVE-2025-21570,Oracle Corporation
CVE-2025-21571,Oracle Corporation
CVE-2025-21572,Oracle Corporation
CVE-2025-21573,Oracle Corporation
CVE-2025-21574,Oracle Corporation
CVE-2025-21575,Oracle Corporation
CVE-2025-21576,Oracle Corporation
CVE-2025-21577,Oracle Corporation
CVE-2025-21578,Oracle Corporation
CVE-2025-21579,Oracle Corporation
CVE-2025-21580,Oracle Corporation
CVE-2025-21581,Oracle Corporation
CVE-2025-21582,Oracle Corporation
CVE-2025-21583,Oracle Corporation
CVE-2025-21584,Oracle Corporation
CVE-2025-21585,Oracle Corporation
CVE-2025-21586,Oracle Corporation
CVE-2025-21587,Oracle Corporation
CVE-2025-21588,Oracle Corporation
CVE-2025-21589,Juniper Networks
CVE-2025-21590,Juniper Networks
CVE-2025-21591,Juniper Networks
CVE-2025-21592,Juniper Networks
CVE-2025-21593,Juniper Networks
CVE-2025-21594,Juniper Networks
CVE-2025-21595,Juniper Networks
CVE-2025-21596,Juniper Networks
CVE-2025-21597,Juniper Networks
CVE-2025-21598,Juniper Networks
CVE-2025-21599,Juniper Networks
CVE-2025-21600,Juniper Networks
CVE-2025-21601,Juniper Networks
CVE-2025-21602,Juniper Networks
CVE-2025-21603,PLANEX COMMUNICATIONS INC.
CVE-2025-21604,moyangzhan
CVE-2025-21605,redis
CVE-2025-21606,exelban
CVE-2025-21607,vyperlang
CVE-2025-21608,meshtastic
CVE-2025-21609,siyuan-note
CVE-2025-21610,basecamp
CVE-2025-21611,tgstation
CVE-2025-21612,StarCitizenTools
CVE-2025-21613,go-git
CVE-2025-21614,go-git
CVE-2025-21615,bailuk
CVE-2025-21616,makeplane
CVE-2025-21617,guzzle
CVE-2025-21618,zauberzeug
CVE-2025-21619,glpi-project
CVE-2025-21620,denoland
CVE-2025-21621,geoserver
CVE-2025-21622,MacWarrior
CVE-2025-21623,MacWarrior
CVE-2025-21624,MacWarrior
CVE-2025-21626,glpi-project
CVE-2025-21627,glpi-project
CVE-2025-21628,chatwoot
CVE-2025-21629,Linux
CVE-2025-21631,Linux
CVE-2025-21632,Linux
CVE-2025-21634,Linux
CVE-2025-21635,Linux
CVE-2025-21636,Linux
CVE-2025-21637,Linux
CVE-2025-21638,Linux
CVE-2025-21639,Linux
CVE-2025-21640,Linux
CVE-2025-21641,Linux
CVE-2025-21642,Linux
CVE-2025-21643,Linux
CVE-2025-21644,Linux
CVE-2025-21645,Linux
CVE-2025-21646,Linux
CVE-2025-21647,Linux
CVE-2025-21648,Linux
CVE-2025-21649,Linux
CVE-2025-21650,Linux
CVE-2025-21651,Linux
CVE-2025-21652,Linux
CVE-2025-21653,Linux
CVE-2025-21654,Linux
CVE-2025-21655,Linux
CVE-2025-21656,Linux
CVE-2025-21657,Linux
CVE-2025-21658,Linux
CVE-2025-21659,Linux
CVE-2025-21660,Linux
CVE-2025-21661,Linux
CVE-2025-21662,Linux
CVE-2025-21663,Linux
CVE-2025-21664,Linux
CVE-2025-21665,Linux
CVE-2025-21666,Linux
CVE-2025-21667,Linux
CVE-2025-21668,Linux
CVE-2025-21669,Linux
CVE-2025-21670,Linux
CVE-2025-21671,Linux
CVE-2025-21672,Linux
CVE-2025-21673,Linux
CVE-2025-21674,Linux
CVE-2025-21675,Linux
CVE-2025-21676,Linux
CVE-2025-21677,Linux
CVE-2025-21678,Linux
CVE-2025-21679,Linux
CVE-2025-21680,Linux
CVE-2025-21681,Linux
CVE-2025-21682,Linux
CVE-2025-21683,Linux
CVE-2025-21684,Linux
CVE-2025-21685,Linux
CVE-2025-21687,Linux
CVE-2025-21688,Linux
CVE-2025-21689,Linux
CVE-2025-21690,Linux
CVE-2025-21691,Linux
CVE-2025-21692,Linux
CVE-2025-21693,Linux
CVE-2025-21694,Linux
CVE-2025-21695,Linux
CVE-2025-21696,Linux
CVE-2025-21697,Linux
CVE-2025-21699,Linux
CVE-2025-21700,Linux
CVE-2025-21701,Linux
CVE-2025-21702,Linux
CVE-2025-21703,Linux
CVE-2025-21704,Linux
CVE-2025-21705,Linux
CVE-2025-21706,Linux
CVE-2025-21707,Linux
CVE-2025-21708,Linux
CVE-2025-21709,Linux
CVE-2025-21710,Linux
CVE-2025-21711,Linux
CVE-2025-21712,Linux
CVE-2025-21713,Linux
CVE-2025-21714,Linux
CVE-2025-21715,Linux
CVE-2025-21716,Linux
CVE-2025-21717,Linux
CVE-2025-21718,Linux
CVE-2025-21719,Linux
CVE-2025-21720,Linux
CVE-2025-21721,Linux
CVE-2025-21722,Linux
CVE-2025-21723,Linux
CVE-2025-21724,Linux
CVE-2025-21725,Linux
CVE-2025-21726,Linux
CVE-2025-21727,Linux
CVE-2025-21728,Linux
CVE-2025-21729,Linux
CVE-2025-21730,Linux
CVE-2025-21731,Linux
CVE-2025-21732,Linux
CVE-2025-21733,Linux
CVE-2025-21734,Linux
CVE-2025-21735,Linux
CVE-2025-21736,Linux
CVE-2025-21737,Linux
CVE-2025-21738,Linux
CVE-2025-21739,Linux
CVE-2025-21741,Linux
CVE-2025-21742,Linux
CVE-2025-21743,Linux
CVE-2025-21744,Linux
CVE-2025-21745,Linux
CVE-2025-21746,Linux
CVE-2025-21747,Linux
CVE-2025-21748,Linux
CVE-2025-21749,Linux
CVE-2025-21750,Linux
CVE-2025-21751,Linux
CVE-2025-21752,Linux
CVE-2025-21753,Linux
CVE-2025-21754,Linux
CVE-2025-21756,Linux
CVE-2025-21758,Linux
CVE-2025-21759,Linux
CVE-2025-21760,Linux
CVE-2025-21761,Linux
CVE-2025-21762,Linux
CVE-2025-21763,Linux
CVE-2025-21764,Linux
CVE-2025-21765,Linux
CVE-2025-21766,Linux
CVE-2025-21767,Linux
CVE-2025-21768,Linux
CVE-2025-21769,Linux
CVE-2025-21770,Linux
CVE-2025-21771,Linux
CVE-2025-21772,Linux
CVE-2025-21773,Linux
CVE-2025-21774,Linux
CVE-2025-21775,Linux
CVE-2025-21776,Linux
CVE-2025-21777,Linux
CVE-2025-21778,Linux
CVE-2025-21779,Linux
CVE-2025-21780,Linux
CVE-2025-21781,Linux
CVE-2025-21782,Linux
CVE-2025-21783,Linux
CVE-2025-21784,Linux
CVE-2025-21785,Linux
CVE-2025-21786,Linux
CVE-2025-21787,Linux
CVE-2025-21788,Linux
CVE-2025-21789,Linux
CVE-2025-21790,Linux
CVE-2025-21791,Linux
CVE-2025-21792,Linux
CVE-2025-21793,Linux
CVE-2025-21794,Linux
CVE-2025-21795,Linux
CVE-2025-21796,Linux
CVE-2025-21797,Linux
CVE-2025-21798,Linux
CVE-2025-21799,Linux
CVE-2025-21800,Linux
CVE-2025-21801,Linux
CVE-2025-21802,Linux
CVE-2025-21803,Linux
CVE-2025-21804,Linux
CVE-2025-21805,Linux
CVE-2025-21806,Linux
CVE-2025-21807,Linux
CVE-2025-21808,Linux
CVE-2025-21809,Linux
CVE-2025-21810,Linux
CVE-2025-21811,Linux
CVE-2025-21812,Linux
CVE-2025-21813,Linux
CVE-2025-21814,Linux
CVE-2025-21815,Linux
CVE-2025-21816,Linux
CVE-2025-21817,Linux
CVE-2025-21819,Linux
CVE-2025-21820,Linux
CVE-2025-21821,Linux
CVE-2025-21822,Linux
CVE-2025-21823,Linux
CVE-2025-21824,Linux
CVE-2025-21825,Linux
CVE-2025-21826,Linux
CVE-2025-21827,Linux
CVE-2025-21828,Linux
CVE-2025-21829,Linux
CVE-2025-21830,Linux
CVE-2025-21831,Linux
CVE-2025-21832,Linux
CVE-2025-21833,Linux
CVE-2025-21834,Linux
CVE-2025-21835,Linux
CVE-2025-21836,Linux
CVE-2025-21838,Linux
CVE-2025-21839,Linux
CVE-2025-21840,Linux
CVE-2025-21841,Linux
CVE-2025-21842,Linux
CVE-2025-21843,Linux
CVE-2025-21844,Linux
CVE-2025-21845,Linux
CVE-2025-21846,Linux
CVE-2025-21847,Linux
CVE-2025-21848,Linux
CVE-2025-21849,Linux
CVE-2025-21850,Linux
CVE-2025-21851,Linux
CVE-2025-21852,Linux
CVE-2025-21853,Linux
CVE-2025-21854,Linux
CVE-2025-21855,Linux
CVE-2025-21856,Linux
CVE-2025-21857,Linux
CVE-2025-21858,Linux
CVE-2025-21859,Linux
CVE-2025-21860,Linux
CVE-2025-21861,Linux
CVE-2025-21862,Linux
CVE-2025-21863,Linux
CVE-2025-21864,Linux
CVE-2025-21865,Linux
CVE-2025-21866,Linux
CVE-2025-21867,Linux
CVE-2025-21868,Linux
CVE-2025-21869,Linux
CVE-2025-21870,Linux
CVE-2025-21871,Linux
CVE-2025-21872,Linux
CVE-2025-21873,Linux
CVE-2025-21874,Linux
CVE-2025-21875,Linux
CVE-2025-21876,Linux
CVE-2025-21877,Linux
CVE-2025-21878,Linux
CVE-2025-21879,Linux
CVE-2025-21880,Linux
CVE-2025-21881,Linux
CVE-2025-21882,Linux
CVE-2025-21883,Linux
CVE-2025-21884,Linux
CVE-2025-21885,Linux
CVE-2025-21886,Linux
CVE-2025-21887,Linux
CVE-2025-21888,Linux
CVE-2025-21889,Linux
CVE-2025-21890,Linux
CVE-2025-21891,Linux
CVE-2025-21892,Linux
CVE-2025-21893,Linux
CVE-2025-21894,Linux
CVE-2025-21895,Linux
CVE-2025-21896,Linux
CVE-2025-21897,Linux
CVE-2025-21898,Linux
CVE-2025-21899,Linux
CVE-2025-21900,Linux
CVE-2025-21901,Linux
CVE-2025-21902,Linux
CVE-2025-21903,Linux
CVE-2025-21904,Linux
CVE-2025-21905,Linux
CVE-2025-21906,Linux
CVE-2025-21907,Linux
CVE-2025-21908,Linux
CVE-2025-21909,Linux
CVE-2025-21910,Linux
CVE-2025-21911,Linux
CVE-2025-21912,Linux
CVE-2025-21913,Linux
CVE-2025-21914,Linux
CVE-2025-21915,Linux
CVE-2025-21916,Linux
CVE-2025-21917,Linux
CVE-2025-21918,Linux
CVE-2025-21919,Linux
CVE-2025-21920,Linux
CVE-2025-21921,Linux
CVE-2025-21922,Linux
CVE-2025-21923,Linux
CVE-2025-21924,Linux
CVE-2025-21925,Linux
CVE-2025-21926,Linux
CVE-2025-21927,Linux
CVE-2025-21928,Linux
CVE-2025-21929,Linux
CVE-2025-21930,Linux
CVE-2025-21931,Linux
CVE-2025-21932,Linux
CVE-2025-21933,Linux
CVE-2025-21934,Linux
CVE-2025-21935,Linux
CVE-2025-21936,Linux
CVE-2025-21937,Linux
CVE-2025-21938,Linux
CVE-2025-21939,Linux
CVE-2025-21940,Linux
CVE-2025-21941,Linux
CVE-2025-21942,Linux
CVE-2025-21943,Linux
CVE-2025-21944,Linux
CVE-2025-21945,Linux
CVE-2025-21946,Linux
CVE-2025-21947,Linux
CVE-2025-21948,Linux
CVE-2025-21949,Linux
CVE-2025-21950,Linux
CVE-2025-21951,Linux
CVE-2025-21952,Linux
CVE-2025-21953,Linux
CVE-2025-21954,Linux
CVE-2025-21955,Linux
CVE-2025-21956,Linux
CVE-2025-21957,Linux
CVE-2025-21958,Linux
CVE-2025-21959,Linux
CVE-2025-21960,Linux
CVE-2025-21961,Linux
CVE-2025-21962,Linux
CVE-2025-21963,Linux
CVE-2025-21964,Linux
CVE-2025-21965,Linux
CVE-2025-21966,Linux
CVE-2025-21967,Linux
CVE-2025-21968,Linux
CVE-2025-21969,Linux
CVE-2025-21970,Linux
CVE-2025-21971,Linux
CVE-2025-21972,Linux
CVE-2025-21973,Linux
CVE-2025-21974,Linux
CVE-2025-21975,Linux
CVE-2025-21976,Linux
CVE-2025-21977,Linux
CVE-2025-21978,Linux
CVE-2025-21979,Linux
CVE-2025-21980,Linux
CVE-2025-21981,Linux
CVE-2025-21982,Linux
CVE-2025-21983,Linux
CVE-2025-21984,Linux
CVE-2025-21985,Linux
CVE-2025-21986,Linux
CVE-2025-21987,Linux
CVE-2025-21988,Linux
CVE-2025-21989,Linux
CVE-2025-21990,Linux
CVE-2025-21991,Linux
CVE-2025-21992,Linux
CVE-2025-21993,Linux
CVE-2025-21994,Linux
CVE-2025-21995,Linux
CVE-2025-21996,Linux
CVE-2025-21997,Linux
CVE-2025-21998,Linux
CVE-2025-21999,Linux
CVE-2025-22000,Linux
CVE-2025-22001,Linux
CVE-2025-22002,Linux
CVE-2025-22003,Linux
CVE-2025-22004,Linux
CVE-2025-22005,Linux
CVE-2025-22006,Linux
CVE-2025-22007,Linux
CVE-2025-22008,Linux
CVE-2025-22009,Linux
CVE-2025-22010,Linux
CVE-2025-22011,Linux
CVE-2025-22012,Linux
CVE-2025-22013,Linux
CVE-2025-22014,Linux
CVE-2025-22015,Linux
CVE-2025-22016,Linux
CVE-2025-22017,Linux
CVE-2025-22018,Linux
CVE-2025-22019,Linux
CVE-2025-22020,Linux
CVE-2025-22021,Linux
CVE-2025-22022,Linux
CVE-2025-22023,Linux
CVE-2025-22024,Linux
CVE-2025-22025,Linux
CVE-2025-22026,Linux
CVE-2025-22027,Linux
CVE-2025-22028,Linux
CVE-2025-22030,Linux
CVE-2025-22031,Linux
CVE-2025-22032,Linux
CVE-2025-22033,Linux
CVE-2025-22034,Linux
CVE-2025-22035,Linux
CVE-2025-22036,Linux
CVE-2025-22037,Linux
CVE-2025-22038,Linux
CVE-2025-22039,Linux
CVE-2025-22040,Linux
CVE-2025-22041,Linux
CVE-2025-22042,Linux
CVE-2025-22043,Linux
CVE-2025-22044,Linux
CVE-2025-22045,Linux
CVE-2025-22046,Linux
CVE-2025-22047,Linux
CVE-2025-22048,Linux
CVE-2025-22049,Linux
CVE-2025-22050,Linux
CVE-2025-22051,Linux
CVE-2025-22052,Linux
CVE-2025-22053,Linux
CVE-2025-22054,Linux
CVE-2025-22055,Linux
CVE-2025-22056,Linux
CVE-2025-22057,Linux
CVE-2025-22058,Linux
CVE-2025-22059,Linux
CVE-2025-22060,Linux
CVE-2025-22061,Linux
CVE-2025-22062,Linux
CVE-2025-22063,Linux
CVE-2025-22064,Linux
CVE-2025-22065,Linux
CVE-2025-22066,Linux
CVE-2025-22067,Linux
CVE-2025-22068,Linux
CVE-2025-22069,Linux
CVE-2025-22070,Linux
CVE-2025-22071,Linux
CVE-2025-22072,Linux
CVE-2025-22073,Linux
CVE-2025-22074,Linux
CVE-2025-22075,Linux
CVE-2025-22076,Linux
CVE-2025-22077,Linux
CVE-2025-22078,Linux
CVE-2025-22079,Linux
CVE-2025-22080,Linux
CVE-2025-22081,Linux
CVE-2025-22082,Linux
CVE-2025-22083,Linux
CVE-2025-22084,Linux
CVE-2025-22085,Linux
CVE-2025-22086,Linux
CVE-2025-22087,Linux
CVE-2025-22088,Linux
CVE-2025-22089,Linux
CVE-2025-22090,Linux
CVE-2025-22091,Linux
CVE-2025-22092,Linux
CVE-2025-22093,Linux
CVE-2025-22094,Linux
CVE-2025-22095,Linux
CVE-2025-22096,Linux
CVE-2025-22097,Linux
CVE-2025-22098,Linux
CVE-2025-22099,Linux
CVE-2025-22100,Linux
CVE-2025-22101,Linux
CVE-2025-22102,Linux
CVE-2025-22103,Linux
CVE-2025-22104,Linux
CVE-2025-22105,Linux
CVE-2025-22106,Linux
CVE-2025-22107,Linux
CVE-2025-22108,Linux
CVE-2025-22109,Linux
CVE-2025-22110,Linux
CVE-2025-22111,Linux
CVE-2025-22112,Linux
CVE-2025-22113,Linux
CVE-2025-22114,Linux
CVE-2025-22115,Linux
CVE-2025-22116,Linux
CVE-2025-22117,Linux
CVE-2025-22118,Linux
CVE-2025-22119,Linux
CVE-2025-22120,Linux
CVE-2025-22121,Linux
CVE-2025-22122,Linux
CVE-2025-22123,Linux
CVE-2025-22124,Linux
CVE-2025-22125,Linux
CVE-2025-22126,Linux
CVE-2025-22127,Linux
CVE-2025-22128,Linux
CVE-2025-22129,Enalean
CVE-2025-22130,charmbracelet
CVE-2025-22131,PHPOffice
CVE-2025-22132,nilsonLazarin
CVE-2025-22133,nilsonLazarin
CVE-2025-22134,vim
CVE-2025-22136,Eugeny
CVE-2025-22137,stonith404
CVE-2025-22138,codidact
CVE-2025-22139,nilsonLazarin
CVE-2025-22140,nilsonLazarin
CVE-2025-22141,nilsonLazarin
CVE-2025-22142,NamelessMC
CVE-2025-22143,LabRedesCefetRJ
CVE-2025-22144,NamelessMC
CVE-2025-22145,CarbonPHP
CVE-2025-22146,getsentry
CVE-2025-22149,MicahParks
CVE-2025-22150,nodejs
CVE-2025-22151,strawberry-graphql
CVE-2025-22152,Atheos
CVE-2025-22153,zopefoundation
CVE-2025-22157,Atlassian
CVE-2025-22165,Atlassian
CVE-2025-22166,Atlassian
CVE-2025-22167,Atlassian
CVE-2025-22168,Atlassian
CVE-2025-22169,Atlassian
CVE-2025-22170,Atlassian
CVE-2025-22171,Atlassian
CVE-2025-22172,Atlassian
CVE-2025-22173,Atlassian
CVE-2025-22174,Atlassian
CVE-2025-22175,Atlassian
CVE-2025-22176,Atlassian
CVE-2025-22177,Atlassian
CVE-2025-22178,Atlassian
CVE-2025-22204,regularlabs.com
CVE-2025-22205,www.admiror-design-studio.com
CVE-2025-22206,joomsky.com
CVE-2025-22207,Joomla! Project
CVE-2025-22208,joomsky.com
CVE-2025-22209,joomsky.com
CVE-2025-22210,hikashop.com
CVE-2025-22211,webdesigner-profi.de
CVE-2025-22212,tassos.gr
CVE-2025-22213,Joomla! Project
CVE-2025-22215,VMware
CVE-2025-22216,Cloud Foundry
CVE-2025-22218,VMware
CVE-2025-22219,VMware
CVE-2025-22220,VMware
CVE-2025-22221,VMware
CVE-2025-22222,VMware
CVE-2025-22223,Spring
CVE-2025-22224,VMware
CVE-2025-22227,VMware
CVE-2025-22228,Spring
CVE-2025-22231,VMware
CVE-2025-22232,Spring
CVE-2025-22233,Spring
CVE-2025-22234,Spring
CVE-2025-22235,Spring
CVE-2025-22236,VMware
CVE-2025-22237,VMware
CVE-2025-22238,VMware
CVE-2025-22239,VMware
CVE-2025-22240,VMware
CVE-2025-22241,VMware
CVE-2025-22242,VMware
CVE-2025-22243,VMware
CVE-2025-22244,VMware
CVE-2025-22245,VMware
CVE-2025-22246,Cloud Foundry
CVE-2025-22248,VMware
CVE-2025-22249,VMware
CVE-2025-22251,Fortinet
CVE-2025-22252,Fortinet
CVE-2025-22254,Fortinet
CVE-2025-22256,Fortinet
CVE-2025-22258,Fortinet
CVE-2025-22260,Marcus (aka @msykes)
CVE-2025-22261,Marcus (aka @msykes)
CVE-2025-22262,WittyFolk
CVE-2025-22263,NotFound
CVE-2025-22264,Patel
CVE-2025-22265,mgplugin
CVE-2025-22267,wpweaver
CVE-2025-22268,Uncanny Owl
CVE-2025-22269,ShapedPlugin LLC
CVE-2025-22270,CyberArk
CVE-2025-22271,CyberArk
CVE-2025-22272,CyberArk
CVE-2025-22273,CyberArk
CVE-2025-22274,CyberArk
CVE-2025-22275,iTerm2
CVE-2025-22276,enguerranws
CVE-2025-22277,appsbd
CVE-2025-22278,yudleethemes
CVE-2025-22279,Crocoblock
CVE-2025-22280,revmakx
CVE-2025-22281,joshix
CVE-2025-22282,keksdieb
CVE-2025-22283,Riyaz
CVE-2025-22284,enituretechnology
CVE-2025-22285,enituretechnology
CVE-2025-22286,enituretechnology
CVE-2025-22287,enituretechnology
CVE-2025-22288,WPMU DEV - Your All-in-One WordPress Platform
CVE-2025-22289,enituretechnology
CVE-2025-22290,enituretechnology
CVE-2025-22291,enituretechnology
CVE-2025-22292,Felipe Peixoto
CVE-2025-22293,gutentor
CVE-2025-22294,theme funda
CVE-2025-22295,Tripetto
CVE-2025-22296,hashthemes
CVE-2025-22297,aipost
CVE-2025-22298,Hive Support
CVE-2025-22299,Space Codes
CVE-2025-22300,PixelYourSite
CVE-2025-22301,zookatron
CVE-2025-22302,WP Grids
CVE-2025-22303,brandtoss
CVE-2025-22304,osama.esh
CVE-2025-22305,Essential Plugin
CVE-2025-22306,Spencer Haws
CVE-2025-22307,Saiful Islam
CVE-2025-22308,Takashi Kitajima
CVE-2025-22309,RopeSwingHld
CVE-2025-22310,marsian
CVE-2025-22311,DeluxeThemes
CVE-2025-22312,ThimPress
CVE-2025-22313,OTWthemes
CVE-2025-22314,WP Scripts
CVE-2025-22315,WPDeveloper
CVE-2025-22316,wpbits
CVE-2025-22317,Gallery Ape
CVE-2025-22318,enituretechnology
CVE-2025-22319,DearHive
CVE-2025-22320,ProductDyno
CVE-2025-22321,TheInnovs
CVE-2025-22322,DeluxeThemes
CVE-2025-22323,Liton Arefin
CVE-2025-22324,Andon Ivanov
CVE-2025-22325,nchankov
CVE-2025-22326,5centsCDN
CVE-2025-22327,Olaf Lederer
CVE-2025-22328,Elevio by Dixa
CVE-2025-22329,Agile Logix
CVE-2025-22330,Mahesh Waghmare
CVE-2025-22331,P3JX
CVE-2025-22332,shanaver
CVE-2025-22333,piotnetdotcom
CVE-2025-22334,FilaThemes
CVE-2025-22335,rajib.dewan
CVE-2025-22336,Amos Lee（一刀）
CVE-2025-22337,infosoftplugin
CVE-2025-22338,lich_wang
CVE-2025-22339,athemeart
CVE-2025-22340,Think201
CVE-2025-22341,parswp
CVE-2025-22342,Jenst
CVE-2025-22343,koter84
CVE-2025-22344,timmcdaniels
CVE-2025-22345,tsinf
CVE-2025-22346,Faizaan Gagan
CVE-2025-22347,bannersky
CVE-2025-22348,rtowebsites
CVE-2025-22349,WP Marka
CVE-2025-22350,WpIndeed
CVE-2025-22351,penguinarts
CVE-2025-22352,ELEXtensions
CVE-2025-22353,bvads
CVE-2025-22354,Code Themes
CVE-2025-22355,asokaaso2
CVE-2025-22356,Stencies
CVE-2025-22357,wpdever
CVE-2025-22358,Simone Marcon
CVE-2025-22359,pjfc
CVE-2025-22360,promact
CVE-2025-22361,Opentracker
CVE-2025-22362,Daniel Bakovic
CVE-2025-22363,Hermann LAHAMI
CVE-2025-22364,Service Shogun
CVE-2025-22365,Eric McNiece
CVE-2025-22366,Mennekes
CVE-2025-22367,Mennekes
CVE-2025-22368,Mennekes
CVE-2025-22369,Mennekes
CVE-2025-22370,Mennekes
CVE-2025-22371,SicommNet
CVE-2025-22372,SicommNet
CVE-2025-22373,SicommNet
CVE-2025-22374,Videx Inc.
CVE-2025-22375,Videx Inc.
CVE-2025-22394,Dell
CVE-2025-22395,Dell
CVE-2025-22397,Dell
CVE-2025-22398,Dell
CVE-2025-22399,Dell
CVE-2025-22402,Dell
CVE-2025-22403,Google
CVE-2025-22404,Google
CVE-2025-22405,Google
CVE-2025-22406,Google
CVE-2025-22407,Google
CVE-2025-22408,Google
CVE-2025-22409,Google
CVE-2025-22410,Google
CVE-2025-22411,Google
CVE-2025-22412,Google
CVE-2025-22413,Google
CVE-2025-22414,Google
CVE-2025-22415,Google
CVE-2025-22416,Google
CVE-2025-22417,Google
CVE-2025-22418,Google
CVE-2025-22419,Google
CVE-2025-22420,Google
CVE-2025-22421,Google
CVE-2025-22422,Google
CVE-2025-22423,Google
CVE-2025-22424,Google
CVE-2025-22425,Google
CVE-2025-22426,Google
CVE-2025-22427,Google
CVE-2025-22428,Google
CVE-2025-22429,Google
CVE-2025-22430,Google
CVE-2025-22431,Google
CVE-2025-22432,Google
CVE-2025-22433,Google
CVE-2025-22434,Google
CVE-2025-22435,Google
CVE-2025-22437,Google
CVE-2025-22438,Google
CVE-2025-22439,Google
CVE-2025-22441,Google
CVE-2025-22442,Google
CVE-2025-22443,OpenHarmony
CVE-2025-22445,Mattermost
CVE-2025-22447,"RSUPPORT Co.,Ltd."
CVE-2025-22449,Mattermost
CVE-2025-22450,"I-O DATA DEVICE, INC."
CVE-2025-22452,OpenHarmony
CVE-2025-22454,Ivanti
CVE-2025-22455,Ivanti
CVE-2025-22457,Ivanti
CVE-2025-22458,Ivanti
CVE-2025-22459,Ivanti
CVE-2025-22460,Ivanti
CVE-2025-22461,Ivanti
CVE-2025-22462,Ivanti
CVE-2025-22463,Ivanti
CVE-2025-22464,Ivanti
CVE-2025-22465,Ivanti
CVE-2025-22466,Ivanti
CVE-2025-22467,Ivanti
CVE-2025-22469,SATO Corporation
CVE-2025-22470,SATO Corporation
CVE-2025-22471,Dell
CVE-2025-22472,Dell
CVE-2025-22473,Dell
CVE-2025-22474,Dell
CVE-2025-22475,Dell
CVE-2025-22476,Dell
CVE-2025-22477,Dell
CVE-2025-22478,Dell
CVE-2025-22479,Dell
CVE-2025-22480,Dell
CVE-2025-22481,QNAP Systems Inc.
CVE-2025-22482,QNAP Systems Inc.
CVE-2025-22483,QNAP Systems Inc.
CVE-2025-22484,QNAP Systems Inc.
CVE-2025-22486,QNAP Systems Inc.
CVE-2025-22490,QNAP Systems Inc.
CVE-2025-22491,Eaton
CVE-2025-22492,Eaton
CVE-2025-22493,Eaton
CVE-2025-22495,Eaton
CVE-2025-22496,MarMar8x
CVE-2025-22497,bramwaas
CVE-2025-22498,N3wNormal
CVE-2025-22499,FAKTOR VIER
CVE-2025-22500,Ali Ali
CVE-2025-22501,Improve My City
CVE-2025-22502,Mindvalley
CVE-2025-22503,digitalzoomstudio
CVE-2025-22504,jumpdemand
CVE-2025-22505,Crispweb
CVE-2025-22506,Smart Agenda
CVE-2025-22507,iDo8p
CVE-2025-22508,roninwp
CVE-2025-22509,TMRW-studio
CVE-2025-22510,kkarpieszuk
CVE-2025-22511,Ella Van Durpe
CVE-2025-22512,BoldGrid
CVE-2025-22513,Kyle Phillips
CVE-2025-22514,Yamna Khawaja
CVE-2025-22515,Simon
CVE-2025-22516,hpinfosys
CVE-2025-22517,Ben Huson
CVE-2025-22518,PluginsPoint
CVE-2025-22519,jerodmoore
CVE-2025-22520,Tock
CVE-2025-22521,Scott Farrell
CVE-2025-22522,roya khosravi
CVE-2025-22523,scheduler
CVE-2025-22524,formafzar
CVE-2025-22525,Bharat Kambariya
CVE-2025-22526,mywebtonet
CVE-2025-22527,Yamna Khawaja
CVE-2025-22528,Huurkalender.nl
CVE-2025-22529,wordpresteem
CVE-2025-22530,PORTONE
CVE-2025-22531,M Bilal M
CVE-2025-22532,snagysandor
CVE-2025-22533,bulktheme
CVE-2025-22534,Ella Van Durpe
CVE-2025-22535,jonkern
CVE-2025-22536,hiren.sabd
CVE-2025-22537,traveller11
CVE-2025-22538,Ofek Nakar
CVE-2025-22539,ka2
CVE-2025-22540,seballero
CVE-2025-22541,etruel
CVE-2025-22542,Ofek Nakar
CVE-2025-22543,beautifultemplates
CVE-2025-22544,Mind Doodle
CVE-2025-22545,sw.galati
CVE-2025-22546,Obaid Hossain
CVE-2025-22547,jaykrishnang
CVE-2025-22548,frankkoenen
CVE-2025-22549,seinoxygen
CVE-2025-22550,Joe Rhoney
CVE-2025-22551,albedo0
CVE-2025-22552,bnielsen
CVE-2025-22553,dhananjaysingh
CVE-2025-22554,fdfranklin06
CVE-2025-22555,njshofe
CVE-2025-22556,WP CMS Ninja
CVE-2025-22557,cdowp
CVE-2025-22558,Marcus C. J. Hartmann
CVE-2025-22559,tubepress
CVE-2025-22560,saoshyant1994
CVE-2025-22561,kbowson
CVE-2025-22562,kbowson
CVE-2025-22563,faaiq
CVE-2025-22564,faaiq
CVE-2025-22565,Bill Zimmerman
CVE-2025-22566,extendyourweb
CVE-2025-22567,trustist
CVE-2025-22568,arete-it
CVE-2025-22569,GrandSlambert
CVE-2025-22570,mdjekic
CVE-2025-22571,instabot
CVE-2025-22572,Brian
CVE-2025-22573,copist
CVE-2025-22574,Cleanshooter
CVE-2025-22575,extendyourweb
CVE-2025-22576,Marcus Downing
CVE-2025-22577,Damion Armentrout
CVE-2025-22578,aazztech
CVE-2025-22579,Arefly
CVE-2025-22580,Auto IT
CVE-2025-22581,Bytephp
CVE-2025-22582,Scott Nelle
CVE-2025-22583,anshulsojatia
CVE-2025-22584,PluginsPoint
CVE-2025-22585,themebon
CVE-2025-22586,dstoever
CVE-2025-22587,Atanas Krachev
CVE-2025-22588,intelligence_lab
CVE-2025-22589,bozdoz
CVE-2025-22590,mmrs151
CVE-2025-22591,8blocks
CVE-2025-22592,8blocks
CVE-2025-22593,burria
CVE-2025-22594,hccoder
CVE-2025-22595,Yamna Khawaja
CVE-2025-22596,LabRedesCefetRJ
CVE-2025-22597,LabRedesCefetRJ
CVE-2025-22598,LabRedesCefetRJ
CVE-2025-22599,LabRedesCefetRJ
CVE-2025-22600,LabRedesCefetRJ
CVE-2025-22601,discourse
CVE-2025-22602,discourse
CVE-2025-22603,Significant-Gravitas
CVE-2025-22604,Cacti
CVE-2025-22605,coollabsio
CVE-2025-22606,coollabsio
CVE-2025-22607,coollabsio
CVE-2025-22608,coollabsio
CVE-2025-22609,coollabsio
CVE-2025-22610,coollabsio
CVE-2025-22611,coollabsio
CVE-2025-22612,coollabsio
CVE-2025-22613,LabRedesCefetRJ
CVE-2025-22614,LabRedesCefetRJ
CVE-2025-22615,LabRedesCefetRJ
CVE-2025-22616,LabRedesCefetRJ
CVE-2025-22617,LabRedesCefetRJ
CVE-2025-22618,LabRedesCefetRJ
CVE-2025-22619,LabRedesCefetRJ
CVE-2025-22620,GitoxideLabs
CVE-2025-22621,Splunk
CVE-2025-22622,Age Checker
CVE-2025-22623,Ad Inserter
CVE-2025-22624,bradvin
CVE-2025-22628,FolioVision
CVE-2025-22629,iNET
CVE-2025-22630,Marketing Fire
CVE-2025-22631,vbout
CVE-2025-22632,totalsoft
CVE-2025-22633,StellarWP
CVE-2025-22634,MD Abu Jubayer Hossain
CVE-2025-22635,imithemes
CVE-2025-22636,Vicente Ruiz Gálvez
CVE-2025-22637,verkkovaraani
CVE-2025-22638,acowebs
CVE-2025-22639,Techspawn
CVE-2025-22640,integrationdevpaytm
CVE-2025-22641,Prem Tiwari
CVE-2025-22642,rtowebsites
CVE-2025-22643,famethemes
CVE-2025-22644,ThemeHunk
CVE-2025-22645,Rameez Iqbal
CVE-2025-22646,Syed Balkhi
CVE-2025-22647,"Smackcoders Inc.,"
CVE-2025-22648,Plugin Devs
CVE-2025-22649,weDevs
CVE-2025-22650,Erez Hadas-Sonnenschein
CVE-2025-22651,wppluginboxdev
CVE-2025-22652,kendysond
CVE-2025-22653,tuyennv
CVE-2025-22654,kodeshpa
CVE-2025-22655,Caio Web Dev
CVE-2025-22656,Oscar Alvarez
CVE-2025-22657,Vito Peleg
CVE-2025-22658,Listings for Appfolio
CVE-2025-22659,Themeisle
CVE-2025-22660,Wolfgang
CVE-2025-22661,vcita
CVE-2025-22662,SendPulse
CVE-2025-22663,videowhisper
CVE-2025-22664,Ays Pro
CVE-2025-22665,Shakeeb Sadikeen
CVE-2025-22667,Creative Werk Designs
CVE-2025-22668,AwesomeTOGI
CVE-2025-22669,AwesomeTOGI
CVE-2025-22670,e4jvikwp
CVE-2025-22671,Leap13
CVE-2025-22672,SuitePlugins
CVE-2025-22673,WPFactory
CVE-2025-22674,Get Bowtied
CVE-2025-22675,bPlugins
CVE-2025-22676,upcasted
CVE-2025-22677,UIUX Lab
CVE-2025-22678,mythemes
CVE-2025-22679,PickPlugins
CVE-2025-22680,NotFound
CVE-2025-22681,Xfinitysoft
CVE-2025-22682,Saeed Sattar Beglou
CVE-2025-22683,WPDeveloper
CVE-2025-22684,Hakan Ozevin
CVE-2025-22685,CheGevara29
CVE-2025-22686,WesternDeal
CVE-2025-22687,Asmedia
CVE-2025-22688,Ederson Peka
CVE-2025-22689,Levan Tarbor
CVE-2025-22690,DigiTimber
CVE-2025-22691,WP Travel
CVE-2025-22692,rachanaS
CVE-2025-22693,Wasiliy Strecker / ContestGallery developer
CVE-2025-22694,Dotstore
CVE-2025-22695,NirWp Team
CVE-2025-22696,WPDeveloper
CVE-2025-22697,CyberChimps
CVE-2025-22698,"Ability, Inc"
CVE-2025-22699,shinetheme
CVE-2025-22700,shinetheme
CVE-2025-22701,shinetheme
CVE-2025-22702,ThemeGoods
CVE-2025-22703,manuelvicedo
CVE-2025-22704,Abinav Thakuri
CVE-2025-22705,godthor
CVE-2025-22706,iova.mihai
CVE-2025-22707,ThemeMove
CVE-2025-22708,ThemeMove
CVE-2025-22709,Soft8Soft LLC
CVE-2025-22710,storeapps
CVE-2025-22711,Thomas Maier
CVE-2025-22712,QantumThemes
CVE-2025-22713,vanquish
CVE-2025-22714,MDJM
CVE-2025-22715,loopus
CVE-2025-22716,taskbuilder
CVE-2025-22717,Joe Dolson
CVE-2025-22718,roninwp
CVE-2025-22719,e4jvikwp
CVE-2025-22720,magepeopleteam
CVE-2025-22721,Farhan Noor
CVE-2025-22722,Marketing Fire
CVE-2025-22723,"Dmitry V. (CEO of ""UKR Solution"")"
CVE-2025-22724,MojofyWP
CVE-2025-22725,loopus
CVE-2025-22726,_nK
CVE-2025-22727,PluginOps
CVE-2025-22728,AmentoTech
CVE-2025-22729,Infomaniak Network
CVE-2025-22730,ksher thailand
CVE-2025-22731,silverplugins217
CVE-2025-22732,Admiral
CVE-2025-22733,wphocus
CVE-2025-22734,"Data443 Risk Mitigation, Inc."
CVE-2025-22735,Steve Burge
CVE-2025-22736,Saad Iqbal
CVE-2025-22737,magepeopleteam
CVE-2025-22738,Alimir
CVE-2025-22739,ThimPress
CVE-2025-22740,Automattic
CVE-2025-22741,RiceTheme
CVE-2025-22742,falldeaf
CVE-2025-22743,Mohsin Rasool
CVE-2025-22744,Seodev
CVE-2025-22745,bjoerne
CVE-2025-22746,zartis
CVE-2025-22747,tormorten
CVE-2025-22748,Setmore
CVE-2025-22749,ThemesCraft.co
CVE-2025-22750,Patel
CVE-2025-22751,farinspace
CVE-2025-22752,WesternDeal
CVE-2025-22753,turboSMTP
CVE-2025-22754,Berkman Klein Center
CVE-2025-22755,bavington
CVE-2025-22757,CodeBard
CVE-2025-22758,Harnani
CVE-2025-22759,BoldGrid
CVE-2025-22760,CodeBard
CVE-2025-22761,Olaf Lederer
CVE-2025-22762,Octrace
CVE-2025-22763,NotFound
CVE-2025-22764,vipul Jariwala
CVE-2025-22765,weiluri
CVE-2025-22766,Masoud Amini
CVE-2025-22767,Global Payments
CVE-2025-22768,JinHan Park
CVE-2025-22769,Creative Brahma
CVE-2025-22770,EnvoThemes
CVE-2025-22771,Studio Hyperset
CVE-2025-22772,stephanemartinw
CVE-2025-22773,WP Chill
CVE-2025-22774,CRUDLab
CVE-2025-22775,idiatech
CVE-2025-22776,codebycarter
CVE-2025-22777,StellarWP
CVE-2025-22778,damniel
CVE-2025-22779,codeaffairs
CVE-2025-22780,Andrey
CVE-2025-22781,Nativery
CVE-2025-22782,Web Ready Now
CVE-2025-22783,SEO Squirrly
CVE-2025-22784,swedish boy
CVE-2025-22785,ComMotion
CVE-2025-22786,Element Invader
CVE-2025-22787,bPlugins
CVE-2025-22788,"Codexpert, Inc"
CVE-2025-22789,fyrewurks
CVE-2025-22790,asmedia
CVE-2025-22791,twh
CVE-2025-22792,jinwen
CVE-2025-22793,Bold
CVE-2025-22794,ianhaycox
CVE-2025-22795,digitaldonkey
CVE-2025-22796,platcom
CVE-2025-22797,Oğulcan Özügenç
CVE-2025-22798,CHR Designer
CVE-2025-22799,vertim
CVE-2025-22800,Saad Iqbal
CVE-2025-22801,HasThemes
CVE-2025-22802,add-ons.org
CVE-2025-22803,VillaTheme
CVE-2025-22804,Paul Bearne
CVE-2025-22805,Themepoints
CVE-2025-22806,Modernaweb Studio
CVE-2025-22807,Robert
CVE-2025-22808,Surbma
CVE-2025-22809,theme funda
CVE-2025-22810,Phi Phan
CVE-2025-22811,Cristian Stan
CVE-2025-22812,Aezaz Shaikh
CVE-2025-22813,QuantumCloud
CVE-2025-22814,Dylan James
CVE-2025-22815,bPlugins
CVE-2025-22816,codetrendy
CVE-2025-22817,Venutius
CVE-2025-22818,S3Bubble
CVE-2025-22819,Roberto Bottalico
CVE-2025-22820,goldsounds
CVE-2025-22821,vfthemes
CVE-2025-22822,bishawjit-das
CVE-2025-22823,jtwerdy
CVE-2025-22824,lucia.intelisano
CVE-2025-22825,wpdesk
CVE-2025-22826,wpecommerce
CVE-2025-22827,joomag
CVE-2025-22828,Apache Software Foundation
CVE-2025-22829,Apache Software Foundation
CVE-2025-22830,AMI
CVE-2025-22831,AMI
CVE-2025-22832,AMI
CVE-2025-22833,AMI
CVE-2025-22834,AMI
CVE-2025-22835,OpenHarmony
CVE-2025-22837,OpenHarmony
CVE-2025-22841,OpenHarmony
CVE-2025-22842,OpenHarmony
CVE-2025-22846,F5
CVE-2025-22847,OpenHarmony
CVE-2025-22851,OpenHarmony
CVE-2025-22854,Ping Identity
CVE-2025-22855,Fortinet
CVE-2025-22859,Fortinet
CVE-2025-22862,Fortinet
CVE-2025-22865,Go standard library
CVE-2025-22866,Go standard library
CVE-2025-22867,Go toolchain
CVE-2025-22868,golang.org/x/oauth2
CVE-2025-22869,golang.org/x/crypto
CVE-2025-22870,Go standard library
CVE-2025-22870,golang.org/x/net
CVE-2025-22871,Go standard library
CVE-2025-22872,golang.org/x/net
CVE-2025-22873,Go standard library
CVE-2025-22874,Go standard library
CVE-2025-22880,Delta Electronics
CVE-2025-22881,Delta Electronics
CVE-2025-22882,Delta Electronics
CVE-2025-22883,Delta Electronics
CVE-2025-22884,Delta Electronics
CVE-2025-22886,OpenHarmony
CVE-2025-22888,Six Apart Ltd.
CVE-2025-22890,Humming Heads Inc.
CVE-2025-22891,F5
CVE-2025-22894,Humming Heads Inc.
CVE-2025-22896,mySCADA
CVE-2025-22897,OpenHarmony
CVE-2025-22954,Koha
CVE-2025-22963,Sismics
CVE-2025-23006,SonicWall
CVE-2025-23007,SonicWall
CVE-2025-23008,SonicWall
CVE-2025-23009,SonicWall
CVE-2025-23010,SonicWall
CVE-2025-23011,Fedora Repository
CVE-2025-23012,Fedora Repository
CVE-2025-23013,Yubico
CVE-2025-23015,Apache Software Foundation
CVE-2025-23016,FastCGI
CVE-2025-23017,WorkOS
CVE-2025-23018,IETF
CVE-2025-23019,IETF
CVE-2025-23020,ptrd
CVE-2025-23022,FreeType
CVE-2025-23023,discourse
CVE-2025-23024,glpi-project
CVE-2025-23025,xwiki
CVE-2025-23026,casid
CVE-2025-23027,haydenbleasel
CVE-2025-23028,cilium
CVE-2025-23030,LabRedesCefetRJ
CVE-2025-23031,LabRedesCefetRJ
CVE-2025-23032,LabRedesCefetRJ
CVE-2025-23033,LabRedesCefetRJ
CVE-2025-23034,LabRedesCefetRJ
CVE-2025-23035,LabRedesCefetRJ
CVE-2025-23036,LabRedesCefetRJ
CVE-2025-23037,LabRedesCefetRJ
CVE-2025-23038,LabRedesCefetRJ
CVE-2025-23039,caido
CVE-2025-23040,desktop
CVE-2025-23041,umbraco
CVE-2025-23042,gradio-app
CVE-2025-23044,pwndoc
CVE-2025-23045,cvat-ai
CVE-2025-23046,glpi-project
CVE-2025-23047,cilium
CVE-2025-23048,Apache Software Foundation
CVE-2025-23049,Materialise
CVE-2025-23050,Qt
CVE-2025-23051,Hewlett Packard Enterprise (HPE)
CVE-2025-23052,Hewlett Packard Enterprise (HPE)
CVE-2025-23053,Hewlett Packard Enterprise (HPE)
CVE-2025-23054,Hewlett Packard Enterprise (HPE)
CVE-2025-23055,Hewlett Packard Enterprise (HPE)
CVE-2025-23056,Hewlett Packard Enterprise (HPE)
CVE-2025-23057,Hewlett Packard Enterprise (HPE)
CVE-2025-23058,Hewlett Packard Enterprise (HPE)
CVE-2025-23059,Hewlett Packard Enterprise (HPE)
CVE-2025-23060,Hewlett Packard Enterprise (HPE)
CVE-2025-23061,mongoosejs
CVE-2025-23072,Wikimedia Foundation
CVE-2025-23073,Wikimedia Foundation
CVE-2025-23074,Wikimedia Foundation
CVE-2025-23078,Wikimedia Foundation
CVE-2025-23079,Wikimedia Foundation
CVE-2025-23080,Wikimedia Foundation
CVE-2025-23081,Wikimedia Foundation
CVE-2025-23082,Veeam
CVE-2025-23083,NodeJS
CVE-2025-23084,NodeJS
CVE-2025-23085,NodeJS
CVE-2025-23086,Brave
CVE-2025-23091,Ubiquiti Inc
CVE-2025-23108,Mozilla
CVE-2025-23109,Mozilla
CVE-2025-23110,Vanderbilt
CVE-2025-23111,Vanderbilt
CVE-2025-23112,Vanderbilt
CVE-2025-23113,Vanderbilt
CVE-2025-23114,Veeam
CVE-2025-23115,Ubiquiti Inc
CVE-2025-23116,Ubiquiti Inc
CVE-2025-23117,Ubiquiti Inc
CVE-2025-23118,Ubiquiti Inc
CVE-2025-23119,Ubiquiti Inc
CVE-2025-23120,Veeam
CVE-2025-23121,Veeam
CVE-2025-23123,Ubiquiti Inc
CVE-2025-23129,Linux
CVE-2025-23130,Linux
CVE-2025-23131,Linux
CVE-2025-23132,Linux
CVE-2025-23133,Linux
CVE-2025-23134,Linux
CVE-2025-23135,Linux
CVE-2025-23136,Linux
CVE-2025-23137,Linux
CVE-2025-23138,Linux
CVE-2025-23140,Linux
CVE-2025-23141,Linux
CVE-2025-23142,Linux
CVE-2025-23143,Linux
CVE-2025-23144,Linux
CVE-2025-23145,Linux
CVE-2025-23146,Linux
CVE-2025-23147,Linux
CVE-2025-23148,Linux
CVE-2025-23149,Linux
CVE-2025-23150,Linux
CVE-2025-23151,Linux
CVE-2025-23152,Linux
CVE-2025-23153,Linux
CVE-2025-23154,Linux
CVE-2025-23155,Linux
CVE-2025-23156,Linux
CVE-2025-23157,Linux
CVE-2025-23158,Linux
CVE-2025-23159,Linux
CVE-2025-23160,Linux
CVE-2025-23161,Linux
CVE-2025-23162,Linux
CVE-2025-23163,Linux
CVE-2025-23164,Ubiquiti Inc
CVE-2025-23165,nodejs
CVE-2025-23166,nodejs
CVE-2025-23167,nodejs
CVE-2025-23168,Versa
CVE-2025-23169,Versa
CVE-2025-23170,Versa
CVE-2025-23171,Versa
CVE-2025-23172,Versa
CVE-2025-23173,Versa
CVE-2025-23174,Yoel Geva
CVE-2025-23175,Tecnick
CVE-2025-23176,Tecnick
CVE-2025-23177,Ribbon Communications
CVE-2025-23178,Ribbon Communications
CVE-2025-23179,Ribbon Communications
CVE-2025-23180,Ribbon Communications
CVE-2025-23181,Ribbon Communications
CVE-2025-23182,UBtech
CVE-2025-23183,UBtech
CVE-2025-23184,Apache Software Foundation
CVE-2025-23185,SAP_SE
CVE-2025-23186,SAP_SE
CVE-2025-23187,SAP_SE
CVE-2025-23188,SAP_SE
CVE-2025-23189,SAP_SE
CVE-2025-23190,SAP_SE
CVE-2025-23191,SAP_SE
CVE-2025-23192,SAP_SE
CVE-2025-23193,SAP_SE
CVE-2025-23194,SAP_SE
CVE-2025-23195,Apache Software Foundation
CVE-2025-23196,Apache Software Foundation
CVE-2025-23197,matrix-org
CVE-2025-23198,librenms
CVE-2025-23199,librenms
CVE-2025-23200,librenms
CVE-2025-23201,librenms
CVE-2025-23202,devycreates
CVE-2025-23203,Icinga
CVE-2025-23204,api-platform
CVE-2025-23205,jupyter
CVE-2025-23206,aws
CVE-2025-23207,KaTeX
CVE-2025-23208,project-zot
CVE-2025-23209,craftcms
CVE-2025-23210,PHPOffice
CVE-2025-23211,TandoorRecipes
CVE-2025-23212,TandoorRecipes
CVE-2025-23213,TandoorRecipes
CVE-2025-23214,azukaar
CVE-2025-23215,pmd
CVE-2025-23216,argoproj
CVE-2025-23217,mitmproxy
CVE-2025-23218,LabRedesCefetRJ
CVE-2025-23219,LabRedesCefetRJ
CVE-2025-23220,LabRedesCefetRJ
CVE-2025-23221,dahlia
CVE-2025-23222,Deepin
CVE-2025-23225,IBM
CVE-2025-23227,IBM
CVE-2025-23234,OpenHarmony
CVE-2025-23235,OpenHarmony
CVE-2025-23236,Humming Heads Inc.
CVE-2025-23237,"I-O DATA DEVICE, INC."
CVE-2025-23239,F5
CVE-2025-23240,OpenHarmony
CVE-2025-23242,NVIDIA
CVE-2025-23243,NVIDIA
CVE-2025-23244,NVIDIA
CVE-2025-23245,NVIDIA
CVE-2025-23246,NVIDIA
CVE-2025-23247,NVIDIA
CVE-2025-23248,NVIDIA
CVE-2025-23249,NVIDIA
CVE-2025-23250,NVIDIA
CVE-2025-23251,NVIDIA
CVE-2025-23252,NVIDIA
CVE-2025-23253,NVIDIA
CVE-2025-23254,NVIDIA
CVE-2025-23255,NVIDIA
CVE-2025-23256,NVIDIA
CVE-2025-23257,NVIDIA
CVE-2025-23258,NVIDIA
CVE-2025-23259,NVIDIA
CVE-2025-23260,NVIDIA
CVE-2025-23261,NVIDIA
CVE-2025-23262,NVIDIA
CVE-2025-23263,NVIDIA
CVE-2025-23264,NVIDIA
CVE-2025-23265,NVIDIA
CVE-2025-23266,NVIDIA
CVE-2025-23267,NVIDIA
CVE-2025-23268,NVIDIA
CVE-2025-23269,NVIDIA
CVE-2025-23270,NVIDIA
CVE-2025-23271,NVIDIA
CVE-2025-23272,NVIDIA
CVE-2025-23273,NVIDIA
CVE-2025-23274,NVIDIA
CVE-2025-23275,NVIDIA
CVE-2025-23276,NVIDIA
CVE-2025-23277,NVIDIA
CVE-2025-23278,NVIDIA
CVE-2025-23279,NVIDIA
CVE-2025-23280,NVIDIA
CVE-2025-23281,NVIDIA
CVE-2025-23282,NVIDIA
CVE-2025-23283,NVIDIA
CVE-2025-23284,NVIDIA
CVE-2025-23285,NVIDIA
CVE-2025-23286,NVIDIA
CVE-2025-23287,NVIDIA
CVE-2025-23288,NVIDIA
CVE-2025-23289,NVIDIA
CVE-2025-23290,NVIDIA
CVE-2025-23291,NVIDIA
CVE-2025-23292,NVIDIA
CVE-2025-23293,NVIDIA
CVE-2025-23294,NVIDIA
CVE-2025-23295,NVIDIA
CVE-2025-23296,NVIDIA
CVE-2025-23297,NVIDIA
CVE-2025-23298,NVIDIA
CVE-2025-23299,NVIDIA
CVE-2025-23300,NVIDIA
CVE-2025-23301,NVIDIA
CVE-2025-23302,NVIDIA
CVE-2025-23303,NVIDIA
CVE-2025-23304,NVIDIA
CVE-2025-23305,NVIDIA
CVE-2025-23306,NVIDIA
CVE-2025-23307,NVIDIA
CVE-2025-23308,NVIDIA
CVE-2025-23309,NVIDIA
CVE-2025-23310,NVIDIA
CVE-2025-23311,NVIDIA
CVE-2025-23312,NVIDIA
CVE-2025-23313,NVIDIA
CVE-2025-23314,NVIDIA
CVE-2025-23315,NVIDIA
CVE-2025-23316,NVIDIA
CVE-2025-23317,NVIDIA
CVE-2025-23318,NVIDIA
CVE-2025-23319,NVIDIA
CVE-2025-23320,NVIDIA
CVE-2025-23321,NVIDIA
CVE-2025-23322,NVIDIA
CVE-2025-23323,NVIDIA
CVE-2025-23324,NVIDIA
CVE-2025-23325,NVIDIA
CVE-2025-23326,NVIDIA
CVE-2025-23327,NVIDIA
CVE-2025-23328,NVIDIA
CVE-2025-23329,NVIDIA
CVE-2025-23330,NVIDIA
CVE-2025-23331,NVIDIA
CVE-2025-23332,NVIDIA
CVE-2025-23333,NVIDIA
CVE-2025-23334,NVIDIA
CVE-2025-23335,NVIDIA
CVE-2025-23336,NVIDIA
CVE-2025-23337,NVIDIA
CVE-2025-23338,NVIDIA
CVE-2025-23339,NVIDIA
CVE-2025-23340,NVIDIA
CVE-2025-23342,NVIDIA
CVE-2025-23343,NVIDIA
CVE-2025-23344,NVIDIA
CVE-2025-23345,NVIDIA
CVE-2025-23346,NVIDIA
CVE-2025-23347,NVIDIA
CVE-2025-23348,NVIDIA
CVE-2025-23349,NVIDIA
CVE-2025-23350,NVIDIA
CVE-2025-23351,NVIDIA
CVE-2025-23352,NVIDIA
CVE-2025-23353,NVIDIA
CVE-2025-23354,NVIDIA
CVE-2025-23355,NVIDIA
CVE-2025-23356,NVIDIA
CVE-2025-23357,NVIDIA
CVE-2025-23358,NVIDIA
CVE-2025-23359,NVIDIA
CVE-2025-23360,NVIDIA
CVE-2025-23361,NVIDIA
CVE-2025-23362,Rodrigue
CVE-2025-23363,Siemens
CVE-2025-23364,Siemens
CVE-2025-23365,Siemens
CVE-2025-23366,Red Hat
CVE-2025-23367,Red Hat
CVE-2025-23368,Red Hat
CVE-2025-23369,GitHub
CVE-2025-23374,Dell
CVE-2025-23375,Dell
CVE-2025-23376,Dell
CVE-2025-23377,Dell
CVE-2025-23378,Dell
CVE-2025-23379,Dell
CVE-2025-23382,Dell
CVE-2025-23383,Dell
CVE-2025-23384,Siemens
CVE-2025-23385,JetBrains
CVE-2025-23386,SUSE
CVE-2025-23387,SUSE
CVE-2025-23388,SUSE
CVE-2025-23389,SUSE
CVE-2025-23391,SUSE
CVE-2025-23392,SUSE
CVE-2025-23393,SUSE
CVE-2025-23394,SUSE
CVE-2025-23396,Siemens
CVE-2025-23397,Siemens
CVE-2025-23398,Siemens
CVE-2025-23399,Siemens
CVE-2025-23400,Siemens
CVE-2025-23401,Siemens
CVE-2025-23402,Siemens
CVE-2025-23403,Siemens
CVE-2025-23405,Dario Health
CVE-2025-23406,"DMG MORI Digital Co., LTD. and NXTech Co., Ltd."
CVE-2025-23407,"Inaba Denki Sangyo Co., Ltd."
CVE-2025-23408,Apache Software Foundation
CVE-2025-23409,OpenHarmony
CVE-2025-23410,GMOD
CVE-2025-23411,mySCADA
CVE-2025-23412,F5
CVE-2025-23413,F5
CVE-2025-23414,OpenHarmony
CVE-2025-23415,F5
CVE-2025-23416,Keysight
CVE-2025-23417,Socomec
CVE-2025-23418,OpenHarmony
CVE-2025-23419,F5
CVE-2025-23420,OpenHarmony
CVE-2025-23421,Qardio
CVE-2025-23422,moaluko
CVE-2025-23423,"Smackcoders Inc.,"
CVE-2025-23424,bnovotny
CVE-2025-23425,marekki
CVE-2025-23426,Binesh Dobhal
CVE-2025-23427,David Anderson / Team Updraft
CVE-2025-23428,Arash Safari
CVE-2025-23429,altima-interactive
CVE-2025-23430,Oren Yomtov
CVE-2025-23431,khaninejad
CVE-2025-23432,AlTi5
CVE-2025-23433,jnwry
CVE-2025-23434,viher3
CVE-2025-23435,marcucci
CVE-2025-23436,capa
CVE-2025-23437,nord_tramper
CVE-2025-23438,Vincent Mimoun-Prat
CVE-2025-23439,willshouse
CVE-2025-23440,radicaldesigns
CVE-2025-23441,dkukral
CVE-2025-23442,mschertel
CVE-2025-23443,Claire Ryan
CVE-2025-23444,nasir179125
CVE-2025-23445,scottswezey
CVE-2025-23446,KokoenDE
CVE-2025-23447,Kundan Yevale
CVE-2025-23448,dastan800
CVE-2025-23449,davidpuc
CVE-2025-23450,agenwebsite
CVE-2025-23451,titodevera
CVE-2025-23452,EditionGuard
CVE-2025-23453,Myriad Solutionz
CVE-2025-23454,flashmaniac
CVE-2025-23455,Master Software Solutions
CVE-2025-23456,Oddthinking
CVE-2025-23457,shipdeoplugin
CVE-2025-23458,Rakessh
CVE-2025-23459,NsThemes
CVE-2025-23460,rhizomaticweb
CVE-2025-23461,xkollsoftware
CVE-2025-23462,Anil Jailta
CVE-2025-23463,Mukesh Dak
CVE-2025-23464,Keir Whitaker
CVE-2025-23465,magent
CVE-2025-23466,wpsiteeditor
CVE-2025-23467,vimal.ghorecha
CVE-2025-23468,wrenchpilot
CVE-2025-23469,sleekplan
CVE-2025-23470,xavsio4
CVE-2025-23471,etemplates
CVE-2025-23472,flexostudio
CVE-2025-23473,Punit Bhalodiya
CVE-2025-23474,Mike Martel
CVE-2025-23475,fireantology
CVE-2025-23476,isnowfy
CVE-2025-23477,realtyworkstation
CVE-2025-23478,cmsaccount
CVE-2025-23479,melascrivi
CVE-2025-23480,MicahBlu
CVE-2025-23481,Anzar Ahmed
CVE-2025-23482,azurecurve
CVE-2025-23483,hoyce
CVE-2025-23484,Cojecto
CVE-2025-23485,richestsoft
CVE-2025-23486,tamlyn
CVE-2025-23487,odihost
CVE-2025-23488,Abolfazl Sabagh
CVE-2025-23489,Brian Messenlehner
CVE-2025-23490,Michael Stursberg
CVE-2025-23491,Vikash Srivastava
CVE-2025-23492,CantonBolo
CVE-2025-23493,moallemi
CVE-2025-23494,binnyva
CVE-2025-23495,Chetan Khandla
CVE-2025-23496,husani
CVE-2025-23497,albdesign
CVE-2025-23498,ContentLocalized
CVE-2025-23499,Pascal Casier
CVE-2025-23500,faaiq
CVE-2025-23501,SpruceJoy
CVE-2025-23502,Ned
CVE-2025-23503,osolwordpress
CVE-2025-23504,RiceTheme
CVE-2025-23505,Pantho Bihosh
CVE-2025-23506,imsoftware
CVE-2025-23507,Blrt
CVE-2025-23508,OrigoThemes
CVE-2025-23509,siteheart
CVE-2025-23510,Jan Štětina
CVE-2025-23511,Stargazer
CVE-2025-23512,118group
CVE-2025-23513,jd7777
CVE-2025-23514,Sanjay Prasad
CVE-2025-23515,tsecher
CVE-2025-23516,brainvireinfo
CVE-2025-23517,sunil chaulagain
CVE-2025-23518,mrsaucier
CVE-2025-23519,Jas Saran
CVE-2025-23520,SecureSubmit
CVE-2025-23521,GoodLayers
CVE-2025-23522,Matthew Haines-Young
CVE-2025-23523,hoststreamsell
CVE-2025-23524,dactum
CVE-2025-23525,kvvaradha
CVE-2025-23526,SwiftCloud
CVE-2025-23527,hemnathmouli
CVE-2025-23528,Mosterd3d
CVE-2025-23529,blokhauswp
CVE-2025-23530,yonisink
CVE-2025-23531,davidfcarr
CVE-2025-23532,Regios
CVE-2025-23533,zetxek
CVE-2025-23534,Mark Winiarski
CVE-2025-23535,martin_ziegert
CVE-2025-23536,mndpsingh287
CVE-2025-23537,קידום ובניית אתרים
CVE-2025-23538,Sophia M Williams
CVE-2025-23539,surror
CVE-2025-23540,Mohsin Khan
CVE-2025-23541,edmon.parker
CVE-2025-23542,Robert D Payne
CVE-2025-23543,fomopay
CVE-2025-23544,heart5
CVE-2025-23545,Navnish Bhardwaj
CVE-2025-23546,Robert D Payne
CVE-2025-23547,shawfactor
CVE-2025-23548,Bilal TAS
CVE-2025-23549,agora32
CVE-2025-23550,Kemal YAZICI
CVE-2025-23551,razvypp
CVE-2025-23552,Yashar
CVE-2025-23553,David Cramer
CVE-2025-23554,Jakub Glos
CVE-2025-23555,chenyenming
CVE-2025-23556,netbitsolutions
CVE-2025-23557,Kathleen Malone
CVE-2025-23558,digitalfisherman
CVE-2025-23559,Stepan Stepasyuk
CVE-2025-23560,plumwd
CVE-2025-23561,robertkay
CVE-2025-23562,pitinca
CVE-2025-23563,mbyte
CVE-2025-23564,mohsenshahbazi
CVE-2025-23565,Chris Taylor
CVE-2025-23566,syedamirhussain91
CVE-2025-23567,Tamer Ziady
CVE-2025-23568,fredsted
CVE-2025-23569,Kelvin Ng
CVE-2025-23570,Mitchell Bundy
CVE-2025-23571,makong
CVE-2025-23572,Dave Konopka
CVE-2025-23573,sammyb
CVE-2025-23574,Jonathan Lau
CVE-2025-23575,DevriX
CVE-2025-23576,cfuze
CVE-2025-23577,Sourov Amin
CVE-2025-23578,Bastien Ho
CVE-2025-23579,digitalzoomstudio
CVE-2025-23580,Matthew
CVE-2025-23581,digitalzoomstudio
CVE-2025-23582,Haider Ali
CVE-2025-23583,Explara
CVE-2025-23584,arsh91
CVE-2025-23585,CantonBolo
CVE-2025-23586,MAL73049
CVE-2025-23587,Ashek Al Mahmud
CVE-2025-23588,baonguyenyam
CVE-2025-23589,markugwuanyi
CVE-2025-23590,Dezdy.com
CVE-2025-23591,blulogistics1
CVE-2025-23592,animexxx
CVE-2025-23593,kvvaradha
CVE-2025-23594,Uzzal Mondal
CVE-2025-23595,brainpulse
CVE-2025-23596,grafeon
CVE-2025-23597,sabareesha
CVE-2025-23598,craig.edmunds@gmail.com
CVE-2025-23599,Aarvansh Infotech
CVE-2025-23600,pinal.shah
CVE-2025-23601,patrice
CVE-2025-23602,Europe Ecologie Les Verts
CVE-2025-23603,MohammadJafar Khajeh
CVE-2025-23604,Maeve Lander
CVE-2025-23605,lampd
CVE-2025-23606,sebkay
CVE-2025-23607,Camoo Sarl
CVE-2025-23608,Omar Mohamed Mohamoud
CVE-2025-23609,Helle1
CVE-2025-23610,Tehsmash
CVE-2025-23611,webhue
CVE-2025-23612,Pixobe
CVE-2025-23613,mediabeta
CVE-2025-23614,niksudan
CVE-2025-23615,gtekelis
CVE-2025-23616,Steve
CVE-2025-23617,cybio
CVE-2025-23618,starise
CVE-2025-23619,Catch Themes
CVE-2025-23620,trof
CVE-2025-23621,algothemes
CVE-2025-23622,Sabuj Kundu
CVE-2025-23623,Mahesh Bisen
CVE-2025-23624,Alessandro Benoit
CVE-2025-23625,awcode
CVE-2025-23626,fukushima
CVE-2025-23627,frenchsquared
CVE-2025-23628,NewMediaOne
CVE-2025-23629,Subhasis Laha
CVE-2025-23630,Irshad A.Khan
CVE-2025-23631,Sarah Lewis
CVE-2025-23632,Rhizome Networks
CVE-2025-23633,khanhtruong
CVE-2025-23634,codehandling
CVE-2025-23635,mobde3net
CVE-2025-23636,Dimitar A.
CVE-2025-23637,fxy060608
CVE-2025-23638,Umesh Ghimire
CVE-2025-23639,Nazmul Ahsan
CVE-2025-23640,Nazmul Ahsan
CVE-2025-23641,PowieT
CVE-2025-23642,pflonk
CVE-2025-23643,a.ankit
CVE-2025-23644,justin.kuepper
CVE-2025-23645,Optimize Worldwide
CVE-2025-23646,Matt Brooks
CVE-2025-23647,Ariagle
CVE-2025-23648,wjharil
CVE-2025-23649,Kreg Steppe
CVE-2025-23650,razvypp
CVE-2025-23651,adamskaat
CVE-2025-23652,Fabio Zuanon
CVE-2025-23653,Nabeel Tahir
CVE-2025-23654,krolow
CVE-2025-23655,crystalwebpro
CVE-2025-23656,Saul Morales Pacheco
CVE-2025-23657,RusAlex
CVE-2025-23658,Tauhidul Alam
CVE-2025-23659,hernanjh
CVE-2025-23660,waltercerrudo
CVE-2025-23661,ryscript
CVE-2025-23662,ryscript
CVE-2025-23663,Adrian Vaquez
CVE-2025-23664,Real Seguro Viagem
CVE-2025-23665,Ravi Kumar Vanukuru
CVE-2025-23666,cxc-sawa
CVE-2025-23667,Christopher Churchill
CVE-2025-23668,Mauricio Urrego
CVE-2025-23669,Nurul Amin
CVE-2025-23670,montashov
CVE-2025-23671,sav
CVE-2025-23672,tenteeglobal
CVE-2025-23673,dkukral
CVE-2025-23674,andygauk
CVE-2025-23675,Sana Ullah
CVE-2025-23676,shawfactor
CVE-2025-23677,DSmidge
CVE-2025-23678,Md Imranur Rahman
CVE-2025-23679,Flourish Pixel
CVE-2025-23680,Narnoo
CVE-2025-23681,tahminajannat
CVE-2025-23682,Bhuvnesh Gupta
CVE-2025-23683,xdxdVSxdxd
CVE-2025-23684,Eugen Bobrowski
CVE-2025-23685,WebTechGlobal
CVE-2025-23686,phpdevca
CVE-2025-23687,simonhunter
CVE-2025-23688,editionskezzal
CVE-2025-23689,Poco
CVE-2025-23690,ArtkanMedia
CVE-2025-23691,Braulio Aquino
CVE-2025-23692,artanik
CVE-2025-23693,uosiu
CVE-2025-23694,shabboscommerce
CVE-2025-23695,kinlane
CVE-2025-23696,Ronan Mockett
CVE-2025-23697,webdeal
CVE-2025-23698,ivanra10
CVE-2025-23699,techmix
CVE-2025-23700,yonisink
CVE-2025-23701,limesquare
CVE-2025-23702,Schalk Burger
CVE-2025-23703,cstoltenkamp
CVE-2025-23704,Reuven Karasik
CVE-2025-23705,Terry Zielke
CVE-2025-23706,milordk
CVE-2025-23707,Matamko
CVE-2025-23708,Dominic Fallows
CVE-2025-23709,kiroro
CVE-2025-23710,Mayur Sojitra
CVE-2025-23711,Quincy Kwende
CVE-2025-23712,kapostintegrations
CVE-2025-23713,artanik
CVE-2025-23714,podspod
CVE-2025-23715,RaymondDesign
CVE-2025-23716,JkmAS
CVE-2025-23717,itmooti
CVE-2025-23718,mancx
CVE-2025-23719,zckevin
CVE-2025-23720,Marco Castelluccio
CVE-2025-23721,cloudvn
CVE-2025-23722,mind3dom
CVE-2025-23723,hdw player
CVE-2025-23724,oleksandr87
CVE-2025-23725,pshikli
CVE-2025-23726,thebloghouse
CVE-2025-23727,antonzaroutski
CVE-2025-23728,atelierhyper
CVE-2025-23729,fures
CVE-2025-23730,flx0
CVE-2025-23731,infosoftplugin
CVE-2025-23732,franciscopalacios
CVE-2025-23733,sayoko
CVE-2025-23734,Casey Bisson
CVE-2025-23735,Cosmin Schiopu
CVE-2025-23736,webgdawg
CVE-2025-23737,thobian
CVE-2025-23738,Padam Shankhadev
CVE-2025-23739,jtibbles
CVE-2025-23740,Zbynek Nedoma
CVE-2025-23741,Florian Chaillou
CVE-2025-23742,Podamibe Nepal
CVE-2025-23743,MartijnScheijbeler
CVE-2025-23744,dvs11
CVE-2025-23745,Tussendoor B.V.
CVE-2025-23746,Edem
CVE-2025-23747,Nitesh
CVE-2025-23748,Singsys
CVE-2025-23749,progpars.net
CVE-2025-23750,devbunchuk
CVE-2025-23751,Think201
CVE-2025-23752,Clifton Griffin
CVE-2025-23753,digireturn
CVE-2025-23754,Ulrich Sossou
CVE-2025-23755,tosend.it
CVE-2025-23756,ivanchernyakov
CVE-2025-23757,Proloy Chakroborty
CVE-2025-23758,pootlepress
CVE-2025-23759,Gavin
CVE-2025-23760,Alex Volkov
CVE-2025-23761,Alex Volkov
CVE-2025-23762,Justin Sternberg
CVE-2025-23763,Alex Volkov
CVE-2025-23764,ujjavaljani
CVE-2025-23765,w3speedster
CVE-2025-23766,ashamil
CVE-2025-23767,revoxis
CVE-2025-23768,inwavethemes
CVE-2025-23769,dreamsofmatter
CVE-2025-23770,Caspie
CVE-2025-23771,Murali
CVE-2025-23772,Eugenio Petulla’
CVE-2025-23773,mingocommerce
CVE-2025-23774,Niket Joshi
CVE-2025-23775,WWP
CVE-2025-23776,ekaterir
CVE-2025-23777,willowsconsulting
CVE-2025-23778,Pravin Durugkar
CVE-2025-23779,web-mv
CVE-2025-23780,Alpha BPO
CVE-2025-23781,Web Mumbai
CVE-2025-23782,TotalSuite
CVE-2025-23783,carrotbits
CVE-2025-23784,David Jeffrey
CVE-2025-23785,August Infotech
CVE-2025-23786,DuoGeek
CVE-2025-23787,Foxskav
CVE-2025-23788,Roni Saha
CVE-2025-23789,tahminajannat
CVE-2025-23790,wassereimer
CVE-2025-23791,mikakaltoft
CVE-2025-23792,WP Busters
CVE-2025-23793,Ciprian Turcu
CVE-2025-23794,_rccoder_
CVE-2025-23795,ghuger
CVE-2025-23796,Tushar Patel
CVE-2025-23797,Mike Selander
CVE-2025-23798,ElbowRobo
CVE-2025-23799,tubegtld
CVE-2025-23800,nova706
CVE-2025-23801,FuzzGuard
CVE-2025-23802,SteveSoehl
CVE-2025-23803,Rik Schennink
CVE-2025-23804,Shiv Prakash Tiwari
CVE-2025-23805,itamarg
CVE-2025-23806,ThemeFarmer
CVE-2025-23807,jim2212001
CVE-2025-23808,Dutch van Andel
CVE-2025-23809,Sunil Nanda
CVE-2025-23810,Igor Sazonov
CVE-2025-23811,ghasemy14
CVE-2025-23812,David Jeffrey
CVE-2025-23813,Tony Hayes
CVE-2025-23814,CRUDLab
CVE-2025-23815,linickx
CVE-2025-23816,metaphorcreations
CVE-2025-23817,mahadirz
CVE-2025-23818,pyko
CVE-2025-23819,Marco Milesi
CVE-2025-23820,thapa.laxman
CVE-2025-23821,aleapp
CVE-2025-23822,alicornea
CVE-2025-23823,jprintf
CVE-2025-23824,Alexander Weleczka
CVE-2025-23825,osuthorpe
CVE-2025-23826,pedjas
CVE-2025-23827,straps
CVE-2025-23828,sindhi
CVE-2025-23829,codingkart
CVE-2025-23830,jobair
CVE-2025-23831,mobstac
CVE-2025-23832,Matt Gibbs
CVE-2025-23833,RaminMT
CVE-2025-23834,RaminMT
CVE-2025-23835,jmraya
CVE-2025-23836,SuryaBhan
CVE-2025-23837,martinjuhasz
CVE-2025-23838,Rally Vincent
CVE-2025-23839,Asif Shakeel
CVE-2025-23840,webjema
CVE-2025-23841,foo123
CVE-2025-23842,Nilesh Shiragave
CVE-2025-23843,wphrmanager
CVE-2025-23844,Jamsheer K
CVE-2025-23845,ERA404
CVE-2025-23846,thaikolja
CVE-2025-23847,saill
CVE-2025-23848,dpowney
CVE-2025-23849,bpiwowar
CVE-2025-23850,mojowill
CVE-2025-23851,Khushwant Singh
CVE-2025-23852,robin90
CVE-2025-23853,michelem
CVE-2025-23854,yesstreamingdev
CVE-2025-23855,fyljp
CVE-2025-23856,Odyno
CVE-2025-23857,SmartDataSoft
CVE-2025-23858,Hiren Patel
CVE-2025-23859,jd7777
CVE-2025-23860,crea8xion
CVE-2025-23861,Zack Katz
CVE-2025-23862,SzMake
CVE-2025-23863,Sabaoh
CVE-2025-23864,Luke America
CVE-2025-23865,pressfore
CVE-2025-23866,E. Marten
CVE-2025-23867,markcoker
CVE-2025-23868,mliebelt
CVE-2025-23869,shibulijack
CVE-2025-23870,wygk
CVE-2025-23871,Bas Matthee
CVE-2025-23872,payform
CVE-2025-23873,Anshi Solutions
CVE-2025-23874,FalconTheme Team
CVE-2025-23875,madeglobal
CVE-2025-23876,No-Nonsense
CVE-2025-23877,nitethemes
CVE-2025-23878,Scott Reilly
CVE-2025-23879,PillarDev
CVE-2025-23880,anmari
CVE-2025-23881,littlejon
CVE-2025-23882,misanthrop
CVE-2025-23883,unalignedcoder
CVE-2025-23884,Chris Roberts
CVE-2025-23885,anildhiman
CVE-2025-23886,Chris Roberts
CVE-2025-23887,scottwallick
CVE-2025-23888,GrandSlambert
CVE-2025-23889,tormorten
CVE-2025-23890,Tom Ewer
CVE-2025-23891,Vincent Loy
CVE-2025-23892,Alex Furr
CVE-2025-23893,Manny Costales
CVE-2025-23894,tatsuya
CVE-2025-23895,Dan Cameron
CVE-2025-23896,thom4
CVE-2025-23897,ivobrett
CVE-2025-23898,ivobrett
CVE-2025-23899,Bookalet
CVE-2025-23900,genkisan
CVE-2025-23901,cybio
CVE-2025-23902,Taras Dashkevych
CVE-2025-23903,woofx
CVE-2025-23904,rebrandpress
CVE-2025-23905,Johannes van Poelgeest
CVE-2025-23906,wpseek
CVE-2025-23907,closed
CVE-2025-23908,Rami Yushuvaev
CVE-2025-23909,Common Ninja
CVE-2025-23910,keighl
CVE-2025-23911,solidres
CVE-2025-23912,Philipp Speck
CVE-2025-23913,pankajpragma
CVE-2025-23914,muzaara
CVE-2025-23915,roninwp
CVE-2025-23916,Nuanced Media
CVE-2025-23917,"Chandrika Guntur, Morgan Kay"
CVE-2025-23918,Enrico Sandoli
CVE-2025-23919,Ella Van Durpe
CVE-2025-23920,Sourcing Team
CVE-2025-23921,sh1zen
CVE-2025-23922,Harsh
CVE-2025-23923,wackey
CVE-2025-23924,Jeremy
CVE-2025-23925,jp2112
CVE-2025-23926,TC.K
CVE-2025-23927,massimo.serpilli
CVE-2025-23928,Aleksandar Arsovski
CVE-2025-23929,wishfulthemes
CVE-2025-23930,paypalmuse
CVE-2025-23931,Oliver Fuhrmann
CVE-2025-23932,Marko-M
CVE-2025-23933,wpfreeware
CVE-2025-23934,Sam Brodie
CVE-2025-23935,Fengler
CVE-2025-23936,Harun R. Rayhan(thecrazycoder)
CVE-2025-23937,Alex Furr
CVE-2025-23938,CRUDLab
CVE-2025-23939,KHAN-IT
CVE-2025-23940,horiyuki
CVE-2025-23941,meinturnierplan
CVE-2025-23942,ngocuct0912
CVE-2025-23943,aruvi
CVE-2025-23944,bulktheme
CVE-2025-23945,Webliup
CVE-2025-23946,Le-Pixel-Solitaire
CVE-2025-23947,M.J
CVE-2025-23948,Webarea
CVE-2025-23949,dzeriho
CVE-2025-23950,ezmarketing
CVE-2025-23951,DIVENGINE
CVE-2025-23952,ntm
CVE-2025-23953,Scriptonite
CVE-2025-23954,awcode
CVE-2025-23955,xola
CVE-2025-23956,Richard Leishman
CVE-2025-23957,surdotly
CVE-2025-23958,FADI MED
CVE-2025-23959,Linus Lundahl
CVE-2025-23960,basteln3rk
CVE-2025-23961,wptasker
CVE-2025-23962,jjtrabucco
CVE-2025-23963,flymke
CVE-2025-23964,ajitae
CVE-2025-23965,kopatheme
CVE-2025-23966,Ala Falaki
CVE-2025-23967,wpopal
CVE-2025-23968,WebFactory
CVE-2025-23969,whassan
CVE-2025-23970,aonetheme
CVE-2025-23971,whassan
CVE-2025-23972,Brian S. Reed
CVE-2025-23973,dugudlabs
CVE-2025-23974,ifkooo
CVE-2025-23975,cheesefather
CVE-2025-23976,operationsissuu
CVE-2025-23977,Bhaskar Dhote
CVE-2025-23978,Ninos
CVE-2025-23979,duwasai
CVE-2025-23980,James Andrews
CVE-2025-23981,Takimi Themes
CVE-2025-23982,Gopi krishnan
CVE-2025-23983,tijaji
CVE-2025-23984,brainvireinfo
CVE-2025-23985,brainvireinfo
CVE-2025-23986,fyrewurks
CVE-2025-23987,codegearthemes
CVE-2025-23988,Bruno Cavalcante
CVE-2025-23989,Alessandro Piconi
CVE-2025-23990,jablonczay
CVE-2025-23991,Dotstore
CVE-2025-23992,toocheke
CVE-2025-23993,RiceTheme
CVE-2025-23994,Estatebud
CVE-2025-23995,ta2g
CVE-2025-23996,AnyRoad
CVE-2025-23997,Tamara Solution
CVE-2025-23998,raratheme
CVE-2025-23999,Cloudways
CVE-2025-24000,Saad Iqbal
CVE-2025-24001,Ngô Thắng IT
CVE-2025-24002,Phoenix Contact
CVE-2025-24003,Phoenix Contact
CVE-2025-24004,Phoenix Contact
CVE-2025-24005,Phoenix Contact
CVE-2025-24006,Phoenix Contact
CVE-2025-24007,Siemens
CVE-2025-24008,Siemens
CVE-2025-24009,Siemens
CVE-2025-24010,vitejs
CVE-2025-24011,umbraco
CVE-2025-24012,umbraco
CVE-2025-24013,codeigniter4
CVE-2025-24014,vim
CVE-2025-24015,denoland
CVE-2025-24016,wazuh
CVE-2025-24017,YesWiki
CVE-2025-24018,YesWiki
CVE-2025-24019,YesWiki
CVE-2025-24020,LabRedesCefetRJ
CVE-2025-24021,Combodo
CVE-2025-24022,Combodo
CVE-2025-24023,dpgaspar
CVE-2025-24024,matrix-org
CVE-2025-24025,coollabsio
CVE-2025-24026,Combodo
CVE-2025-24027,PrestaShop
CVE-2025-24028,laurent22
CVE-2025-24029,Enalean
CVE-2025-24030,envoyproxy
CVE-2025-24031,OpenSC
CVE-2025-24032,OpenSC
CVE-2025-24033,fastify
CVE-2025-24034,himmelblau-idm
CVE-2025-24035,Microsoft
CVE-2025-24036,Microsoft
CVE-2025-24039,Microsoft
CVE-2025-24042,Microsoft
CVE-2025-24043,Microsoft
CVE-2025-24044,Microsoft
CVE-2025-24045,Microsoft
CVE-2025-24046,Microsoft
CVE-2025-24048,Microsoft
CVE-2025-24049,Microsoft
CVE-2025-24050,Microsoft
CVE-2025-24051,Microsoft
CVE-2025-24052,Microsoft
CVE-2025-24053,Microsoft
CVE-2025-24054,Microsoft
CVE-2025-24055,Microsoft
CVE-2025-24056,Microsoft
CVE-2025-24057,Microsoft
CVE-2025-24058,Microsoft
CVE-2025-24059,Microsoft
CVE-2025-24060,Microsoft
CVE-2025-24061,Microsoft
CVE-2025-24062,Microsoft
CVE-2025-24063,Microsoft
CVE-2025-24064,Microsoft
CVE-2025-24065,Microsoft
CVE-2025-24066,Microsoft
CVE-2025-24067,Microsoft
CVE-2025-24068,Microsoft
CVE-2025-24069,Microsoft
CVE-2025-24070,Microsoft
CVE-2025-24071,Microsoft
CVE-2025-24072,Microsoft
CVE-2025-24073,Microsoft
CVE-2025-24074,Microsoft
CVE-2025-24075,Microsoft
CVE-2025-24076,Microsoft
CVE-2025-24077,Microsoft
CVE-2025-24078,Microsoft
CVE-2025-24079,Microsoft
CVE-2025-24080,Microsoft
CVE-2025-24081,Microsoft
CVE-2025-24082,Microsoft
CVE-2025-24083,Microsoft
CVE-2025-24084,Microsoft
CVE-2025-24085,Apple
CVE-2025-24086,Apple
CVE-2025-24087,Apple
CVE-2025-24088,Apple
CVE-2025-24089,Apple
CVE-2025-24090,Apple
CVE-2025-24091,Apple
CVE-2025-24092,Apple
CVE-2025-24093,Apple
CVE-2025-24094,Apple
CVE-2025-24095,Apple
CVE-2025-24096,Apple
CVE-2025-24097,Apple
CVE-2025-24099,Apple
CVE-2025-24100,Apple
CVE-2025-24101,Apple
CVE-2025-24102,Apple
CVE-2025-24103,Apple
CVE-2025-24104,Apple
CVE-2025-24106,Apple
CVE-2025-24107,Apple
CVE-2025-24108,Apple
CVE-2025-24109,Apple
CVE-2025-24111,Apple
CVE-2025-24112,Apple
CVE-2025-24113,Apple
CVE-2025-24114,Apple
CVE-2025-24115,Apple
CVE-2025-24116,Apple
CVE-2025-24117,Apple
CVE-2025-24118,Apple
CVE-2025-24119,Apple
CVE-2025-24120,Apple
CVE-2025-24121,Apple
CVE-2025-24122,Apple
CVE-2025-24123,Apple
CVE-2025-24124,Apple
CVE-2025-24126,Apple
CVE-2025-24127,Apple
CVE-2025-24128,Apple
CVE-2025-24129,Apple
CVE-2025-24130,Apple
CVE-2025-24131,Apple
CVE-2025-24132,Apple
CVE-2025-24134,Apple
CVE-2025-24135,Apple
CVE-2025-24136,Apple
CVE-2025-24137,Apple
CVE-2025-24138,Apple
CVE-2025-24139,Apple
CVE-2025-24140,Apple
CVE-2025-24141,Apple
CVE-2025-24142,Apple
CVE-2025-24143,Apple
CVE-2025-24144,Apple
CVE-2025-24145,Apple
CVE-2025-24146,Apple
CVE-2025-24148,Apple
CVE-2025-24149,Apple
CVE-2025-24150,Apple
CVE-2025-24151,Apple
CVE-2025-24152,Apple
CVE-2025-24153,Apple
CVE-2025-24154,Apple
CVE-2025-24155,Apple
CVE-2025-24156,Apple
CVE-2025-24157,Apple
CVE-2025-24158,Apple
CVE-2025-24159,Apple
CVE-2025-24160,Apple
CVE-2025-24161,Apple
CVE-2025-24162,Apple
CVE-2025-24163,Apple
CVE-2025-24164,Apple
CVE-2025-24165,Apple
CVE-2025-24167,Apple
CVE-2025-24169,Apple
CVE-2025-24170,Apple
CVE-2025-24172,Apple
CVE-2025-24173,Apple
CVE-2025-24174,Apple
CVE-2025-24176,Apple
CVE-2025-24177,Apple
CVE-2025-24178,Apple
CVE-2025-24179,Apple
CVE-2025-24180,Apple
CVE-2025-24181,Apple
CVE-2025-24182,Apple
CVE-2025-24183,Apple
CVE-2025-24184,Apple
CVE-2025-24185,Apple
CVE-2025-24188,Apple
CVE-2025-24189,Apple
CVE-2025-24190,Apple
CVE-2025-24191,Apple
CVE-2025-24192,Apple
CVE-2025-24193,Apple
CVE-2025-24194,Apple
CVE-2025-24195,Apple
CVE-2025-24196,Apple
CVE-2025-24197,Apple
CVE-2025-24198,Apple
CVE-2025-24199,Apple
CVE-2025-24200,Apple
CVE-2025-24201,Apple
CVE-2025-24202,Apple
CVE-2025-24203,Apple
CVE-2025-24204,Apple
CVE-2025-24205,Apple
CVE-2025-24206,Apple
CVE-2025-24207,Apple
CVE-2025-24208,Apple
CVE-2025-24209,Apple
CVE-2025-24210,Apple
CVE-2025-24211,Apple
CVE-2025-24212,Apple
CVE-2025-24213,Apple
CVE-2025-24214,Apple
CVE-2025-24215,Apple
CVE-2025-24216,Apple
CVE-2025-24217,Apple
CVE-2025-24218,Apple
CVE-2025-24220,Apple
CVE-2025-24221,Apple
CVE-2025-24222,Apple
CVE-2025-24223,Apple
CVE-2025-24224,Apple
CVE-2025-24225,Apple
CVE-2025-24226,Apple
CVE-2025-24228,Apple
CVE-2025-24229,Apple
CVE-2025-24230,Apple
CVE-2025-24231,Apple
CVE-2025-24232,Apple
CVE-2025-24233,Apple
CVE-2025-24234,Apple
CVE-2025-24235,Apple
CVE-2025-24236,Apple
CVE-2025-24237,Apple
CVE-2025-24238,Apple
CVE-2025-24239,Apple
CVE-2025-24240,Apple
CVE-2025-24241,Apple
CVE-2025-24242,Apple
CVE-2025-24243,Apple
CVE-2025-24244,Apple
CVE-2025-24245,Apple
CVE-2025-24246,Apple
CVE-2025-24247,Apple
CVE-2025-24248,Apple
CVE-2025-24249,Apple
CVE-2025-24250,Apple
CVE-2025-24251,Apple
CVE-2025-24252,Apple
CVE-2025-24253,Apple
CVE-2025-24254,Apple
CVE-2025-24255,Apple
CVE-2025-24256,Apple
CVE-2025-24257,Apple
CVE-2025-24258,Apple
CVE-2025-24259,Apple
CVE-2025-24260,Apple
CVE-2025-24261,Apple
CVE-2025-24262,Apple
CVE-2025-24263,Apple
CVE-2025-24264,Apple
CVE-2025-24265,Apple
CVE-2025-24266,Apple
CVE-2025-24267,Apple
CVE-2025-24268,Apple
CVE-2025-24269,Apple
CVE-2025-24270,Apple
CVE-2025-24271,Apple
CVE-2025-24272,Apple
CVE-2025-24273,Apple
CVE-2025-24274,Apple
CVE-2025-24276,Apple
CVE-2025-24277,Apple
CVE-2025-24278,Apple
CVE-2025-24279,Apple
CVE-2025-24280,Apple
CVE-2025-24281,Apple
CVE-2025-24282,Apple
CVE-2025-24283,Apple
CVE-2025-24284,Apple
CVE-2025-24285,Ubiquiti Inc
CVE-2025-24286,Veeam
CVE-2025-24287,Veeam
CVE-2025-24288,Versa
CVE-2025-24289,Ubiquiti Inc
CVE-2025-24290,Ubiquiti Inc
CVE-2025-24291,Versa
CVE-2025-24292,Ubiquiti Inc
CVE-2025-24293,Rails
CVE-2025-24294,Ruby
CVE-2025-24297,Growatt
CVE-2025-24298,OpenHarmony
CVE-2025-24301,OpenHarmony
CVE-2025-24304,OpenHarmony
CVE-2025-24306,FUJI SOFT INCORPORATED
CVE-2025-24309,OpenHarmony
CVE-2025-24310,JTEKT ELECTRONICS CORPORATION
CVE-2025-24311,Broadcom
CVE-2025-24311,Dell
CVE-2025-24312,F5
CVE-2025-24315,Growatt
CVE-2025-24316,Dario Health
CVE-2025-24317,JTEKT ELECTRONICS CORPORATION
CVE-2025-24318,Dario Health
CVE-2025-24319,F5
CVE-2025-24320,F5
CVE-2025-24322,Tenda
CVE-2025-24326,F5
CVE-2025-24328,Nokia
CVE-2025-24329,Nokia
CVE-2025-24330,Nokia
CVE-2025-24331,Nokia
CVE-2025-24332,Nokia
CVE-2025-24333,Nokia
CVE-2025-24334,Nokia
CVE-2025-24335,Nokia
CVE-2025-24336,General Incorporated Association OCF
CVE-2025-24337,Musing Studio
CVE-2025-24338,Bosch Rexroth AG
CVE-2025-24339,Bosch Rexroth AG
CVE-2025-24340,Bosch Rexroth AG
CVE-2025-24341,Bosch Rexroth AG
CVE-2025-24342,Bosch Rexroth AG
CVE-2025-24343,Bosch Rexroth AG
CVE-2025-24344,Bosch Rexroth AG
CVE-2025-24345,Bosch Rexroth AG
CVE-2025-24346,Bosch Rexroth AG
CVE-2025-24347,Bosch Rexroth AG
CVE-2025-24348,Bosch Rexroth AG
CVE-2025-24349,Bosch Rexroth AG
CVE-2025-24350,Bosch Rexroth AG
CVE-2025-24351,Bosch Rexroth AG
CVE-2025-24353,directus
CVE-2025-24354,imgproxy
CVE-2025-24355,updatecli
CVE-2025-24356,neocturne
CVE-2025-24357,vllm-project
CVE-2025-24358,gorilla
CVE-2025-24359,lmfit
CVE-2025-24360,nuxt
CVE-2025-24361,nuxt
CVE-2025-24362,github
CVE-2025-24363,HL7
CVE-2025-24364,dani-garcia
CVE-2025-24365,dani-garcia
CVE-2025-24366,drakkan
CVE-2025-24367,Cacti
CVE-2025-24368,Cacti
CVE-2025-24369,Xe
CVE-2025-24370,adamghill
CVE-2025-24371,cometbft
CVE-2025-24372,ckan
CVE-2025-24373,wpovernight
CVE-2025-24374,twigphp
CVE-2025-24375,canonical
CVE-2025-24376,kubewarden
CVE-2025-24377,Dell
CVE-2025-24378,Dell
CVE-2025-24379,Dell
CVE-2025-24380,Dell
CVE-2025-24381,Dell
CVE-2025-24382,Dell
CVE-2025-24383,Dell
CVE-2025-24385,Dell
CVE-2025-24386,Dell
CVE-2025-24387,OTRS AG
CVE-2025-24388,OTRS AG
CVE-2025-24389,OTRS AG
CVE-2025-24390,OTRS AG
CVE-2025-24391,OTRS AG
CVE-2025-24397,Jenkins Project
CVE-2025-24398,Jenkins Project
CVE-2025-24399,Jenkins Project
CVE-2025-24400,Jenkins Project
CVE-2025-24401,Jenkins Project
CVE-2025-24402,Jenkins Project
CVE-2025-24403,Jenkins Project
CVE-2025-24404,Apache Software Foundation
CVE-2025-24406,Adobe
CVE-2025-24407,Adobe
CVE-2025-24408,Adobe
CVE-2025-24409,Adobe
CVE-2025-24410,Adobe
CVE-2025-24411,Adobe
CVE-2025-24412,Adobe
CVE-2025-24413,Adobe
CVE-2025-24414,Adobe
CVE-2025-24415,Adobe
CVE-2025-24416,Adobe
CVE-2025-24417,Adobe
CVE-2025-24418,Adobe
CVE-2025-24419,Adobe
CVE-2025-24420,Adobe
CVE-2025-24421,Adobe
CVE-2025-24422,Adobe
CVE-2025-24423,Adobe
CVE-2025-24424,Adobe
CVE-2025-24425,Adobe
CVE-2025-24426,Adobe
CVE-2025-24427,Adobe
CVE-2025-24428,Adobe
CVE-2025-24429,Adobe
CVE-2025-24430,Adobe
CVE-2025-24431,Adobe
CVE-2025-24432,Adobe
CVE-2025-24434,Adobe
CVE-2025-24435,Adobe
CVE-2025-24436,Adobe
CVE-2025-24437,Adobe
CVE-2025-24438,Adobe
CVE-2025-24439,Adobe
CVE-2025-24440,Adobe
CVE-2025-24441,Adobe
CVE-2025-24442,Adobe
CVE-2025-24443,Adobe
CVE-2025-24444,Adobe
CVE-2025-24445,Adobe
CVE-2025-24446,Adobe
CVE-2025-24447,Adobe
CVE-2025-24448,Adobe
CVE-2025-24449,Adobe
CVE-2025-24450,Adobe
CVE-2025-24451,Adobe
CVE-2025-24452,Adobe
CVE-2025-24453,Adobe
CVE-2025-24456,JetBrains
CVE-2025-24457,JetBrains
CVE-2025-24458,JetBrains
CVE-2025-24459,JetBrains
CVE-2025-24460,JetBrains
CVE-2025-24461,JetBrains
CVE-2025-24470,Fortinet
CVE-2025-24471,Fortinet
CVE-2025-24472,Fortinet
CVE-2025-24473,Fortinet
CVE-2025-24474,Fortinet
CVE-2025-24477,Fortinet
CVE-2025-24478,Rockwell Automation
CVE-2025-24479,Rockwell Automation
CVE-2025-24480,Rockwell Automation
CVE-2025-24481,Rockwell Automation
CVE-2025-24482,Rockwell Automation
CVE-2025-24483,Humming Heads Inc.
CVE-2025-24485,MedDream
CVE-2025-24487,Growatt
CVE-2025-24489,INFINITT Healthcare
CVE-2025-24490,Mattermost
CVE-2025-24493,OpenHarmony
CVE-2025-24494,Keysight
CVE-2025-24496,Tenda
CVE-2025-24497,F5
CVE-2025-24499,Siemens
CVE-2025-24500,Broadcom
CVE-2025-24501,Broadcom
CVE-2025-24502,Broadcom
CVE-2025-24503,Broadcom
CVE-2025-24504,Broadcom
CVE-2025-24505,Broadcom
CVE-2025-24506,Broadcom
CVE-2025-24507,Broadcom
CVE-2025-24508,Broadcom
CVE-2025-24510,Siemens
CVE-2025-24513,kubernetes
CVE-2025-24514,kubernetes
CVE-2025-24517,"Inaba Denki Sangyo Co., Ltd."
CVE-2025-24521,Keysight
CVE-2025-24522,KUNBUS GmbH
CVE-2025-24525,Keysight
CVE-2025-24526,Mattermost
CVE-2025-24527,Akamai
CVE-2025-24528,MIT
CVE-2025-24529,phpMyAdmin
CVE-2025-24530,phpMyAdmin
CVE-2025-24531,OpenSC project
CVE-2025-24532,Siemens
CVE-2025-24533,MetaSlider
CVE-2025-24534,dinamiko
CVE-2025-24535,sonalsinha21
CVE-2025-24536,ThriveDesk
CVE-2025-24537,StellarWP
CVE-2025-24538,Slava Abakumov
CVE-2025-24539,debounce
CVE-2025-24540,SeedProd
CVE-2025-24541,dinamiko
CVE-2025-24542,Icegram
CVE-2025-24543,RSTheme
CVE-2025-24544,dashed-slug.net
CVE-2025-24545,bannersky
CVE-2025-24546,RSTheme
CVE-2025-24547,matthias.wagner
CVE-2025-24548,Autoglot
CVE-2025-24549,Mahbubur Rahman
CVE-2025-24550,JobScore
CVE-2025-24551,oneteamsoftware
CVE-2025-24552,paytiumsupport
CVE-2025-24553,Akadrama
CVE-2025-24554,awcode
CVE-2025-24555,subscriptiondna
CVE-2025-24556,DualCube
CVE-2025-24557,plainware
CVE-2025-24558,CRM Perks
CVE-2025-24559,brandtoss
CVE-2025-24560,AwesomeTOGI
CVE-2025-24561,awcode
CVE-2025-24562,Optimal Access
CVE-2025-24563,themeglow
CVE-2025-24564,aviplugins.com
CVE-2025-24565,Saleswonder Team: Tobias
CVE-2025-24566,Tomáš Groulík
CVE-2025-24567,brandtoss
CVE-2025-24568,Brainstorm Force
CVE-2025-24569,RedefiningTheWeb
CVE-2025-24570,Vito Peleg
CVE-2025-24571,Epsiloncool
CVE-2025-24572,Epsiloncool
CVE-2025-24573,Softaculous
CVE-2025-24574,Pepro Dev. Group
CVE-2025-24575,HelloAsso
CVE-2025-24576,fatcatapps
CVE-2025-24577,Ays Pro
CVE-2025-24578,Element Invader
CVE-2025-24579,Kyle Phillips
CVE-2025-24580,AA Web Servant
CVE-2025-24581,Themefic
CVE-2025-24582,AA Web Servant
CVE-2025-24583,AA Web Servant
CVE-2025-24584,bdthemes
CVE-2025-24585,Bastien Ho
CVE-2025-24586,bitsstech
CVE-2025-24587,Nks
CVE-2025-24588,patreon
CVE-2025-24589,JS Morisset
CVE-2025-24590,picu
CVE-2025-24591,Ninja Team
CVE-2025-24592,SysBasics
CVE-2025-24593,WisdmLabs
CVE-2025-24594,aribhour
CVE-2025-24595,bPlugins
CVE-2025-24596,WC Product Table
CVE-2025-24597,"Dmitry V. (CEO of ""UKR Solution"")"
CVE-2025-24598,brandtoss
CVE-2025-24599,Tribulant Software
CVE-2025-24600,davidfcarr
CVE-2025-24601,ThimPress
CVE-2025-24602,WP24
CVE-2025-24603,"Dmitry V. (CEO of ""UKR Solution"")"
CVE-2025-24604,Vikas Ratudi
CVE-2025-24605,RealMag777
CVE-2025-24606,BoldGrid
CVE-2025-24607,Northern Beaches Websites
CVE-2025-24608,Milan Petrovic
CVE-2025-24609,PORTONE
CVE-2025-24610,Christian Leuenberg
CVE-2025-24611,"Smackcoders Inc.,"
CVE-2025-24612,Ihor Kit
CVE-2025-24613,FolioVision
CVE-2025-24614,Agile Logix
CVE-2025-24615,fatcatapps
CVE-2025-24616,UIUX Lab
CVE-2025-24617,AcyMailing Newsletter Team
CVE-2025-24618,Element Invader
CVE-2025-24619,webheadcoder
CVE-2025-24620,hkharpreetkumar1
CVE-2025-24621,tychesoftwares
CVE-2025-24622,PickPlugins
CVE-2025-24623,Really Simple Plugins
CVE-2025-24624,DevItems
CVE-2025-24625,Marco Almeida | Webdados
CVE-2025-24626,codepeople
CVE-2025-24627,Linnea Huxford
CVE-2025-24628,bestwebsoft
CVE-2025-24629,wpgear
CVE-2025-24630,MantraBrain
CVE-2025-24631,shanebp
CVE-2025-24632,algol.plus
CVE-2025-24633,silverplugins217
CVE-2025-24634,Svetoslav Marinov
CVE-2025-24635,integrationdevpaytm
CVE-2025-24636,Rick Laymance
CVE-2025-24637,Syed Balkhi
CVE-2025-24638,pddring
CVE-2025-24639,Greys
CVE-2025-24640,Dan-Lucian Stefancu
CVE-2025-24641,rickonline_nl
CVE-2025-24642,theme funda
CVE-2025-24643,AmentoTech Private Limited
CVE-2025-24644,WebToffee
CVE-2025-24645,Rob Scott
CVE-2025-24646,icopydoc
CVE-2025-24647,datafeedr
CVE-2025-24648,Bowo
CVE-2025-24649,Bowo
CVE-2025-24650,Themefic
CVE-2025-24651,WebToffee
CVE-2025-24652,revmakx
CVE-2025-24653,NotFound
CVE-2025-24654,SEO Squirrly
CVE-2025-24655,PickPlugins
CVE-2025-24656,Realtyna
CVE-2025-24657,WebToffee
CVE-2025-24658,Joe
CVE-2025-24659,Shahjada
CVE-2025-24660,wp.insider
CVE-2025-24661,magepeopleteam
CVE-2025-24662,LearnDash
CVE-2025-24663,mra13
CVE-2025-24664,enituretechnology
CVE-2025-24665,enituretechnology
CVE-2025-24666,Themeisle
CVE-2025-24667,enituretechnology
CVE-2025-24668,Themeisle
CVE-2025-24669,serpednet
CVE-2025-24670,Dhanendran Rajagopal
CVE-2025-24671,Pdfcrowd Dev Team
CVE-2025-24672,codepeople
CVE-2025-24673,AyeCode
CVE-2025-24674,Denis Cherniatev
CVE-2025-24675,osama.esh
CVE-2025-24676,umangmetatagg
CVE-2025-24677,wpspin
CVE-2025-24678,listamester
CVE-2025-24679,webraketen
CVE-2025-24680,WPExperts.io
CVE-2025-24681,wpWax
CVE-2025-24682,Michael
CVE-2025-24683,WP Chill
CVE-2025-24684,Ederson Peka
CVE-2025-24685,Ihor Kit
CVE-2025-24686,Metagauss
CVE-2025-24687,Lars Wallenborn
CVE-2025-24688,brandtoss
CVE-2025-24689,Javier Carazo
CVE-2025-24690,Michele Giorgi
CVE-2025-24691,ctltwp
CVE-2025-24692,M.Code
CVE-2025-24693,Yehi
CVE-2025-24694,CreativeMindsSolutions
CVE-2025-24695,HT Plugins
CVE-2025-24696,Shafaet Alam
CVE-2025-24697,Realwebcare
CVE-2025-24698,g5theme
CVE-2025-24699,Wow-Company
CVE-2025-24700,Xylus Themes
CVE-2025-24701,Bob
CVE-2025-24702,Xagio SEO
CVE-2025-24703,Ronald Huereca
CVE-2025-24704,grimdonkey
CVE-2025-24705,Arshid
CVE-2025-24706,MultiVendorX
CVE-2025-24707,gt3themes
CVE-2025-24708,CRM Perks
CVE-2025-24709,Plethora Plugins
CVE-2025-24710,Marcel Pol
CVE-2025-24711,Wow-Company
CVE-2025-24712,RadiusTheme
CVE-2025-24713,Wow-Company
CVE-2025-24714,Wow-Company
CVE-2025-24715,Wow-Company
CVE-2025-24716,Wow-Company
CVE-2025-24717,Wow-Company
CVE-2025-24718,activity-log.com
CVE-2025-24719,wpdevart
CVE-2025-24720,Wow-Company
CVE-2025-24721,Aleksandar Urošević
CVE-2025-24722,Ays Pro
CVE-2025-24723,codepeople
CVE-2025-24724,Wow-Company
CVE-2025-24725,ThimPress
CVE-2025-24726,HT Plugins
CVE-2025-24727,codepeople
CVE-2025-24728,Yannick Lefebvre
CVE-2025-24729,Element Invader
CVE-2025-24730,RexTheme
CVE-2025-24731,IP2Location
CVE-2025-24732,reputeinfosystems
CVE-2025-24733,Akhtarujjaman Shuvo
CVE-2025-24734,CodeSolz
CVE-2025-24735,Chatra
CVE-2025-24736,metaphorcreations
CVE-2025-24737,Mat Bao Corporation
CVE-2025-24738,Jerry Rietveld
CVE-2025-24739,Shahjahan Jewel
CVE-2025-24740,ThimPress
CVE-2025-24741,LOGON
CVE-2025-24742,WPGMaps
CVE-2025-24743,Rometheme
CVE-2025-24744,NotFound
CVE-2025-24745,RadiusTheme
CVE-2025-24746,Daniel Iser
CVE-2025-24747,favethemes
CVE-2025-24748,ThemeFusion
CVE-2025-24749,Overt Software Solutions LTD
CVE-2025-24750,Syed Balkhi
CVE-2025-24751,GoDaddy
CVE-2025-24752,WPDeveloper
CVE-2025-24753,StellarWP
CVE-2025-24754,favethemes
CVE-2025-24755,add-ons.org
CVE-2025-24756,mgplugin
CVE-2025-24757,AndonDesign
CVE-2025-24758,CreativeMindsSolutions
CVE-2025-24759,CMSJunkie - WordPress Business Directory Plugins
CVE-2025-24760,goalthemes
CVE-2025-24761,snstheme
CVE-2025-24762,facturaone
CVE-2025-24763,Pascal Casier
CVE-2025-24764,A. Jones
CVE-2025-24765,RobMarsh
CVE-2025-24766,wproyal
CVE-2025-24767,facturaone
CVE-2025-24768,snstheme
CVE-2025-24769,BZOTheme
CVE-2025-24770,BZOTheme
CVE-2025-24771,OTWthemes
CVE-2025-24772,cmsMinds
CVE-2025-24773,mojoomla
CVE-2025-24774,mojoomla
CVE-2025-24775,Made I.T.
CVE-2025-24776,codelobster
CVE-2025-24777,awethemes
CVE-2025-24778,De paragon
CVE-2025-24779,NooTheme
CVE-2025-24780,printcart
CVE-2025-24781,NotFound
CVE-2025-24782,wpWax
CVE-2025-24783,Apache Software Foundation
CVE-2025-24784,kubewarden
CVE-2025-24785,Combodo
CVE-2025-24786,clidey
CVE-2025-24787,clidey
CVE-2025-24788,snowflakedb
CVE-2025-24789,snowflakedb
CVE-2025-24790,snowflakedb
CVE-2025-24791,snowflakedb
CVE-2025-24792,snowflakedb
CVE-2025-24793,snowflakedb
CVE-2025-24794,snowflakedb
CVE-2025-24795,snowflakedb
CVE-2025-24796,CollaboraOnline
CVE-2025-24797,meshtastic
CVE-2025-24798,meshtastic
CVE-2025-24799,glpi-project
CVE-2025-24800,polytope-labs
CVE-2025-24801,glpi-project
CVE-2025-24802,0xPolygonZero
CVE-2025-24803,MobSF
CVE-2025-24804,MobSF
CVE-2025-24805,MobSF
CVE-2025-24806,authelia
CVE-2025-24807,eProsima
CVE-2025-24808,discourse
CVE-2025-24810,Rahe
CVE-2025-24811,Siemens
CVE-2025-24812,Siemens
CVE-2025-24813,Apache Software Foundation
CVE-2025-24814,Apache Software Foundation
CVE-2025-24815,Nokia
CVE-2025-24816,Nokia
CVE-2025-24817,Nokia
CVE-2025-24818,Nokia
CVE-2025-24819,Nokia
CVE-2025-24826,Acronis
CVE-2025-24827,Acronis
CVE-2025-24828,Acronis
CVE-2025-24829,Acronis
CVE-2025-24830,Acronis
CVE-2025-24831,Acronis
CVE-2025-24832,Acronis
CVE-2025-24833,NEOJAPAN Inc.
CVE-2025-24836,Qardio
CVE-2025-24839,Mattermost
CVE-2025-24841,Six Apart Ltd.
CVE-2025-24843,Dario Health
CVE-2025-24844,OpenHarmony
CVE-2025-24845,Humming Heads Inc.
CVE-2025-24846,"Century Systems Co., Ltd."
CVE-2025-24849,Dario Health
CVE-2025-24850,Growatt
CVE-2025-24852,"Inaba Denki Sangyo Co., Ltd."
CVE-2025-24853,Apache Software Foundation
CVE-2025-24854,Apache Software Foundation
CVE-2025-24855,xmlsoft
CVE-2025-24856,TYPO3
CVE-2025-24858,Gradle
CVE-2025-24859,Apache Software Foundation
CVE-2025-24860,Apache Software Foundation
CVE-2025-24861,Outback Power
CVE-2025-24864,"RSUPPORT Co.,Ltd."
CVE-2025-24865,mySCADA
CVE-2025-24866,Mattermost
CVE-2025-24867,SAP_SE
CVE-2025-24868,SAP_SE
CVE-2025-24869,SAP_SE
CVE-2025-24870,SAP_SE
CVE-2025-24872,SAP_SE
CVE-2025-24874,SAP_SE
CVE-2025-24875,SAP_SE
CVE-2025-24876,SAP_SE
CVE-2025-24882,regclient
CVE-2025-24883,ethereum
CVE-2025-24884,RichardoC
CVE-2025-24885,pwncollege
CVE-2025-24886,pwncollege
CVE-2025-24887,OpenCTI-Platform
CVE-2025-24888,freedomofpress
CVE-2025-24889,freedomofpress
CVE-2025-24891,DumbWareio
CVE-2025-24892,opf
CVE-2025-24893,xwiki
CVE-2025-24894,italia
CVE-2025-24895,italia
CVE-2025-24896,misskey-dev
CVE-2025-24897,misskey-dev
CVE-2025-24898,sfackler
CVE-2025-24899,yogeshojha
CVE-2025-24900,nexryai
CVE-2025-24901,LabRedesCefetRJ
CVE-2025-24902,LabRedesCefetRJ
CVE-2025-24903,whisperfish
CVE-2025-24904,whisperfish
CVE-2025-24905,LabRedesCefetRJ
CVE-2025-24906,LabRedesCefetRJ
CVE-2025-24907,Hitachi Vantara
CVE-2025-24908,Hitachi Vantara
CVE-2025-24909,Hitachi Vantara
CVE-2025-24910,Hitachi Vantara
CVE-2025-24911,Hitachi Vantara
CVE-2025-24912,Jouni Malinen
CVE-2025-24914,Tenable
CVE-2025-24915,Tenable
CVE-2025-24916,Tenable
CVE-2025-24917,Tenable
CVE-2025-24919,Broadcom
CVE-2025-24919,Dell
CVE-2025-24920,Mattermost
CVE-2025-24922,Broadcom
CVE-2025-24922,Dell
CVE-2025-24924,GMOD
CVE-2025-24925,OpenHarmony
CVE-2025-24928,xmlsoft
CVE-2025-24934,FreeBSD
CVE-2025-24936,Nokia
CVE-2025-24937,Nokia
CVE-2025-24938,Nokia
CVE-2025-24946,privateoctopus
CVE-2025-24947,litespeedtech
CVE-2025-24956,Siemens
CVE-2025-24957,LabRedesCefetRJ
CVE-2025-24958,LabRedesCefetRJ
CVE-2025-24959,google
CVE-2025-24960,CyferShepard
CVE-2025-24961,gaul
CVE-2025-24962,yogeshojha
CVE-2025-24963,vitest-dev
CVE-2025-24964,vitest-dev
CVE-2025-24965,containers
CVE-2025-24966,yogeshojha
CVE-2025-24967,yogeshojha
CVE-2025-24968,yogeshojha
CVE-2025-24969,Combodo
CVE-2025-24970,netty
CVE-2025-24971,DumbWareio
CVE-2025-24972,discourse
CVE-2025-24973,nexryai
CVE-2025-24974,dataease
CVE-2025-24975,FirebirdSQL
CVE-2025-24976,distribution
CVE-2025-24977,OpenCTI-Platform
CVE-2025-24980,pimcore
CVE-2025-24981,nuxt-modules
CVE-2025-24982,SWIT
CVE-2025-24983,Microsoft
CVE-2025-24984,Microsoft
CVE-2025-24985,Microsoft
CVE-2025-24986,Microsoft
CVE-2025-24987,Microsoft
CVE-2025-24988,Microsoft
CVE-2025-24989,Microsoft
CVE-2025-24990,Microsoft
CVE-2025-24991,Microsoft
CVE-2025-24992,Microsoft
CVE-2025-24993,Microsoft
CVE-2025-24994,Microsoft
CVE-2025-24995,Microsoft
CVE-2025-24996,Microsoft
CVE-2025-24997,Microsoft
CVE-2025-24998,Microsoft
CVE-2025-24999,Microsoft
CVE-2025-25000,Microsoft
CVE-2025-25001,Microsoft
CVE-2025-25002,Microsoft
CVE-2025-25003,Microsoft
CVE-2025-25004,Microsoft
CVE-2025-25005,Microsoft
CVE-2025-25006,Microsoft
CVE-2025-25007,Microsoft
CVE-2025-25008,Microsoft
CVE-2025-25009,Elastic
CVE-2025-25010,Elastic
CVE-2025-25011,Elastic
CVE-2025-25012,Elastic
CVE-2025-25013,Elastic
CVE-2025-25014,Elastic
CVE-2025-25015,Elastic
CVE-2025-25016,Elastic
CVE-2025-25017,Elastic
CVE-2025-25018,Elastic
CVE-2025-25019,IBM
CVE-2025-25020,IBM
CVE-2025-25021,IBM
CVE-2025-25022,IBM
CVE-2025-25023,IBM
CVE-2025-25025,IBM
CVE-2025-25026,IBM
CVE-2025-25029,IBM
CVE-2025-25032,IBM
CVE-2025-25034,SugarCRM
CVE-2025-25035,Jalios
CVE-2025-25036,Jalios
CVE-2025-25037,Aquatronica
CVE-2025-25038,MiniDVBLinux
CVE-2025-25039,Hewlett Packard Enterprise (HPE)
CVE-2025-25040,Hewlett Packard Enterprise (HPE)
CVE-2025-25041,Hewlett Packard Enterprise (HPE)
CVE-2025-25042,Hewlett Packard Enterprise (HPE)
CVE-2025-25044,IBM
CVE-2025-25045,IBM
CVE-2025-25046,IBM
CVE-2025-25048,IBM
CVE-2025-25050,Broadcom
CVE-2025-25050,Dell
CVE-2025-25051,AutomationDirect
CVE-2025-25052,OpenHarmony
CVE-2025-25053,"Inaba Denki Sangyo Co., Ltd."
CVE-2025-25054,Six Apart Ltd.
CVE-2025-25055,"JIP InfoBridge Co., Ltd."
CVE-2025-25056,"Inaba Denki Sangyo Co., Ltd."
CVE-2025-25057,OpenHarmony
CVE-2025-25060,Hammock Corporation
CVE-2025-25061,JTEKT ELECTRONICS CORPORATION
CVE-2025-25062,backdropcms
CVE-2025-25063,backdropcms
CVE-2025-25066,ntop
CVE-2025-25067,mySCADA
CVE-2025-25068,Mattermost
CVE-2025-25069,Apache Software Foundation
CVE-2025-25070,ed atrero
CVE-2025-25071,topplugins
CVE-2025-25072,thunderbax
CVE-2025-25073,Vasilis Triantafyllou
CVE-2025-25074,Nirmal Kumar Ram
CVE-2025-25075,Venugopal
CVE-2025-25076,nicholaswilson
CVE-2025-25077,dugbug
CVE-2025-25078,Andrew Norcross
CVE-2025-25079,Garrett Grimm
CVE-2025-25080,gubbigubbi
CVE-2025-25081,DeannaS
CVE-2025-25082,Max Chirkov
CVE-2025-25083,Dave Lavoie
CVE-2025-25084,antrouss
CVE-2025-25085,matt_mcbrien
CVE-2025-25086,WPDeveloper
CVE-2025-25087,Tim
CVE-2025-25088,blackus3r
CVE-2025-25089,appten
CVE-2025-25090,dreamstime
CVE-2025-25091,zackdesign
CVE-2025-25092,gtlwpdev
CVE-2025-25093,paulswarthout
CVE-2025-25094,Amitythemes.com
CVE-2025-25095,reverbnationdev
CVE-2025-25096,titusbicknell
CVE-2025-25097,kwiliarty
CVE-2025-25098,Zack Katz
CVE-2025-25099,accreteinfosolution
CVE-2025-25100,victoracano
CVE-2025-25101,MetricThemes
CVE-2025-25102,Josh Harrison
CVE-2025-25103,bnielsen
CVE-2025-25104,mraliende
CVE-2025-25105,coffeestudios
CVE-2025-25106,FancyWP
CVE-2025-25107,sainwp
CVE-2025-25108,shalomworld
CVE-2025-25109,JoomSky
CVE-2025-25110,Metagauss
CVE-2025-25111,WP Spell Check
CVE-2025-25112,kareemsultan
CVE-2025-25113,Senktec
CVE-2025-25114,ehabstar
CVE-2025-25115,Zeshan Abdullah
CVE-2025-25116,sudipto
CVE-2025-25117,Alex Polonski
CVE-2025-25118,Danish Ali Malik
CVE-2025-25119,Alejandro Aranda
CVE-2025-25120,Melodic Media
CVE-2025-25121,shyammakwana
CVE-2025-25122,hashshop
CVE-2025-25123,xdark
CVE-2025-25124,devu
CVE-2025-25125,CyrilG
CVE-2025-25126,zmseo
CVE-2025-25127,Rohitashv Singhal
CVE-2025-25128,orlandolac
CVE-2025-25129,NotFound
CVE-2025-25130,Shah Alom
CVE-2025-25131,randyjensen
CVE-2025-25132,ravi Singh
CVE-2025-25133,newbiesup
CVE-2025-25134,zenverse
CVE-2025-25135,Victor Barkalov
CVE-2025-25136,shujahat21
CVE-2025-25137,kareemsultan
CVE-2025-25138,Rishi
CVE-2025-25139,Cynob IT Consultancy
CVE-2025-25140,Scriptonite
CVE-2025-25141,zankover
CVE-2025-25142,The Jake Group
CVE-2025-25143,ibasit
CVE-2025-25144,theasys
CVE-2025-25145,jordan.hatch
CVE-2025-25146,saleandro
CVE-2025-25147,Phillip.Gooch
CVE-2025-25148,ElbowRobo
CVE-2025-25149,Danillo Nunes
CVE-2025-25150,Stylemix
CVE-2025-25151,Stylemix
CVE-2025-25152,LukaszWiecek
CVE-2025-25153,djjmz
CVE-2025-25154,scweber
CVE-2025-25155,efreja
CVE-2025-25156,Stanko Metodiev
CVE-2025-25157,wpchurchteam
CVE-2025-25158,Antonio Sanchez
CVE-2025-25159,robert_kolatzek
CVE-2025-25160,Mark Barnes
CVE-2025-25161,SocialEvolution
CVE-2025-25162,kutu62
CVE-2025-25163,Zach Swetz
CVE-2025-25164,Yuichiro ABE
CVE-2025-25165,richardgabriel
CVE-2025-25166,gabrieldarezzo
CVE-2025-25167,Black and White
CVE-2025-25168,Black and White
CVE-2025-25169,Rachel Cherry
CVE-2025-25170,DotsquaresLtd
CVE-2025-25171,Convers Lab
CVE-2025-25172,beeteam368
CVE-2025-25173,FasterThemes
CVE-2025-25174,beeteam368
CVE-2025-25175,Siemens
CVE-2025-25176,Imagination Technologies
CVE-2025-25177,Imagination Technologies
CVE-2025-25178,Imagination Technologies
CVE-2025-25179,Imagination Technologies
CVE-2025-25180,Imagination Technologies
CVE-2025-25181,Advantive
CVE-2025-25182,gchq
CVE-2025-25183,vllm-project
CVE-2025-25184,rack
CVE-2025-25185,binary-husky
CVE-2025-25186,ruby
CVE-2025-25187,laurent22
CVE-2025-25188,hickory-dns
CVE-2025-25189,ZOO-Project
CVE-2025-25190,ZOO-Project
CVE-2025-25191,Intermesh
CVE-2025-25192,glpi-project
CVE-2025-25193,netty
CVE-2025-25194,LemmyNet
CVE-2025-25195,zulip
CVE-2025-25196,openfga
CVE-2025-25197,silverstripe
CVE-2025-25198,mailcow
CVE-2025-25199,microsoft
CVE-2025-25200,koajs
CVE-2025-25201,Nitrokey
CVE-2025-25202,team-alembic
CVE-2025-25203,Ctrlpanel-gg
CVE-2025-25204,cli
CVE-2025-25205,advplyr
CVE-2025-25206,elabftw
CVE-2025-25207,Red Hat
CVE-2025-25208,Red Hat
CVE-2025-25209,Red Hat
CVE-2025-25211,"Inaba Denki Sangyo Co., Ltd."
CVE-2025-25212,OpenHarmony
CVE-2025-25213,"Inaba Denki Sangyo Co., Ltd."
CVE-2025-25214,WWBN
CVE-2025-25215,Broadcom
CVE-2025-25215,Dell
CVE-2025-25217,OpenHarmony
CVE-2025-25218,OpenHarmony
CVE-2025-25220,FUJI SOFT INCORPORATED
CVE-2025-25221,LuxSoft
CVE-2025-25222,LuxSoft
CVE-2025-25223,LuxSoft
CVE-2025-25224,LuxSoft
CVE-2025-25225,hikashop.com
CVE-2025-25226,Joomla! Project
CVE-2025-25227,Joomla! Project
CVE-2025-25228,virtuemart.net
CVE-2025-25229,Omnissa
CVE-2025-25230,Omnissa
CVE-2025-25231,Omnissa
CVE-2025-25234,Omnissa
CVE-2025-25235,Omnissa
CVE-2025-25236,Omnissa
CVE-2025-25241,SAP_SE
CVE-2025-25242,SAP_SE
CVE-2025-25243,SAP_SE
CVE-2025-25244,SAP_SE
CVE-2025-25245,SAP_SE
CVE-2025-25246,NETGEAR
CVE-2025-25247,Apache Software Foundation
CVE-2025-25248,Fortinet
CVE-2025-25249,Fortinet
CVE-2025-25250,Fortinet
CVE-2025-25251,Fortinet
CVE-2025-25252,Fortinet
CVE-2025-25253,Fortinet
CVE-2025-25254,Fortinet
CVE-2025-25255,Fortinet
CVE-2025-25256,Fortinet
CVE-2025-25257,Fortinet
CVE-2025-25264,WAGO
CVE-2025-25265,WAGO
CVE-2025-25266,Siemens
CVE-2025-25267,Siemens
CVE-2025-25268,Phoenix Contact
CVE-2025-25269,Phoenix Contact
CVE-2025-25270,Phoenix Contact
CVE-2025-25271,Phoenix Contact
CVE-2025-25274,Mattermost
CVE-2025-25276,Growatt
CVE-2025-25277,OpenHarmony
CVE-2025-25278,OpenHarmony
CVE-2025-25279,Mattermost
CVE-2025-25280,"Century Systems Co., Ltd."
CVE-2025-25281,Outback Power
CVE-2025-25282,infiniflow
CVE-2025-25283,jkroso
CVE-2025-25284,ZOO-Project
CVE-2025-25285,octokit
CVE-2025-25286,Islandora
CVE-2025-25287,lakejason0
CVE-2025-25288,octokit
CVE-2025-25289,octokit
CVE-2025-25290,octokit
CVE-2025-25291,SAML-Toolkits
CVE-2025-25292,SAML-Toolkits
CVE-2025-25293,SAML-Toolkits
CVE-2025-25294,envoyproxy
CVE-2025-25295,HumanSignal
CVE-2025-25296,HumanSignal
CVE-2025-25297,HumanSignal
CVE-2025-25298,strapi
CVE-2025-25299,ckeditor
CVE-2025-25300,ain
CVE-2025-25301,danielgatis
CVE-2025-25302,danielgatis
CVE-2025-25303,ttop32
CVE-2025-25304,vega
CVE-2025-25305,home-assistant
CVE-2025-25306,misskey-dev
CVE-2025-25427,TP-Link Systems Inc.
CVE-2025-25724,libarchive
CVE-2025-26168,IXON
CVE-2025-26169,IXON
CVE-2025-26211,GibbonEdu
CVE-2025-26268,DragonflyDB
CVE-2025-26269,DragonflyDB
CVE-2025-26312,SendQuick
CVE-2025-26318,TSplus
CVE-2025-26330,Dell
CVE-2025-26331,Dell
CVE-2025-26332,Dell
CVE-2025-26333,Dell
CVE-2025-26335,Dell
CVE-2025-26336,Dell
CVE-2025-26339,Q-Free
CVE-2025-26340,Q-Free
CVE-2025-26341,Q-Free
CVE-2025-26342,Q-Free
CVE-2025-26343,Q-Free
CVE-2025-26344,Q-Free
CVE-2025-26345,Q-Free
CVE-2025-26346,Q-Free
CVE-2025-26347,Q-Free
CVE-2025-26348,Q-Free
CVE-2025-26349,Q-Free
CVE-2025-26350,Q-Free
CVE-2025-26351,Q-Free
CVE-2025-26352,Q-Free
CVE-2025-26353,Q-Free
CVE-2025-26354,Q-Free
CVE-2025-26355,Q-Free
CVE-2025-26356,Q-Free
CVE-2025-26357,Q-Free
CVE-2025-26358,Q-Free
CVE-2025-26359,Q-Free
CVE-2025-26360,Q-Free
CVE-2025-26361,Q-Free
CVE-2025-26362,Q-Free
CVE-2025-26363,Q-Free
CVE-2025-26364,Q-Free
CVE-2025-26365,Q-Free
CVE-2025-26366,Q-Free
CVE-2025-26367,Q-Free
CVE-2025-26368,Q-Free
CVE-2025-26369,Q-Free
CVE-2025-26370,Q-Free
CVE-2025-26371,Q-Free
CVE-2025-26372,Q-Free
CVE-2025-26373,Q-Free
CVE-2025-26374,Q-Free
CVE-2025-26375,Q-Free
CVE-2025-26376,Q-Free
CVE-2025-26377,Q-Free
CVE-2025-26378,Q-Free
CVE-2025-26379,Johnson Controls
CVE-2025-26381,Johnson Controls
CVE-2025-26382,Johnson Controls
CVE-2025-26383,Johnson Controls
CVE-2025-26385,Johnson Controls
CVE-2025-26386,Johnson Controls
CVE-2025-26389,Siemens
CVE-2025-26390,Siemens
CVE-2025-26391,SolarWinds
CVE-2025-26392,SolarWinds
CVE-2025-26393,SolarWinds
CVE-2025-26394,SolarWinds
CVE-2025-26395,SolarWinds
CVE-2025-26396,SolarWinds
CVE-2025-26397,SolarWinds
CVE-2025-26398,SolarWinds
CVE-2025-26399,SolarWinds
CVE-2025-26400,SolarWinds
CVE-2025-26401,JTEKT ELECTRONICS CORPORATION
CVE-2025-26408,Wattsense
CVE-2025-26409,Wattsense
CVE-2025-26410,Wattsense
CVE-2025-26411,Wattsense
CVE-2025-26412,SIMCom
CVE-2025-26413,Apache Software Foundation
CVE-2025-26416,Google
CVE-2025-26417,Google
CVE-2025-26418,Google
CVE-2025-26419,Google
CVE-2025-26420,Google
CVE-2025-26421,Google
CVE-2025-26422,Google
CVE-2025-26423,Google
CVE-2025-26424,Google
CVE-2025-26425,Google
CVE-2025-26426,Google
CVE-2025-26427,Google
CVE-2025-26428,Google
CVE-2025-26429,Google
CVE-2025-26430,Google
CVE-2025-26431,Google
CVE-2025-26432,Google
CVE-2025-26434,Google
CVE-2025-26435,Google
CVE-2025-26436,Google
CVE-2025-26437,Google
CVE-2025-26438,Google
CVE-2025-26439,Google
CVE-2025-26440,Google
CVE-2025-26441,Google
CVE-2025-26442,Google
CVE-2025-26443,Google
CVE-2025-26444,Google
CVE-2025-26445,Google
CVE-2025-26448,Google
CVE-2025-26449,Google
CVE-2025-26450,Google
CVE-2025-26452,Google
CVE-2025-26453,Google
CVE-2025-26454,Google
CVE-2025-26455,Google
CVE-2025-26456,Google
CVE-2025-26458,Google
CVE-2025-26461,Google
CVE-2025-26462,Google
CVE-2025-26463,Google
CVE-2025-26464,Google
CVE-2025-26465,Red Hat
CVE-2025-26466,Red Hat
CVE-2025-26467,Apache Software Foundation
CVE-2025-26468,CyberData
CVE-2025-26469,MedDream
CVE-2025-26473,Outback Power
CVE-2025-26474,OpenHarmony
CVE-2025-26475,Dell
CVE-2025-26476,Dell
CVE-2025-26477,Dell
CVE-2025-26478,Dell
CVE-2025-26479,Dell
CVE-2025-26480,Dell
CVE-2025-26481,Dell
CVE-2025-26482,Dell
CVE-2025-26483,Dell
CVE-2025-26484,Dell
CVE-2025-26485,Beta80
CVE-2025-26486,Beta80
CVE-2025-26487,Infinera
CVE-2025-26488,Infinera
CVE-2025-26489,Infinera
CVE-2025-26492,JetBrains
CVE-2025-26493,JetBrains
CVE-2025-26494,Salesforce
CVE-2025-26495,Salesforce
CVE-2025-26496,Salesforce
CVE-2025-26497,Salesforce
CVE-2025-26498,Salesforce
CVE-2025-26499,Wind River Studio Developer
CVE-2025-26500,Wind River Systems
CVE-2025-26503,Wind River Systems Inc
CVE-2025-26506,"HP, Inc."
CVE-2025-26507,"HP, Inc."
CVE-2025-26508,"HP, Inc."
CVE-2025-26511,NetApp
CVE-2025-26512,NetApp
CVE-2025-26513,NetApp
CVE-2025-26514,NetApp
CVE-2025-26515,NetApp
CVE-2025-26516,NetApp
CVE-2025-26517,NetApp
CVE-2025-26519,musl-libc
CVE-2025-26520,Cacti
CVE-2025-26521,Apache Software Foundation
CVE-2025-26522,Rupeeseed Technology Ventures
CVE-2025-26523,Rupeeseed Technology Ventures
CVE-2025-26524,Rupeeseed Technology Ventures
CVE-2025-26525,Moodle Project
CVE-2025-26526,Moodle Project
CVE-2025-26527,Moodle Project
CVE-2025-26528,Moodle Project
CVE-2025-26529,Moodle Project
CVE-2025-26530,Moodle Project
CVE-2025-26531,Moodle Project
CVE-2025-26532,Moodle Project
CVE-2025-26533,Moodle Project
CVE-2025-26534,helloprint
CVE-2025-26535,CodeSolz
CVE-2025-26536,Yendif Player
CVE-2025-26537,rolomak
CVE-2025-26538,Dan Rossiter
CVE-2025-26539,petkivim
CVE-2025-26540,helloprint
CVE-2025-26541,CodeSolz
CVE-2025-26542,Dang Ngoc Binh
CVE-2025-26543,Pukhraj Suthar
CVE-2025-26544,Max K
CVE-2025-26545,shisuh
CVE-2025-26546,Pixelpro
CVE-2025-26547,nagarjunsonti
CVE-2025-26548,kdmurray
CVE-2025-26549,pa1
CVE-2025-26550,Kunal Shivale
CVE-2025-26551,sureshdsk
CVE-2025-26552,badrHan
CVE-2025-26553,Spring Devs
CVE-2025-26554,Nicola Mustone
CVE-2025-26555,Thorsten Ott
CVE-2025-26556,zzmaster
CVE-2025-26557,viperchill
CVE-2025-26558,mkkmail
CVE-2025-26559,Chris Taylor
CVE-2025-26560,KKWangen
CVE-2025-26561,elfsight
CVE-2025-26562,Shambhu Patnaik
CVE-2025-26563,Muneeb
CVE-2025-26564,kagla
CVE-2025-26565,kagla
CVE-2025-26566,Frank
CVE-2025-26567,farjana55
CVE-2025-26568,jensmueller
CVE-2025-26569,Callmeforsox
CVE-2025-26570,uamv
CVE-2025-26571,wibiya
CVE-2025-26572,jesseheap
CVE-2025-26573,JamRizzi Technologies
CVE-2025-26574,Moch Amir
CVE-2025-26575,Kyle Maurer
CVE-2025-26576,takumin
CVE-2025-26577,daxiawp
CVE-2025-26578,mathieuhays
CVE-2025-26579,videowhisper
CVE-2025-26580,Complete SEO
CVE-2025-26581,videowhisper
CVE-2025-26582,Blackbam
CVE-2025-26583,videowhisper
CVE-2025-26584,Travis Ballard
CVE-2025-26585,DyadyaLesha
CVE-2025-26586,abelony
CVE-2025-26587,nghorta
CVE-2025-26588,gabrielperezs
CVE-2025-26589,Cristopher Dino
CVE-2025-26590,Nir
CVE-2025-26591,Noor Alam
CVE-2025-26592,axiomthemes
CVE-2025-26593,FasterThemes
CVE-2025-26594,Red Hat
CVE-2025-26595,Red Hat
CVE-2025-26596,Red Hat
CVE-2025-26597,Red Hat
CVE-2025-26598,Red Hat
CVE-2025-26599,Red Hat
CVE-2025-26600,Red Hat
CVE-2025-26601,Red Hat
CVE-2025-26603,vim
CVE-2025-26604,Discord-Agora
CVE-2025-26605,LabRedesCefetRJ
CVE-2025-26606,LabRedesCefetRJ
CVE-2025-26607,LabRedesCefetRJ
CVE-2025-26608,LabRedesCefetRJ
CVE-2025-26609,LabRedesCefetRJ
CVE-2025-26610,LabRedesCefetRJ
CVE-2025-26611,LabRedesCefetRJ
CVE-2025-26612,LabRedesCefetRJ
CVE-2025-26613,LabRedesCefetRJ
CVE-2025-26614,LabRedesCefetRJ
CVE-2025-26615,LabRedesCefetRJ
CVE-2025-26616,LabRedesCefetRJ
CVE-2025-26617,LabRedesCefetRJ
CVE-2025-26618,erlang
CVE-2025-26619,vega
CVE-2025-26620,DuendeSoftware
CVE-2025-26621,OpenCTI-Platform
CVE-2025-26622,vyperlang
CVE-2025-26623,Exiv2
CVE-2025-26624,pbatard
CVE-2025-26625,git-lfs
CVE-2025-26626,glpi-project
CVE-2025-26627,Microsoft
CVE-2025-26628,Microsoft
CVE-2025-26629,Microsoft
CVE-2025-26630,Microsoft
CVE-2025-26631,Microsoft
CVE-2025-26633,Microsoft
CVE-2025-26634,Microsoft
CVE-2025-26635,Microsoft
CVE-2025-26636,Microsoft
CVE-2025-26637,Microsoft
CVE-2025-26639,Microsoft
CVE-2025-26640,Microsoft
CVE-2025-26641,Microsoft
CVE-2025-26642,Microsoft
CVE-2025-26643,Microsoft
CVE-2025-26644,Microsoft
CVE-2025-26645,Microsoft
CVE-2025-26646,Microsoft
CVE-2025-26647,Microsoft
CVE-2025-26648,Microsoft
CVE-2025-26649,Microsoft
CVE-2025-26651,Microsoft
CVE-2025-26652,Microsoft
CVE-2025-26653,SAP_SE
CVE-2025-26654,SAP_SE
CVE-2025-26655,SAP_SE
CVE-2025-26656,SAP_SE
CVE-2025-26657,SAP_SE
CVE-2025-26658,SAP_SE
CVE-2025-26659,SAP_SE
CVE-2025-26660,SAP_SE
CVE-2025-26661,SAP_SE
CVE-2025-26662,SAP_SE
CVE-2025-26663,Microsoft
CVE-2025-26664,Microsoft
CVE-2025-26665,Microsoft
CVE-2025-26666,Microsoft
CVE-2025-26667,Microsoft
CVE-2025-26668,Microsoft
CVE-2025-26669,Microsoft
CVE-2025-26670,Microsoft
CVE-2025-26671,Microsoft
CVE-2025-26672,Microsoft
CVE-2025-26673,Microsoft
CVE-2025-26674,Microsoft
CVE-2025-26675,Microsoft
CVE-2025-26676,Microsoft
CVE-2025-26677,Microsoft
CVE-2025-26678,Microsoft
CVE-2025-26679,Microsoft
CVE-2025-26680,Microsoft
CVE-2025-26681,Microsoft
CVE-2025-26682,Microsoft
CVE-2025-26683,Microsoft
CVE-2025-26684,Microsoft
CVE-2025-26685,Microsoft
CVE-2025-26686,Microsoft
CVE-2025-26687,Microsoft
CVE-2025-26688,Microsoft
CVE-2025-26689,"Inaba Denki Sangyo Co., Ltd."
CVE-2025-26690,OpenHarmony
CVE-2025-26691,OpenHarmony
CVE-2025-26692,"SIOS Technology, Inc."
CVE-2025-26693,OpenHarmony
CVE-2025-26695,Mozilla
CVE-2025-26696,Mozilla
CVE-2025-26698,"J’s Communication Co., Ltd."
CVE-2025-26699,djangoproject
CVE-2025-26700,"Siber Systems, Inc."
CVE-2025-26701,Percona
CVE-2025-26702,ZTE
CVE-2025-26703,ZTE
CVE-2025-26704,ZTE
CVE-2025-26705,ZTE
CVE-2025-26706,ZTE
CVE-2025-26707,ZTE
CVE-2025-26708,ZTE
CVE-2025-26709,ZTE
CVE-2025-26710,ZTE
CVE-2025-26711,ZTE
CVE-2025-26730,NotFound
CVE-2025-26731,reputeinfosystems
CVE-2025-26732,burgersoftware
CVE-2025-26733,shinetheme
CVE-2025-26734,peregrinethemes
CVE-2025-26735,Candid themes
CVE-2025-26736,victortihai
CVE-2025-26737,yudleethemes
CVE-2025-26738,Graham
CVE-2025-26739,themefunction
CVE-2025-26740,burgersoftware
CVE-2025-26741,AWEOS GmbH
CVE-2025-26742,GhozyLab
CVE-2025-26743,TC.K
CVE-2025-26744,Crocoblock
CVE-2025-26745,RSTheme
CVE-2025-26746,caalami
CVE-2025-26747,99colorthemes
CVE-2025-26748,looswebstudio
CVE-2025-26749,WPFactory
CVE-2025-26750,appsbd
CVE-2025-26751,Fahad Mahmood
CVE-2025-26752,videowhisper
CVE-2025-26753,videowhisper
CVE-2025-26754,bPlugins
CVE-2025-26755,jgwhite33
CVE-2025-26756,grimdonkey
CVE-2025-26757,FULL SERVICES
CVE-2025-26758,RebelCode
CVE-2025-26759,alexvtn
CVE-2025-26760,Wow-Company
CVE-2025-26761,hashthemes
CVE-2025-26762,Automattic
CVE-2025-26763,MetaSlider
CVE-2025-26764,enituretechnology
CVE-2025-26765,enituretechnology
CVE-2025-26766,VaultDweller
CVE-2025-26767,Themeum
CVE-2025-26768,what3words
CVE-2025-26769,Webilia Inc.
CVE-2025-26770,Joe
CVE-2025-26771,sonalsinha21
CVE-2025-26772,Detheme
CVE-2025-26773,Adnan
CVE-2025-26774,Rock Solid
CVE-2025-26775,RealMag777
CVE-2025-26776,NotFound
CVE-2025-26778,Jordy Meow
CVE-2025-26779,Fahad Mahmood
CVE-2025-26788,StrongKey
CVE-2025-26789,Logpoint
CVE-2025-26791,Cure53
CVE-2025-26793,Hirsch
CVE-2025-26794,Exim
CVE-2025-26795,Apache Software Foundation
CVE-2025-26796,Apache Software Foundation
CVE-2025-26803,Phusion
CVE-2025-26819,getmonero
CVE-2025-26849,Docusnap
CVE-2025-26850,Quest
CVE-2025-26852,Descor
CVE-2025-26853,Descor
CVE-2025-26854,joomcar.net
CVE-2025-26855,joomcar.net
CVE-2025-26856,"I-O DATA DEVICE, INC."
CVE-2025-26857,Growatt
CVE-2025-26858,Socomec
CVE-2025-26859,"RSUPPORT CO., LTD."
CVE-2025-26860,"RSUPPORT CO., LTD."
CVE-2025-26861,"RSUPPORT CO., LTD."
CVE-2025-26862,Ping Identity
CVE-2025-26864,Apache Software Foundation
CVE-2025-26865,Apache Software Foundation
CVE-2025-26866,Apache Software Foundation
CVE-2025-26867,Themes4WP
CVE-2025-26868,fastflow
CVE-2025-26870,Crocoblock
CVE-2025-26871,WPDeveloper
CVE-2025-26872,dkszone
CVE-2025-26873,shinetheme
CVE-2025-26874,memberspace
CVE-2025-26875,silverplugins217
CVE-2025-26876,CodeManas
CVE-2025-26877,Rustaurius
CVE-2025-26878,patternsinthecloud
CVE-2025-26879,Cristián Lávaque
CVE-2025-26880,sonalsinha21
CVE-2025-26881,bPlugins
CVE-2025-26882,GhozyLab
CVE-2025-26883,bPlugins
CVE-2025-26884,wpsoul
CVE-2025-26885,Beaver Builder
CVE-2025-26886,PublishPress
CVE-2025-26887,Eli
CVE-2025-26888,Amir Helzer
CVE-2025-26889,hockeydata
CVE-2025-26890,RealMag777
CVE-2025-26891,VW THEMES
CVE-2025-26892,dkszone
CVE-2025-26893,Kiran Potphode
CVE-2025-26894,Mobeen Abdullah
CVE-2025-26895,maennchen1.de
CVE-2025-26896,vpiwigo
CVE-2025-26897,Baden
CVE-2025-26898,shinetheme
CVE-2025-26899,Recapture Cart Recovery and Email Marketing
CVE-2025-26900,flexmls
CVE-2025-26901,Brizy
CVE-2025-26902,Brizy
CVE-2025-26903,RealMag777
CVE-2025-26904,gal_op
CVE-2025-26905,Estatik
CVE-2025-26906,Ren Ventura
CVE-2025-26907,Estatik
CVE-2025-26908,Gurmehub
CVE-2025-26909,John Darrel
CVE-2025-26910,Iqonic Design
CVE-2025-26911,Bowo
CVE-2025-26912,hashthemes
CVE-2025-26913,webandprint
CVE-2025-26914,Bowo
CVE-2025-26915,PickPlugins
CVE-2025-26916,Pixflow
CVE-2025-26917,HasThemes
CVE-2025-26918,enituretechnology
CVE-2025-26919,tainacan
CVE-2025-26920,pressmaximum
CVE-2025-26921,magepeopleteam
CVE-2025-26922,techthemes
CVE-2025-26923,Bastien Ho
CVE-2025-26924,colabrio
CVE-2025-26925,Required
CVE-2025-26926,fs-code
CVE-2025-26927,LiquidThemes
CVE-2025-26928,Xfinitysoft
CVE-2025-26929,Bastien Ho
CVE-2025-26930,alleythemes
CVE-2025-26931,Tribulant Software
CVE-2025-26932,QuantumCloud
CVE-2025-26933,Nitin Prakash
CVE-2025-26934,graphthemes
CVE-2025-26935,wpjobportal
CVE-2025-26936,FRESHFACE
CVE-2025-26937,bPlugins
CVE-2025-26938,bPlugins
CVE-2025-26939,bPlugins
CVE-2025-26940,NotFound
CVE-2025-26941,andy_moyle
CVE-2025-26942,Crocoblock
CVE-2025-26943,Jürgen Müller
CVE-2025-26944,Crocoblock
CVE-2025-26945,bPlugins
CVE-2025-26946,jgwhite33
CVE-2025-26947,bPlugins
CVE-2025-26948,NotFound
CVE-2025-26949,bPlugins
CVE-2025-26950,AddonsPress
CVE-2025-26951,covertnine
CVE-2025-26952,bPlugins
CVE-2025-26953,Crocoblock
CVE-2025-26954,1pluginjquery
CVE-2025-26955,vowelweb
CVE-2025-26956,shinetheme
CVE-2025-26957,Deetronix
CVE-2025-26958,Crocoblock
CVE-2025-26959,Quý Lê 91
CVE-2025-26960,enituretechnology
CVE-2025-26961,FRESHFACE
CVE-2025-26962,GhozyLab
CVE-2025-26963,ClickWhale
CVE-2025-26964,Arraytics
CVE-2025-26965,ameliabooking
CVE-2025-26966,Aldo Latino
CVE-2025-26967,Stiofan
CVE-2025-26968,webbernaut
CVE-2025-26969,Aldo Latino
CVE-2025-26970,FRESHFACE
CVE-2025-26971,Ays Pro
CVE-2025-26972,NotFound
CVE-2025-26973,WarfarePlugins
CVE-2025-26974,WPExperts.io
CVE-2025-26975,WP Chill
CVE-2025-26976,Aldo Latino
CVE-2025-26977,Ninja Team
CVE-2025-26978,fs-code
CVE-2025-26979,Aman
CVE-2025-26980,Wired Impact
CVE-2025-26981,accessiBe
CVE-2025-26982,Eric-Oliver Mächler
CVE-2025-26983,WPZOOM
CVE-2025-26984,Cozy Vision
CVE-2025-26985,Majestic Support
CVE-2025-26986,StylemixThemes
CVE-2025-26987,Shabti Kaplan
CVE-2025-26988,Cozy Vision
CVE-2025-26989,softdiscover
CVE-2025-26990,WP Royal
CVE-2025-26991,ollybach
CVE-2025-26992,fatcatapps
CVE-2025-26993,Vito Peleg
CVE-2025-26994,softdiscover
CVE-2025-26995,Anton Vanyukov
CVE-2025-26996,Fetch Designs
CVE-2025-26997,validas
CVE-2025-26998,sonalsinha21
CVE-2025-26999,Metagauss
CVE-2025-27000,George Pattichis
CVE-2025-27001,Shipmondo
CVE-2025-27002,LambertGroup
CVE-2025-27003,fullworks
CVE-2025-27004,LambertGroup
CVE-2025-27005,LambertGroup
CVE-2025-27006,themeplugs
CVE-2025-27007,Brainstorm Force
CVE-2025-27008,NotFound
CVE-2025-27009,wphocus
CVE-2025-27010,bslthemes
CVE-2025-27011,magepeopleteam
CVE-2025-27012,a1post
CVE-2025-27013,QuanticaLabs
CVE-2025-27014,designingmedia
CVE-2025-27015,designingmedia
CVE-2025-27016,awsm.in
CVE-2025-27017,Apache Software Foundation
CVE-2025-27018,Apache Software Foundation
CVE-2025-27019,Infinera
CVE-2025-27020,Infinera
CVE-2025-27021,Infinera
CVE-2025-27022,Infinera
CVE-2025-27023,Infinera
CVE-2025-27024,Infinera
CVE-2025-27025,Infinera
CVE-2025-27026,Infinera
CVE-2025-27027,Radiflow
CVE-2025-27028,Radiflow
CVE-2025-27029,"Qualcomm, Inc."
CVE-2025-27030,"Qualcomm, Inc."
CVE-2025-27031,"Qualcomm, Inc."
CVE-2025-27032,"Qualcomm, Inc."
CVE-2025-27033,"Qualcomm, Inc."
CVE-2025-27034,"Qualcomm, Inc."
CVE-2025-27036,"Qualcomm, Inc."
CVE-2025-27037,"Qualcomm, Inc."
CVE-2025-27038,"Qualcomm, Inc."
CVE-2025-27039,"Qualcomm, Inc."
CVE-2025-27040,"Qualcomm, Inc."
CVE-2025-27041,"Qualcomm, Inc."
CVE-2025-27042,"Qualcomm, Inc."
CVE-2025-27043,"Qualcomm, Inc."
CVE-2025-27044,"Qualcomm, Inc."
CVE-2025-27045,"Qualcomm, Inc."
CVE-2025-27046,"Qualcomm, Inc."
CVE-2025-27047,"Qualcomm, Inc."
CVE-2025-27048,"Qualcomm, Inc."
CVE-2025-27049,"Qualcomm, Inc."
CVE-2025-27050,"Qualcomm, Inc."
CVE-2025-27051,"Qualcomm, Inc."
CVE-2025-27052,"Qualcomm, Inc."
CVE-2025-27053,"Qualcomm, Inc."
CVE-2025-27054,"Qualcomm, Inc."
CVE-2025-27055,"Qualcomm, Inc."
CVE-2025-27056,"Qualcomm, Inc."
CVE-2025-27057,"Qualcomm, Inc."
CVE-2025-27058,"Qualcomm, Inc."
CVE-2025-27059,"Qualcomm, Inc."
CVE-2025-27060,"Qualcomm, Inc."
CVE-2025-27061,"Qualcomm, Inc."
CVE-2025-27062,"Qualcomm, Inc."
CVE-2025-27063,"Qualcomm, Inc."
CVE-2025-27064,"Qualcomm, Inc."
CVE-2025-27065,"Qualcomm, Inc."
CVE-2025-27066,"Qualcomm, Inc."
CVE-2025-27067,"Qualcomm, Inc."
CVE-2025-27068,"Qualcomm, Inc."
CVE-2025-27069,"Qualcomm, Inc."
CVE-2025-27070,"Qualcomm, Inc."
CVE-2025-27071,"Qualcomm, Inc."
CVE-2025-27072,"Qualcomm, Inc."
CVE-2025-27073,"Qualcomm, Inc."
CVE-2025-27074,"Qualcomm, Inc."
CVE-2025-27075,"Qualcomm, Inc."
CVE-2025-27076,"Qualcomm, Inc."
CVE-2025-27077,"Qualcomm, Inc."
CVE-2025-27078,Hewlett Packard Enterprise (HPE)
CVE-2025-27079,Hewlett Packard Enterprise (HPE)
CVE-2025-27080,Hewlett Packard Enterprise (HPE)
CVE-2025-27081,Hewlett Packard Enterprise
CVE-2025-27082,Hewlett Packard Enterprise (HPE)
CVE-2025-27083,Hewlett Packard Enterprise (HPE)
CVE-2025-27084,Hewlett Packard Enterprise (HPE)
CVE-2025-27085,Hewlett Packard Enterprise (HPE)
CVE-2025-27086,Hewlett Packard Enterprise
CVE-2025-27087,Hewlett Packard Enterprise (HPE)
CVE-2025-27088,oxyno-zeta
CVE-2025-27089,directus
CVE-2025-27090,BishopFox
CVE-2025-27091,cisco
CVE-2025-27092,cmu-sei
CVE-2025-27093,BishopFox
CVE-2025-27094,Enalean
CVE-2025-27095,jumpserver
CVE-2025-27096,LabRedesCefetRJ
CVE-2025-27097,ardatan
CVE-2025-27098,ardatan
CVE-2025-27099,Enalean
CVE-2025-27100,treeverse
CVE-2025-27101,obiba
CVE-2025-27102,obiba
CVE-2025-27103,dataease
CVE-2025-27104,vyperlang
CVE-2025-27105,vyperlang
CVE-2025-27106,chrisleekr
CVE-2025-27107,CyclopsMC
CVE-2025-27108,ryansolid
CVE-2025-27109,solidjs
CVE-2025-27110,owasp-modsecurity
CVE-2025-27111,rack
CVE-2025-27112,navidrome
CVE-2025-27113,xmlsoft
CVE-2025-27127,Siemens
CVE-2025-27128,OpenHarmony
CVE-2025-27129,Tenda
CVE-2025-27130,Welcart Inc.
CVE-2025-27131,OpenHarmony
CVE-2025-27132,OpenHarmony
CVE-2025-27133,LabRedesCefetRJ
CVE-2025-27134,laurent22
CVE-2025-27135,infiniflow
CVE-2025-27136,Robothy
CVE-2025-27137,DependencyTrack
CVE-2025-27138,dataease
CVE-2025-27139,Combodo
CVE-2025-27140,LabRedesCefetRJ
CVE-2025-27141,metabase
CVE-2025-27142,localsend
CVE-2025-27143,better-auth
CVE-2025-27144,go-jose
CVE-2025-27145,9001
CVE-2025-27146,matrix-org
CVE-2025-27147,glpi-project
CVE-2025-27148,gradle
CVE-2025-27149,zulip
CVE-2025-27150,Enalean
CVE-2025-27151,redis
CVE-2025-27152,axios
CVE-2025-27153,pluginsGLPI
CVE-2025-27154,spotipy-dev
CVE-2025-27155,matrix-org
CVE-2025-27156,Enalean
CVE-2025-27157,mastodon
CVE-2025-27158,Adobe
CVE-2025-27159,Adobe
CVE-2025-27160,Adobe
CVE-2025-27161,Adobe
CVE-2025-27162,Adobe
CVE-2025-27163,Adobe
CVE-2025-27164,Adobe
CVE-2025-27165,Adobe
CVE-2025-27166,Adobe
CVE-2025-27167,Adobe
CVE-2025-27168,Adobe
CVE-2025-27169,Adobe
CVE-2025-27170,Adobe
CVE-2025-27171,Adobe
CVE-2025-27172,Adobe
CVE-2025-27173,Adobe
CVE-2025-27174,Adobe
CVE-2025-27175,Adobe
CVE-2025-27176,Adobe
CVE-2025-27177,Adobe
CVE-2025-27178,Adobe
CVE-2025-27179,Adobe
CVE-2025-27180,Adobe
CVE-2025-27181,Adobe
CVE-2025-27182,Adobe
CVE-2025-27183,Adobe
CVE-2025-27184,Adobe
CVE-2025-27185,Adobe
CVE-2025-27186,Adobe
CVE-2025-27187,Adobe
CVE-2025-27188,Adobe
CVE-2025-27189,Adobe
CVE-2025-27190,Adobe
CVE-2025-27191,Adobe
CVE-2025-27192,Adobe
CVE-2025-27193,Adobe
CVE-2025-27194,Adobe
CVE-2025-27195,Adobe
CVE-2025-27196,Adobe
CVE-2025-27197,Adobe
CVE-2025-27198,Adobe
CVE-2025-27199,Adobe
CVE-2025-27200,Adobe
CVE-2025-27201,Adobe
CVE-2025-27202,Adobe
CVE-2025-27203,Adobe
CVE-2025-27204,Adobe
CVE-2025-27205,Adobe
CVE-2025-27206,Adobe
CVE-2025-27207,Adobe
CVE-2025-27208,Revive
CVE-2025-27209,nodejs
CVE-2025-27210,nodejs
CVE-2025-27211,Ubiquiti Inc
CVE-2025-27212,Ubiquiti Inc
CVE-2025-27213,Ubiquiti Inc
CVE-2025-27214,Ubiquiti Inc
CVE-2025-27215,Ubiquiti Inc
CVE-2025-27216,Ubiquiti Inc
CVE-2025-27217,Ubiquiti Inc
CVE-2025-27219,ruby-lang
CVE-2025-27220,ruby-lang
CVE-2025-27221,ruby-lang
CVE-2025-27231,Zabbix
CVE-2025-27232,Zabbix
CVE-2025-27233,Zabbix
CVE-2025-27234,Zabbix
CVE-2025-27236,Zabbix
CVE-2025-27237,Zabbix
CVE-2025-27238,Zabbix
CVE-2025-27240,Zabbix
CVE-2025-27241,OpenHarmony
CVE-2025-27242,OpenHarmony
CVE-2025-27244,Hammock Corporation
CVE-2025-27247,OpenHarmony
CVE-2025-27248,OpenHarmony
CVE-2025-27253,GE Vernova
CVE-2025-27254,GE Vernova
CVE-2025-27255,GE Vernova
CVE-2025-27256,GE Vernova
CVE-2025-27257,GE Vernova
CVE-2025-27258,Ericsson
CVE-2025-27259,Ericsson
CVE-2025-27260,Ericsson
CVE-2025-27261,Ericsson
CVE-2025-27262,Ericsson
CVE-2025-27263,Creativeitem
CVE-2025-27264,Creativeitem
CVE-2025-27265,Aaron D. Campbell
CVE-2025-27266,Ignacio Perez
CVE-2025-27267,srcoley
CVE-2025-27268,enituretechnology
CVE-2025-27269,Anton Aleksandrov
CVE-2025-27270,enituretechnology
CVE-2025-27271,Alberto Cocchiara
CVE-2025-27272,vinagecko
CVE-2025-27273,winking
CVE-2025-27274,axelkeller
CVE-2025-27275,andrew_fisher
CVE-2025-27276,lizeipe
CVE-2025-27277,tiefpunkt
CVE-2025-27278,David Ghedini
CVE-2025-27279,lynk
CVE-2025-27280,Alobaidi
CVE-2025-27281,cookforweb
CVE-2025-27282,rockgod100
CVE-2025-27283,rockgod100
CVE-2025-27284,divspark
CVE-2025-27285,Ays Pro
CVE-2025-27286,saoshyant1994
CVE-2025-27287,ssvadim
CVE-2025-27288,BjornW
CVE-2025-27289,Antoine Guillien
CVE-2025-27290,seyyed-amir
CVE-2025-27291,uxgallery
CVE-2025-27292,PoppinsDigital.com
CVE-2025-27293,webparexapp
CVE-2025-27294,platcom
CVE-2025-27295,wpion
CVE-2025-27296,revenueflex
CVE-2025-27297,guelben
CVE-2025-27298,cmstactics
CVE-2025-27299,WP Asia
CVE-2025-27300,giuliopanda
CVE-2025-27301,Nazmul Hasan Robin
CVE-2025-27302,Claudio Adrian Marrero
CVE-2025-27303,themelogger
CVE-2025-27304,themelogger
CVE-2025-27305,Achal Jain
CVE-2025-27306,pathomation
CVE-2025-27307,oooorgle
CVE-2025-27308,cmstactics
CVE-2025-27309,Jeannot Muller
CVE-2025-27310,Radius of Thought
CVE-2025-27311,luk3thomas
CVE-2025-27312,Jenst
CVE-2025-27313,Bernd Altmeier
CVE-2025-27314,Kush Sharma
CVE-2025-27315,wptom
CVE-2025-27316,hosting.io
CVE-2025-27317,IT-RAYS
CVE-2025-27318,ixiter
CVE-2025-27319,ivan82
CVE-2025-27320,Pankaj Mondal
CVE-2025-27321,Blighty
CVE-2025-27322,Bappa Mal
CVE-2025-27323,Jon Bishop
CVE-2025-27324,17track
CVE-2025-27325,Bruce
CVE-2025-27326,bPlugins
CVE-2025-27327,Winlin
CVE-2025-27328,queeez
CVE-2025-27329,inlinkz
CVE-2025-27330,PlayerJS
CVE-2025-27331,Sébastien Dumont
CVE-2025-27332,gmnazmul
CVE-2025-27333,alvego
CVE-2025-27334,Ángel C.
CVE-2025-27335,Free plug in by SEO Roma
CVE-2025-27336,Alex Prokopenko / JustCoded
CVE-2025-27337,kontur
CVE-2025-27338,graphems
CVE-2025-27339,Will Anderson
CVE-2025-27340,Forge12 Interactive GmbH
CVE-2025-27341,afzal_du
CVE-2025-27342,josesan
CVE-2025-27343,Webilop
CVE-2025-27344,filipstepanov
CVE-2025-27345,Deetronix
CVE-2025-27346,gerrygooner
CVE-2025-27347,techmix
CVE-2025-27348,Daniel
CVE-2025-27349,nurelm
CVE-2025-27350,Hugh Mungus
CVE-2025-27351,ExpertBusinessSearch
CVE-2025-27352,wumii team
CVE-2025-27353,Bob
CVE-2025-27354,phil88530
CVE-2025-27355,Nicolas GRILLET
CVE-2025-27356,Hardik
CVE-2025-27357,Musa AVCI
CVE-2025-27358,N-Media
CVE-2025-27359,Seerox
CVE-2025-27360,WP Corner
CVE-2025-27361,thhake
CVE-2025-27362,BZOTheme
CVE-2025-27363,FreeType
CVE-2025-27364,MITRE
CVE-2025-27365,IBM
CVE-2025-27367,IBM
CVE-2025-27368,IBM
CVE-2025-27369,IBM
CVE-2025-27370,OpenID
CVE-2025-27371,IETF
CVE-2025-27377,Altium
CVE-2025-27378,Altium
CVE-2025-27379,Altium
CVE-2025-27380,Altium
CVE-2025-27387,OPPO
CVE-2025-27388,OPPO
CVE-2025-27389,ColorOS
CVE-2025-27391,Apache Software Foundation
CVE-2025-27392,Siemens
CVE-2025-27393,Siemens
CVE-2025-27394,Siemens
CVE-2025-27395,Siemens
CVE-2025-27396,Siemens
CVE-2025-27397,Siemens
CVE-2025-27398,Siemens
CVE-2025-27399,mastodon
CVE-2025-27400,OpenMage
CVE-2025-27401,Enalean
CVE-2025-27402,Enalean
CVE-2025-27403,ratify-project
CVE-2025-27404,Icinga
CVE-2025-27405,Icinga
CVE-2025-27406,Icinga
CVE-2025-27407,rmosolgo
CVE-2025-27408,mnfst
CVE-2025-27409,laurent22
CVE-2025-27410,pwndoc
CVE-2025-27411,redaxo
CVE-2025-27412,redaxo
CVE-2025-27413,pwndoc
CVE-2025-27414,minio
CVE-2025-27415,nuxt
CVE-2025-27416,Scratch-Coding-Hut
CVE-2025-27417,LabRedesCefetRJ
CVE-2025-27418,LabRedesCefetRJ
CVE-2025-27419,LabRedesCefetRJ
CVE-2025-27420,LabRedesCefetRJ
CVE-2025-27421,JasonLovesDoggo
CVE-2025-27422,factionsecurity
CVE-2025-27423,vim
CVE-2025-27424,Mozilla
CVE-2025-27425,Mozilla
CVE-2025-27426,Mozilla
CVE-2025-27427,Apache Software Foundation
CVE-2025-27428,SAP_SE
CVE-2025-27429,SAP_SE
CVE-2025-27430,SAP_SE
CVE-2025-27431,SAP_SE
CVE-2025-27432,SAP_SE
CVE-2025-27433,SAP_SE
CVE-2025-27434,SAP_SE
CVE-2025-27435,SAP_SE
CVE-2025-27436,SAP_SE
CVE-2025-27437,SAP_SE
CVE-2025-27438,Siemens
CVE-2025-27439,"Zoom Communications, Inc"
CVE-2025-27440,"Zoom Communications, Inc"
CVE-2025-27441,"Zoom Communications, Inc"
CVE-2025-27442,"Zoom Communications, Inc"
CVE-2025-27443,"Zoom Communications, Inc"
CVE-2025-27444,rsjoomla.com
CVE-2025-27445,rsjoomla.com
CVE-2025-27446,Apache Software Foundation
CVE-2025-27447,Endress+Hauser
CVE-2025-27448,Endress+Hauser
CVE-2025-27449,Endress+Hauser
CVE-2025-27450,Endress+Hauser
CVE-2025-27451,Endress+Hauser
CVE-2025-27452,Endress+Hauser
CVE-2025-27453,Endress+Hauser
CVE-2025-27454,Endress+Hauser
CVE-2025-27455,Endress+Hauser
CVE-2025-27456,Endress+Hauser
CVE-2025-27457,Endress+Hauser
CVE-2025-27458,Endress+Hauser
CVE-2025-27459,Endress+Hauser
CVE-2025-27460,Endress+Hauser
CVE-2025-27461,Endress+Hauser
CVE-2025-27462,Xen
CVE-2025-27463,Xen
CVE-2025-27464,Xen
CVE-2025-27465,Xen
CVE-2025-27466,Xen
CVE-2025-27467,Microsoft
CVE-2025-27468,Microsoft
CVE-2025-27469,Microsoft
CVE-2025-27470,Microsoft
CVE-2025-27471,Microsoft
CVE-2025-27472,Microsoft
CVE-2025-27473,Microsoft
CVE-2025-27474,Microsoft
CVE-2025-27475,Microsoft
CVE-2025-27476,Microsoft
CVE-2025-27477,Microsoft
CVE-2025-27478,Microsoft
CVE-2025-27479,Microsoft
CVE-2025-27480,Microsoft
CVE-2025-27481,Microsoft
CVE-2025-27482,Microsoft
CVE-2025-27483,Microsoft
CVE-2025-27484,Microsoft
CVE-2025-27485,Microsoft
CVE-2025-27486,Microsoft
CVE-2025-27487,Microsoft
CVE-2025-27488,Microsoft
CVE-2025-27489,Microsoft
CVE-2025-27490,Microsoft
CVE-2025-27491,Microsoft
CVE-2025-27492,Microsoft
CVE-2025-27493,Siemens
CVE-2025-27494,Siemens
CVE-2025-27495,Siemens
CVE-2025-27496,snowflakedb
CVE-2025-27497,OpenIdentityPlatform
CVE-2025-27498,RustCrypto
CVE-2025-27499,LabRedesCefetRJ
CVE-2025-27500,openziti
CVE-2025-27501,openziti
CVE-2025-27505,geoserver
CVE-2025-27506,nocodb
CVE-2025-27507,zitadel
CVE-2025-27508,NationalSecurityAgency
CVE-2025-27509,fleetdm
CVE-2025-27510,conda-forge
CVE-2025-27511,geoserver
CVE-2025-27512,coreos
CVE-2025-27513,open-telemetry
CVE-2025-27514,glpi-project
CVE-2025-27515,laravel
CVE-2025-27516,pallets
CVE-2025-27517,livewire
CVE-2025-27518,truefoundry
CVE-2025-27519,truefoundry
CVE-2025-27520,bentoml
CVE-2025-27521,Huawei
CVE-2025-27522,Apache Software Foundation
CVE-2025-27523,Hitachi
CVE-2025-27524,Hitachi
CVE-2025-27525,Hitachi
CVE-2025-27526,Apache Software Foundation
CVE-2025-27528,Apache Software Foundation
CVE-2025-27531,Apache Software Foundation
CVE-2025-27532,Bosch Rexroth AG
CVE-2025-27533,Apache Software Foundation
CVE-2025-27534,OpenHarmony
CVE-2025-27536,OpenHarmony
CVE-2025-27538,Mattermost
CVE-2025-27539,Siemens
CVE-2025-27540,Siemens
CVE-2025-27550,IBM
CVE-2025-27551,WREIS
CVE-2025-27552,WREIS
CVE-2025-27553,Apache Software Foundation
CVE-2025-27554,ToDesktop
CVE-2025-27555,Apache Software Foundation
CVE-2025-27556,djangoproject
CVE-2025-27561,Growatt
CVE-2025-27562,OpenHarmony
CVE-2025-27563,OpenHarmony
CVE-2025-27565,Growatt
CVE-2025-27566,appleple inc.
CVE-2025-27567,KDDI CORPORATION
CVE-2025-27568,Growatt
CVE-2025-27571,Mattermost
CVE-2025-27574,KDDI CORPORATION
CVE-2025-27575,Growatt
CVE-2025-27577,OpenHarmony
CVE-2025-27578,Pixmeo
CVE-2025-27579,Bitaxe
CVE-2025-27580,NIH
CVE-2025-27581,NIH
CVE-2025-27582,One Identity
CVE-2025-27590,Oxidized Web project
CVE-2025-27591,"Meta Platforms, Inc"
CVE-2025-27593,SICK AG
CVE-2025-27594,SICK AG
CVE-2025-27595,SICK AG
CVE-2025-27597,intlify
CVE-2025-27598,SixLabors
CVE-2025-27599,element-hq
CVE-2025-27600,labring
CVE-2025-27601,umbraco
CVE-2025-27602,umbraco
CVE-2025-27603,xwikisas
CVE-2025-27604,xwikisas
CVE-2025-27606,element-hq
CVE-2025-27607,nhairs
CVE-2025-27608,arduino
CVE-2025-27609,Icinga
CVE-2025-27610,rack
CVE-2025-27611,cryptocoinjs
CVE-2025-27612,youki-dev
CVE-2025-27613,j6t
CVE-2025-27614,j6t
CVE-2025-27615,umati
CVE-2025-27616,go-vela
CVE-2025-27617,pimcore
CVE-2025-27621,uptrain-ai
CVE-2025-27622,Jenkins Project
CVE-2025-27623,Jenkins Project
CVE-2025-27624,Jenkins Project
CVE-2025-27625,Jenkins Project
CVE-2025-27631,Hitachi Energy
CVE-2025-27632,Hitachi Energy
CVE-2025-27633,Hitachi Energy
CVE-2025-27636,Apache Software Foundation
CVE-2025-27686,Dell
CVE-2025-27688,Dell
CVE-2025-27689,Dell
CVE-2025-27690,Dell
CVE-2025-27692,Dell
CVE-2025-27693,Dell
CVE-2025-27694,Dell
CVE-2025-27695,Dell
CVE-2025-27696,Apache Software Foundation
CVE-2025-27700,Google
CVE-2025-27701,Google
CVE-2025-27702,Absolute Security
CVE-2025-27703,Absolute Security
CVE-2025-27704,Absolute Security
CVE-2025-27705,Absolute Security
CVE-2025-27706,Absolute Security
CVE-2025-27709,ManageEngine
CVE-2025-27714,INFINITT Healthcare
CVE-2025-27715,Mattermost
CVE-2025-27716,KDDI CORPORATION
CVE-2025-27718,KDDI CORPORATION
CVE-2025-27719,Growatt
CVE-2025-27720,Pixmeo
CVE-2025-27721,INFINITT Healthcare
CVE-2025-27722,"Inaba Denki Sangyo Co., Ltd."
CVE-2025-27724,MedDream
CVE-2025-27726,KDDI CORPORATION
CVE-2025-27727,Microsoft
CVE-2025-27728,Microsoft
CVE-2025-27729,Microsoft
CVE-2025-27730,Microsoft
CVE-2025-27731,Microsoft
CVE-2025-27732,Microsoft
CVE-2025-27733,Microsoft
CVE-2025-27735,Microsoft
CVE-2025-27736,Microsoft
CVE-2025-27737,Microsoft
CVE-2025-27738,Microsoft
CVE-2025-27739,Microsoft
CVE-2025-27740,Microsoft
CVE-2025-27741,Microsoft
CVE-2025-27742,Microsoft
CVE-2025-27743,Microsoft
CVE-2025-27744,Microsoft
CVE-2025-27745,Microsoft
CVE-2025-27746,Microsoft
CVE-2025-27747,Microsoft
CVE-2025-27748,Microsoft
CVE-2025-27749,Microsoft
CVE-2025-27750,Microsoft
CVE-2025-27751,Microsoft
CVE-2025-27752,Microsoft
CVE-2025-27753,rsjoomla.com
CVE-2025-27754,rsjoomla.com
CVE-2025-27759,Fortinet
CVE-2025-27769,Siemens
CVE-2025-27770,uptrain-ai
CVE-2025-27771,uptrain-ai
CVE-2025-27772,uptrain-ai
CVE-2025-27773,simplesamlphp
CVE-2025-27774,IAHispano
CVE-2025-27775,IAHispano
CVE-2025-27776,IAHispano
CVE-2025-27777,IAHispano
CVE-2025-27778,IAHispano
CVE-2025-27779,IAHispano
CVE-2025-27780,IAHispano
CVE-2025-27781,IAHispano
CVE-2025-27782,IAHispano
CVE-2025-27783,IAHispano
CVE-2025-27784,IAHispano
CVE-2025-27785,IAHispano
CVE-2025-27786,IAHispano
CVE-2025-27787,IAHispano
CVE-2025-27788,ruby
CVE-2025-27789,babel
CVE-2025-27791,CollaboraOnline
CVE-2025-27792,obiba
CVE-2025-27793,vega
CVE-2025-27794,flarum
CVE-2025-27795,GraphicsMagick
CVE-2025-27796,GraphicsMagick
CVE-2025-27797,"Inaba Denki Sangyo Co., Ltd."
CVE-2025-27800,Optimizely
CVE-2025-27801,Optimizely
CVE-2025-27802,Optimizely
CVE-2025-27803,eCharge Hardy Barth
CVE-2025-27804,eCharge Hardy Barth
CVE-2025-27809,Mbed
CVE-2025-27810,Mbed
CVE-2025-27812,MSI
CVE-2025-27813,MSI
CVE-2025-27817,Apache Software Foundation
CVE-2025-27818,Apache Software Foundation
CVE-2025-27819,Apache Software Foundation
CVE-2025-27820,Apache Software Foundation
CVE-2025-27821,Apache Software Foundation
CVE-2025-27822,backdropcms
CVE-2025-27823,backdropcms
CVE-2025-27824,backdropcms
CVE-2025-27825,backdropcms
CVE-2025-27826,backdropcms
CVE-2025-27839,Tangem
CVE-2025-27840,Espressif
CVE-2025-27867,Apache Software Foundation
CVE-2025-27888,Apache Software Foundation
CVE-2025-27889,wftpserver
CVE-2025-27893,Archer
CVE-2025-27898,IBM
CVE-2025-27899,IBM
CVE-2025-27900,IBM
CVE-2025-27901,IBM
CVE-2025-27903,IBM
CVE-2025-27904,IBM
CVE-2025-27906,IBM
CVE-2025-27907,IBM
CVE-2025-27909,IBM
CVE-2025-27911,Datalust
CVE-2025-27912,Datalust
CVE-2025-27913,Passbolt
CVE-2025-27920,Srimax
CVE-2025-27924,Nintex
CVE-2025-27925,Nintex
CVE-2025-27926,Nintex
CVE-2025-27927,Growatt
CVE-2025-27929,Growatt
CVE-2025-27930,ManageEngine
CVE-2025-27931,PDF-XChange Co. Ltd
CVE-2025-27932,KDDI CORPORATION
CVE-2025-27933,Mattermost
CVE-2025-27934,"Inaba Denki Sangyo Co., Ltd."
CVE-2025-27935,Ping Identity
CVE-2025-27936,Mattermost
CVE-2025-27937,"SIOS Technology, Inc."
CVE-2025-27938,Growatt
CVE-2025-27939,Growatt
CVE-2025-28168,Multi Uploaders
CVE-2025-28855,srcoley
CVE-2025-28856,dangrossman
CVE-2025-28857,rankchecker
CVE-2025-28858,Arrow Plugins
CVE-2025-28859,CodeVibrant
CVE-2025-28860,PPDPurveyor
CVE-2025-28861,bhzad
CVE-2025-28862,Venugopal
CVE-2025-28863,Carlos Minatti
CVE-2025-28864,planetstudio
CVE-2025-28865,lionelroux
CVE-2025-28866,smerriman
CVE-2025-28867,stesvis
CVE-2025-28868,ZipList
CVE-2025-28869,shauno
CVE-2025-28870,amocrm
CVE-2025-28871,jwpegram
CVE-2025-28872,jwpegram
CVE-2025-28873,Scott Taylor
CVE-2025-28874,shanebp
CVE-2025-28875,shanebp
CVE-2025-28876,Skrill_Team
CVE-2025-28877,m.tiggelaar
CVE-2025-28878,Will Brubaker
CVE-2025-28879,aumsrini
CVE-2025-28880,jotis
CVE-2025-28881,mg12
CVE-2025-28882,"Omnify, Inc."
CVE-2025-28883,Martin
CVE-2025-28884,Rajesh Kumar
CVE-2025-28885,fiverraffiliates
CVE-2025-28886,xjb
CVE-2025-28887,Fastmover
CVE-2025-28888,BZOTheme
CVE-2025-28889,starblank
CVE-2025-28890,puzich
CVE-2025-28891,jazzigor
CVE-2025-28892,a2rocklobster
CVE-2025-28893,Govind
CVE-2025-28894,frucomerci
CVE-2025-28895,Suman Biswas
CVE-2025-28896,Akshar Soft Solutions
CVE-2025-28897,Steveorevo
CVE-2025-28898,WPExperts.io
CVE-2025-28899,toddhuish
CVE-2025-28900,webgarb
CVE-2025-28901,Naren
CVE-2025-28902,Benjamin Pick
CVE-2025-28903,hectorgarrofe
CVE-2025-28904,Shamalli
CVE-2025-28905,Chaser324
CVE-2025-28906,Thiago S.F.
CVE-2025-28907,Rahul Arora
CVE-2025-28908,pipdig
CVE-2025-28909,edwardw
CVE-2025-28910,Ravinder Khurana
CVE-2025-28911,gravity2pdf
CVE-2025-28912,Muntasir Rahman
CVE-2025-28913,Aftab Ali Muni
CVE-2025-28914,Ajay Sharma
CVE-2025-28915,Theme Egg
CVE-2025-28916,Rashid
CVE-2025-28917,crazyloong
CVE-2025-28918,A. Jones
CVE-2025-28919,Shellbot
CVE-2025-28920,Jogesh
CVE-2025-28921,homejunction
CVE-2025-28922,Terence D.
CVE-2025-28923,philippe
CVE-2025-28924,Simbul
CVE-2025-28925,Hieu Nguyen
CVE-2025-28926,popeating
CVE-2025-28927,A. Chappard
CVE-2025-28928,sureshdsk
CVE-2025-28929,Vivek Marakana
CVE-2025-28930,Rodolphe MOULIN
CVE-2025-28931,DevriX
CVE-2025-28932,BCS Website Solutions
CVE-2025-28933,maxfoundry
CVE-2025-28934,chaozh
CVE-2025-28935,puzich
CVE-2025-28936,sakurapixel
CVE-2025-28937,lavacode
CVE-2025-28938,Bjoern
CVE-2025-28939,EuroCizia
CVE-2025-28940,arkapravamajumder
CVE-2025-28941,ohtan
CVE-2025-28942,Trust Payments
CVE-2025-28943,mylo2h2s
CVE-2025-28944,snstheme
CVE-2025-28945,snstheme
CVE-2025-28946,BZOTheme
CVE-2025-28947,snstheme
CVE-2025-28948,codedraft
CVE-2025-28949,Codedraft
CVE-2025-28950,David Shabtai
CVE-2025-28951,CreedAlly
CVE-2025-28952,Jonathan Lau
CVE-2025-28953,axiomthemes
CVE-2025-28954,wphobby
CVE-2025-28955,FWDesign
CVE-2025-28956,wphobby
CVE-2025-28957,OwnerRez
CVE-2025-28958,Vadim Bogaiskov
CVE-2025-28959,Md Yeasin Ul Haider
CVE-2025-28960,regibaer
CVE-2025-28961,Md Yeasin Ul Haider
CVE-2025-28962,stefanoai
CVE-2025-28963,Md Yeasin Ul Haider
CVE-2025-28964,mangup
CVE-2025-28965,Md Yeasin Ul Haider
CVE-2025-28966,dilemma123
CVE-2025-28967,Steve Truman
CVE-2025-28968,Vladimir Prelovac
CVE-2025-28969,cybio
CVE-2025-28970,pep.vn
CVE-2025-28971,CWD Web Designer
CVE-2025-28972,Suhas Surse
CVE-2025-28973,AA-Team
CVE-2025-28974,mail250
CVE-2025-28975,redqteam
CVE-2025-28976,dsrodzin
CVE-2025-28977,ThimPress
CVE-2025-28978,Hung Trang Si
CVE-2025-28979,ThimPress
CVE-2025-28980,machouinard
CVE-2025-28981,Soli
CVE-2025-28982,ThimPress
CVE-2025-28983,ClickandPledge
CVE-2025-28984,storepro
CVE-2025-28985,Elastic Email
CVE-2025-28986,Webaholicson
CVE-2025-28987,PressForward
CVE-2025-28988,aharonyan
CVE-2025-28989,arildur
CVE-2025-28990,snstheme
CVE-2025-28991,snstheme
CVE-2025-28992,snstheme
CVE-2025-28993,Jose Mortellaro
CVE-2025-28994,viralloops
CVE-2025-28995,viralloops
CVE-2025-28996,Thad Allender
CVE-2025-28997,EXEIdeas International
CVE-2025-28998,serpednet
CVE-2025-28999,ZoomIt
CVE-2025-29000,August Infotech
CVE-2025-29001,ZoomIt
CVE-2025-29002,snstheme
CVE-2025-29003,mva7
CVE-2025-29004,AA-Team
CVE-2025-29005,Weblizar - WordPress Themes & Plugin
CVE-2025-29006,centangle
CVE-2025-29007,LMSACE
CVE-2025-29008,ShawonPro
CVE-2025-29009,Webkul
CVE-2025-29010,eleopard
CVE-2025-29011,CHR Designer
CVE-2025-29012,kamleshyadav
CVE-2025-29013,faaiq
CVE-2025-29014,ZoomIt
CVE-2025-29087,SQLite
CVE-2025-29088,SQLite
CVE-2025-29192,FlowiseAI
CVE-2025-29266,Unraid
CVE-2025-29606,libp2p
CVE-2025-29628,Gardyn
CVE-2025-29629,Gardyn
CVE-2025-29631,Gardyn
CVE-2025-29756,SunGrow
CVE-2025-29757,Growatt
CVE-2025-29766,Enalean
CVE-2025-29768,vim
CVE-2025-29769,libvips
CVE-2025-29770,vllm-project
CVE-2025-29771,jitbit
CVE-2025-29772,openemr
CVE-2025-29773,froxlor
CVE-2025-29774,node-saml
CVE-2025-29775,node-saml
CVE-2025-29776,demergent-labs
CVE-2025-29778,kyverno
CVE-2025-29779,DavidOsipov
CVE-2025-29780,DavidOsipov
CVE-2025-29781,metal3-io
CVE-2025-29782,LabRedesCefetRJ
CVE-2025-29783,vllm-project
CVE-2025-29784,NamelessMC
CVE-2025-29785,quic-go
CVE-2025-29786,expr-lang
CVE-2025-29787,zip-rs
CVE-2025-29788,Sylius
CVE-2025-29789,openemr
CVE-2025-29790,contao
CVE-2025-29791,Microsoft
CVE-2025-29792,Microsoft
CVE-2025-29793,Microsoft
CVE-2025-29794,Microsoft
CVE-2025-29795,Microsoft
CVE-2025-29796,Microsoft
CVE-2025-29800,Microsoft
CVE-2025-29801,Microsoft
CVE-2025-29802,Microsoft
CVE-2025-29803,Microsoft
CVE-2025-29804,Microsoft
CVE-2025-29805,Microsoft
CVE-2025-29806,Microsoft
CVE-2025-29807,Microsoft
CVE-2025-29808,Microsoft
CVE-2025-29809,Microsoft
CVE-2025-29810,Microsoft
CVE-2025-29811,Microsoft
CVE-2025-29812,Microsoft
CVE-2025-29813,Microsoft
CVE-2025-29814,Microsoft
CVE-2025-29815,Microsoft
CVE-2025-29816,Microsoft
CVE-2025-29817,Microsoft
CVE-2025-29819,Microsoft
CVE-2025-29820,Microsoft
CVE-2025-29821,Microsoft
CVE-2025-29822,Microsoft
CVE-2025-29823,Microsoft
CVE-2025-29824,Microsoft
CVE-2025-29825,Microsoft
CVE-2025-29826,Microsoft
CVE-2025-29827,Microsoft
CVE-2025-29828,Microsoft
CVE-2025-29829,Microsoft
CVE-2025-29830,Microsoft
CVE-2025-29831,Microsoft
CVE-2025-29832,Microsoft
CVE-2025-29833,Microsoft
CVE-2025-29834,Microsoft
CVE-2025-29835,Microsoft
CVE-2025-29836,Microsoft
CVE-2025-29837,Microsoft
CVE-2025-29838,Microsoft
CVE-2025-29839,Microsoft
CVE-2025-29840,Microsoft
CVE-2025-29841,Microsoft
CVE-2025-29842,Microsoft
CVE-2025-29843,Synology
CVE-2025-29844,Synology
CVE-2025-29845,Synology
CVE-2025-29846,Synology
CVE-2025-29847,Apache Software Foundation
CVE-2025-29864,ESTsoft
CVE-2025-29865,TAGFREE
CVE-2025-29866,TAGFREE
CVE-2025-29867,Hancom Inc.
CVE-2025-29868,Apache Software Foundation
CVE-2025-29870,"Inaba Denki Sangyo Co., Ltd."
CVE-2025-29871,QNAP Systems Inc.
CVE-2025-29872,QNAP Systems Inc.
CVE-2025-29873,QNAP Systems Inc.
CVE-2025-29874,QNAP Systems Inc.
CVE-2025-29875,QNAP Systems Inc.
CVE-2025-29876,QNAP Systems Inc.
CVE-2025-29877,QNAP Systems Inc.
CVE-2025-29878,QNAP Systems Inc.
CVE-2025-29879,QNAP Systems Inc.
CVE-2025-29882,QNAP Systems Inc.
CVE-2025-29883,QNAP Systems Inc.
CVE-2025-29884,QNAP Systems Inc.
CVE-2025-29885,QNAP Systems Inc.
CVE-2025-29886,QNAP Systems Inc.
CVE-2025-29887,QNAP Systems Inc.
CVE-2025-29888,QNAP Systems Inc.
CVE-2025-29889,QNAP Systems Inc.
CVE-2025-29890,QNAP Systems Inc.
CVE-2025-29891,Apache Software Foundation
CVE-2025-29892,QNAP Systems Inc.
CVE-2025-29893,QNAP Systems Inc.
CVE-2025-29894,QNAP Systems Inc.
CVE-2025-29898,QNAP Systems Inc.
CVE-2025-29899,QNAP Systems Inc.
CVE-2025-29900,QNAP Systems Inc.
CVE-2025-29901,QNAP Systems Inc.
CVE-2025-29902,RTS
CVE-2025-29902,Telex
CVE-2025-29903,JetBrains
CVE-2025-29904,JetBrains
CVE-2025-29905,Siemens
CVE-2025-29906,troglobit
CVE-2025-29907,parallax
CVE-2025-29908,netty
CVE-2025-29909,nasa
CVE-2025-29910,nasa
CVE-2025-29911,nasa
CVE-2025-29912,nasa
CVE-2025-29913,nasa
CVE-2025-29914,corazawaf
CVE-2025-29915,OISF
CVE-2025-29916,OISF
CVE-2025-29917,OISF
CVE-2025-29918,OISF
CVE-2025-29922,kcp-dev
CVE-2025-29923,redis
CVE-2025-29924,xwiki
CVE-2025-29925,xwiki
CVE-2025-29926,xwiki
CVE-2025-29927,vercel
CVE-2025-29928,goauthentik
CVE-2025-29929,Enalean
CVE-2025-29930,ImpressModules
CVE-2025-29931,Siemens
CVE-2025-29932,JetBrains
CVE-2025-29933,AMD
CVE-2025-29934,AMD
CVE-2025-29935,AMD
CVE-2025-29936,AMD
CVE-2025-29937,AMD
CVE-2025-29938,AMD
CVE-2025-29939,AMD
CVE-2025-29943,AMD
CVE-2025-29944,AMD
CVE-2025-29946,AMD
CVE-2025-29948,AMD
CVE-2025-29949,AMD
CVE-2025-29950,AMD
CVE-2025-29951,AMD
CVE-2025-29952,AMD
CVE-2025-29953,Apache Software Foundation
CVE-2025-29954,Microsoft
CVE-2025-29955,Microsoft
CVE-2025-29956,Microsoft
CVE-2025-29957,Microsoft
CVE-2025-29958,Microsoft
CVE-2025-29959,Microsoft
CVE-2025-29960,Microsoft
CVE-2025-29961,Microsoft
CVE-2025-29962,Microsoft
CVE-2025-29963,Microsoft
CVE-2025-29964,Microsoft
CVE-2025-29966,Microsoft
CVE-2025-29967,Microsoft
CVE-2025-29968,Microsoft
CVE-2025-29969,Microsoft
CVE-2025-29970,Microsoft
CVE-2025-29971,Microsoft
CVE-2025-29972,Microsoft
CVE-2025-29973,Microsoft
CVE-2025-29974,Microsoft
CVE-2025-29975,Microsoft
CVE-2025-29976,Microsoft
CVE-2025-29977,Microsoft
CVE-2025-29978,Microsoft
CVE-2025-29979,Microsoft
CVE-2025-29980,CentralSquare
CVE-2025-29981,Dell
CVE-2025-29982,Dell
CVE-2025-29983,Dell
CVE-2025-29984,Dell
CVE-2025-29985,Dell
CVE-2025-29986,Dell
CVE-2025-29987,Dell
CVE-2025-29988,Dell
CVE-2025-29989,Dell
CVE-2025-29991,Yubico
CVE-2025-29993,Alfasado Inc.
CVE-2025-29994,Rising Technosoft
CVE-2025-29995,Rising Technosoft
CVE-2025-29996,Rising Technosoft
CVE-2025-29997,Rising Technosoft
CVE-2025-29998,Rising Technosoft
CVE-2025-29999,Siemens
CVE-2025-30000,Siemens
CVE-2025-30001,Apache Software Foundation
CVE-2025-30002,Siemens
CVE-2025-30003,Siemens
CVE-2025-30004,Xorcom
CVE-2025-30005,Xorcom
CVE-2025-30006,Xorcom
CVE-2025-30007,hestiacp
CVE-2025-30008,hestiacp
CVE-2025-30009,SAP_SE
CVE-2025-30010,SAP_SE
CVE-2025-30011,SAP_SE
CVE-2025-30012,SAP_SE
CVE-2025-30013,SAP_SE
CVE-2025-30014,SAP_SE
CVE-2025-30015,SAP_SE
CVE-2025-30016,SAP_SE
CVE-2025-30017,SAP_SE
CVE-2025-30018,SAP_SE
CVE-2025-30023,Axis Communications AB
CVE-2025-30024,Axis Communications AB
CVE-2025-30025,Axis Communications AB
CVE-2025-30026,Axis Communications AB
CVE-2025-30027,Axis Communications AB
CVE-2025-30028,Synology
CVE-2025-30030,Siemens
CVE-2025-30031,Siemens
CVE-2025-30032,Siemens
CVE-2025-30033,Siemens
CVE-2025-30034,Siemens
CVE-2025-30035,CGM
CVE-2025-30036,CGM
CVE-2025-30037,CGM
CVE-2025-30038,CGM
CVE-2025-30039,CGM
CVE-2025-30040,CGM
CVE-2025-30041,CGM
CVE-2025-30042,CGM
CVE-2025-30044,CGM
CVE-2025-30048,CGM
CVE-2025-30055,CGM
CVE-2025-30056,CGM
CVE-2025-30057,CGM
CVE-2025-30058,CGM
CVE-2025-30059,CGM
CVE-2025-30060,CGM
CVE-2025-30061,CGM
CVE-2025-30062,CGM
CVE-2025-30063,CGM
CVE-2025-30064,CGM
CVE-2025-30065,Apache Software Foundation
CVE-2025-30066,tj-actions
CVE-2025-30067,Apache Software Foundation
CVE-2025-30074,Parallels
CVE-2025-30075,Alludo
CVE-2025-30076,Koha
CVE-2025-30077,onosproject
CVE-2025-30084,rsjoomla.com
CVE-2025-30085,rsjoomla.com
CVE-2025-30087,bestpractical
CVE-2025-30089,boxdot
CVE-2025-30090,SquirrelMail
CVE-2025-30091,Tiny
CVE-2025-30095,VyOS
CVE-2025-30096,Dell
CVE-2025-30097,Dell
CVE-2025-30098,Dell
CVE-2025-30099,Dell
CVE-2025-30100,Dell
CVE-2025-30101,Dell
CVE-2025-30102,Dell
CVE-2025-30103,Dell
CVE-2025-30105,Dell
CVE-2025-30143,Akamai
CVE-2025-30144,nearform
CVE-2025-30145,geoserver
CVE-2025-30147,hyperledger
CVE-2025-30148,silverstripe
CVE-2025-30149,openemr
CVE-2025-30150,shopware
CVE-2025-30151,shopware
CVE-2025-30152,Sylius
CVE-2025-30153,getkin
CVE-2025-30154,reviewdog
CVE-2025-30155,Enalean
CVE-2025-30156,ceph
CVE-2025-30157,envoyproxy
CVE-2025-30158,NamelessMC
CVE-2025-30159,getkirby
CVE-2025-30160,redlib-org
CVE-2025-30161,openemr
CVE-2025-30162,cilium
CVE-2025-30163,cilium
CVE-2025-30164,Icinga
CVE-2025-30165,vllm-project
CVE-2025-30166,pimcore
CVE-2025-30167,jupyter
CVE-2025-30168,parse-community
CVE-2025-30169,ABB
CVE-2025-30170,ABB
CVE-2025-30171,ABB
CVE-2025-30172,ABB
CVE-2025-30173,ABB
CVE-2025-30174,Siemens
CVE-2025-30175,Siemens
CVE-2025-30176,Siemens
CVE-2025-30177,Apache Software Foundation
CVE-2025-30179,Mattermost
CVE-2025-30183,CyberData
CVE-2025-30184,CyberData
CVE-2025-30186,Open-Xchange GmbH
CVE-2025-30187,PowerDNS
CVE-2025-30188,Open-Xchange GmbH
CVE-2025-30189,Open-Xchange GmbH
CVE-2025-30190,Open-Xchange GmbH
CVE-2025-30191,Open-Xchange GmbH
CVE-2025-30192,PowerDNS
CVE-2025-30193,PowerDNS
CVE-2025-30194,PowerDNS
CVE-2025-30195,PowerDNS
CVE-2025-30196,Jenkins Project
CVE-2025-30197,Jenkins Project
CVE-2025-30198,ECOVACS
CVE-2025-30199,ECOVACS
CVE-2025-30200,ECOVACS
CVE-2025-30201,wazuh
CVE-2025-30202,vllm-project
CVE-2025-30203,Enalean
CVE-2025-30204,golang-jwt
CVE-2025-30205,oddlama
CVE-2025-30206,donknap
CVE-2025-30207,getkirby
CVE-2025-30208,vitejs
CVE-2025-30209,Enalean
CVE-2025-30210,usebruno
CVE-2025-30211,erlang
CVE-2025-30212,frappe
CVE-2025-30213,frappe
CVE-2025-30214,frappe
CVE-2025-30215,nats-io
CVE-2025-30216,nasa
CVE-2025-30217,frappe
CVE-2025-30218,vercel
CVE-2025-30219,rabbitmq
CVE-2025-30220,geoserver
CVE-2025-30221,Shopify
CVE-2025-30222,ericcornelissen
CVE-2025-30223,beego
CVE-2025-30224,mydumper
CVE-2025-30225,directus
CVE-2025-30232,Exim
CVE-2025-30234,MNX
CVE-2025-30235,SecurEnvoy
CVE-2025-30236,SecurEnvoy
CVE-2025-30237,TP-Link Systems Inc.
CVE-2025-30238,TP-Link Systems Inc.
CVE-2025-30239,TP-Link Systems Inc.
CVE-2025-30240,TP-Link Systems Inc.
CVE-2025-30241,TP-Link Systems Inc.
CVE-2025-30247,Western Digital
CVE-2025-30248,Western Digital
CVE-2025-30254,Growatt
CVE-2025-30256,Tenda
CVE-2025-30257,Growatt
CVE-2025-30258,GnuPG
CVE-2025-30259,Meta
CVE-2025-30260,QNAP Systems Inc.
CVE-2025-30261,QNAP Systems Inc.
CVE-2025-30262,QNAP Systems Inc.
CVE-2025-30263,QNAP Systems Inc.
CVE-2025-30264,QNAP Systems Inc.
CVE-2025-30265,QNAP Systems Inc.
CVE-2025-30266,QNAP Systems Inc.
CVE-2025-30267,QNAP Systems Inc.
CVE-2025-30268,QNAP Systems Inc.
CVE-2025-30269,QNAP Systems Inc.
CVE-2025-30270,QNAP Systems Inc.
CVE-2025-30271,QNAP Systems Inc.
CVE-2025-30272,QNAP Systems Inc.
CVE-2025-30273,QNAP Systems Inc.
CVE-2025-30274,QNAP Systems Inc.
CVE-2025-30275,QNAP Systems Inc.
CVE-2025-30276,QNAP Systems Inc.
CVE-2025-30277,QNAP Systems Inc.
CVE-2025-30278,QNAP Systems Inc.
CVE-2025-30279,QNAP Systems Inc.
CVE-2025-30280,Siemens
CVE-2025-30281,Adobe
CVE-2025-30282,Adobe
CVE-2025-30284,Adobe
CVE-2025-30285,Adobe
CVE-2025-30286,Adobe
CVE-2025-30287,Adobe
CVE-2025-30288,Adobe
CVE-2025-30289,Adobe
CVE-2025-30290,Adobe
CVE-2025-30291,Adobe
CVE-2025-30292,Adobe
CVE-2025-30293,Adobe
CVE-2025-30294,Adobe
CVE-2025-30295,Adobe
CVE-2025-30296,Adobe
CVE-2025-30297,Adobe
CVE-2025-30298,Adobe
CVE-2025-30299,Adobe
CVE-2025-30300,Adobe
CVE-2025-30301,Adobe
CVE-2025-30302,Adobe
CVE-2025-30303,Adobe
CVE-2025-30304,Adobe
CVE-2025-30305,Adobe
CVE-2025-30306,Adobe
CVE-2025-30307,Adobe
CVE-2025-30308,Adobe
CVE-2025-30309,Adobe
CVE-2025-30310,Adobe
CVE-2025-30312,Adobe
CVE-2025-30313,Adobe
CVE-2025-30314,Adobe
CVE-2025-30315,Adobe
CVE-2025-30316,Adobe
CVE-2025-30317,Adobe
CVE-2025-30318,Adobe
CVE-2025-30319,Adobe
CVE-2025-30320,Adobe
CVE-2025-30321,Adobe
CVE-2025-30322,Adobe
CVE-2025-30324,Adobe
CVE-2025-30325,Adobe
CVE-2025-30326,Adobe
CVE-2025-30327,Adobe
CVE-2025-30328,Adobe
CVE-2025-30329,Adobe
CVE-2025-30330,Adobe
CVE-2025-30334,OpenBSD
CVE-2025-30342,Intevation
CVE-2025-30343,Intevation
CVE-2025-30344,Intevation
CVE-2025-30345,Intevation
CVE-2025-30346,varnish-software
CVE-2025-30347,varnish-software
CVE-2025-30348,Qt
CVE-2025-30349,Horde
CVE-2025-30350,directus
CVE-2025-30351,directus
CVE-2025-30352,directus
CVE-2025-30353,directus
CVE-2025-30354,usebruno
CVE-2025-30355,element-hq
CVE-2025-30356,nasa
CVE-2025-30357,NamelessMC
CVE-2025-30358,mesop-dev
CVE-2025-30359,webpack
CVE-2025-30360,webpack
CVE-2025-30361,LabRedesCefetRJ
CVE-2025-30362,LabRedesCefetRJ
CVE-2025-30363,LabRedesCefetRJ
CVE-2025-30364,LabRedesCefetRJ
CVE-2025-30365,LabRedesCefetRJ
CVE-2025-30366,LabRedesCefetRJ
CVE-2025-30367,LabRedesCefetRJ
CVE-2025-30368,zulip
CVE-2025-30369,zulip
CVE-2025-30370,jupyterlab
CVE-2025-30371,metabase
CVE-2025-30372,emlog
CVE-2025-30373,Graylog2
CVE-2025-30375,Microsoft
CVE-2025-30376,Microsoft
CVE-2025-30377,Microsoft
CVE-2025-30378,Microsoft
CVE-2025-30379,Microsoft
CVE-2025-30381,Microsoft
CVE-2025-30382,Microsoft
CVE-2025-30383,Microsoft
CVE-2025-30384,Microsoft
CVE-2025-30385,Microsoft
CVE-2025-30386,Microsoft
CVE-2025-30387,Microsoft
CVE-2025-30388,Microsoft
CVE-2025-30389,Microsoft
CVE-2025-30390,Microsoft
CVE-2025-30391,Microsoft
CVE-2025-30392,Microsoft
CVE-2025-30393,Microsoft
CVE-2025-30394,Microsoft
CVE-2025-30397,Microsoft
CVE-2025-30398,Microsoft
CVE-2025-30399,Microsoft
CVE-2025-30400,Microsoft
CVE-2025-30401,Facebook
CVE-2025-30402,"Meta Platforms, Inc"
CVE-2025-30403,Facebook
CVE-2025-30404,"Meta Platforms, Inc"
CVE-2025-30405,"Meta Platforms, Inc"
CVE-2025-30406,Gladinet
CVE-2025-30407,Acronis
CVE-2025-30408,Acronis
CVE-2025-30409,Acronis
CVE-2025-30410,Acronis
CVE-2025-30411,Acronis
CVE-2025-30412,Acronis
CVE-2025-30413,Acronis
CVE-2025-30415,Acronis
CVE-2025-30416,Acronis
CVE-2025-30417,NI
CVE-2025-30418,NI
CVE-2025-30419,NI
CVE-2025-30420,NI
CVE-2025-30421,NI
CVE-2025-30422,Apple
CVE-2025-30424,Apple
CVE-2025-30425,Apple
CVE-2025-30426,Apple
CVE-2025-30427,Apple
CVE-2025-30428,Apple
CVE-2025-30429,Apple
CVE-2025-30430,Apple
CVE-2025-30431,Apple
CVE-2025-30432,Apple
CVE-2025-30433,Apple
CVE-2025-30434,Apple
CVE-2025-30435,Apple
CVE-2025-30436,Apple
CVE-2025-30437,Apple
CVE-2025-30438,Apple
CVE-2025-30439,Apple
CVE-2025-30440,Apple
CVE-2025-30441,Apple
CVE-2025-30442,Apple
CVE-2025-30443,Apple
CVE-2025-30444,Apple
CVE-2025-30445,Apple
CVE-2025-30446,Apple
CVE-2025-30447,Apple
CVE-2025-30448,Apple
CVE-2025-30449,Apple
CVE-2025-30450,Apple
CVE-2025-30451,Apple
CVE-2025-30452,Apple
CVE-2025-30453,Apple
CVE-2025-30454,Apple
CVE-2025-30455,Apple
CVE-2025-30456,Apple
CVE-2025-30457,Apple
CVE-2025-30458,Apple
CVE-2025-30459,Apple
CVE-2025-30460,Apple
CVE-2025-30461,Apple
CVE-2025-30462,Apple
CVE-2025-30463,Apple
CVE-2025-30464,Apple
CVE-2025-30465,Apple
CVE-2025-30466,Apple
CVE-2025-30467,Apple
CVE-2025-30468,Apple
CVE-2025-30469,Apple
CVE-2025-30470,Apple
CVE-2025-30471,Apple
CVE-2025-30472,Corosync
CVE-2025-30473,Apache Software Foundation
CVE-2025-30474,Apache Software Foundation
CVE-2025-30475,Dell
CVE-2025-30476,Dell
CVE-2025-30477,Dell
CVE-2025-30479,Dell
CVE-2025-30480,Dell
CVE-2025-30483,Dell
CVE-2025-30485,"Century Systems Co., Ltd."
CVE-2025-30507,CyberData
CVE-2025-30510,Growatt
CVE-2025-30511,Growatt
CVE-2025-30512,Growatt
CVE-2025-30514,Growatt
CVE-2025-30515,CyberData
CVE-2025-30516,Mattermost
CVE-2025-30519,Dover Fueling Solutions
CVE-2025-30520,crosstec
CVE-2025-30521,giangmd93
CVE-2025-30522,Damian Orzol
CVE-2025-30523,Marcel-NL
CVE-2025-30524,origincode
CVE-2025-30525,ProfitShare.ro
CVE-2025-30526,lucksy
CVE-2025-30527,codetoolbox
CVE-2025-30528,wpshopee
CVE-2025-30529,Sébastien Dumont
CVE-2025-30530,Atikul
CVE-2025-30531,GBS Developer
CVE-2025-30532,MorganF
CVE-2025-30533,gopiplus
CVE-2025-30534,captcha.soft
CVE-2025-30535,muro
CVE-2025-30536,zeitwesentech
CVE-2025-30537,Cristian Sarov
CVE-2025-30538,ChrisHurst
CVE-2025-30539,Benedikt Mo
CVE-2025-30540,avaibook
CVE-2025-30541,OTWthemes
CVE-2025-30542,wpsolutions
CVE-2025-30543,swayam.tejwani
CVE-2025-30544,svmidi
CVE-2025-30545,pixeline
CVE-2025-30546,boroV
CVE-2025-30547,David Tufts
CVE-2025-30548,VarDump s.r.l.
CVE-2025-30549,Yummly
CVE-2025-30550,WPShop.ru
CVE-2025-30551,smartredfox
CVE-2025-30552,Donald Gilbert
CVE-2025-30553,Z.com byGMO
CVE-2025-30554,Abhishek Kumar
CVE-2025-30555,iiiryan
CVE-2025-30556,flyaga
CVE-2025-30557,odihost
CVE-2025-30558,EnzoCostantini55
CVE-2025-30559,PluginsPoint
CVE-2025-30560,Sana Ullah
CVE-2025-30561,Henrique Mouta
CVE-2025-30562,wpdistillery
CVE-2025-30563,makong
CVE-2025-30564,wpwox
CVE-2025-30565,karrikas
CVE-2025-30566,Aryan Themes
CVE-2025-30567,WP01
CVE-2025-30568,hitoy
CVE-2025-30569,Jahertor
CVE-2025-30570,AliRezaMohammadi
CVE-2025-30571,STEdb Corp.
CVE-2025-30572,Igor Yavych
CVE-2025-30573,mrdenny
CVE-2025-30574,Jenst
CVE-2025-30575,Arefly
CVE-2025-30576,HuangYe WuDeng
CVE-2025-30577,mendibass
CVE-2025-30578,hotvanrod
CVE-2025-30579,Jakeii
CVE-2025-30580,kellydiek
CVE-2025-30581,PluginOps
CVE-2025-30582,aytechnet
CVE-2025-30583,ProRankTracker
CVE-2025-30584,alphaomegaplugins
CVE-2025-30585,marynixie
CVE-2025-30586,bbodine1
CVE-2025-30587,shawfactor
CVE-2025-30588,ryan_xantoo
CVE-2025-30589,Dourou
CVE-2025-30590,Dourou
CVE-2025-30591,tuyennv
CVE-2025-30592,WesternDeal
CVE-2025-30593,samsk
CVE-2025-30594,samsk
CVE-2025-30595,tstafford
CVE-2025-30596,tstafford
CVE-2025-30597,iografica
CVE-2025-30598,Link
CVE-2025-30599,wp-maverick
CVE-2025-30600,thiagogsrwp
CVE-2025-30601,flipdish
CVE-2025-30602,alphasis
CVE-2025-30603,DEJAN
CVE-2025-30604,jiangqie
CVE-2025-30605,ldwin79
CVE-2025-30606,Logan Carlile
CVE-2025-30607,Name.ly
CVE-2025-30608,Anthony
CVE-2025-30609,Saad Iqbal
CVE-2025-30610,catchsquare
CVE-2025-30611,wptobe
CVE-2025-30612,mandegarweb
CVE-2025-30613,N-Media
CVE-2025-30614,Haozhe Xie
CVE-2025-30615,Jacob Schwartz
CVE-2025-30616,David Wood
CVE-2025-30617,takien
CVE-2025-30618,yuliaz
CVE-2025-30619,SpeakPipe
CVE-2025-30620,coderscom
CVE-2025-30621,kornelly
CVE-2025-30622,torsteino
CVE-2025-30623,Rachel Cherry
CVE-2025-30624,WordLift
CVE-2025-30625,Matt Pramschufer
CVE-2025-30626,LambertGroup
CVE-2025-30627,regolithsjk
CVE-2025-30628,AA-Team
CVE-2025-30629,Codehaveli
CVE-2025-30630,pozzad
CVE-2025-30631,AA-Team
CVE-2025-30632,pozzad
CVE-2025-30633,AA-Team
CVE-2025-30634,IWEBIX
CVE-2025-30635,ThemeAtelier
CVE-2025-30636,"Ability, Inc"
CVE-2025-30637,Deetronix
CVE-2025-30638,PowieT
CVE-2025-30639,ThemeAtelier
CVE-2025-30640,"Trend Micro, Inc."
CVE-2025-30641,"Trend Micro, Inc."
CVE-2025-30642,"Trend Micro, Inc."
CVE-2025-30644,Juniper Networks
CVE-2025-30645,Juniper Networks
CVE-2025-30646,Juniper Networks
CVE-2025-30647,Juniper Networks
CVE-2025-30648,Juniper Networks
CVE-2025-30649,Juniper Networks
CVE-2025-30650,Juniper Networks
CVE-2025-30651,Juniper Networks
CVE-2025-30652,Juniper Networks
CVE-2025-30653,Juniper Networks
CVE-2025-30654,Juniper Networks
CVE-2025-30655,Juniper Networks
CVE-2025-30656,Juniper Networks
CVE-2025-30657,Juniper Networks
CVE-2025-30658,Juniper Networks
CVE-2025-30659,Juniper Networks
CVE-2025-30660,Juniper Networks
CVE-2025-30661,Juniper Networks
CVE-2025-30662,Zoom Communications Inc.
CVE-2025-30663,"Zoom Communications, Inc"
CVE-2025-30664,"Zoom Communications, Inc"
CVE-2025-30665,"Zoom Communications, Inc"
CVE-2025-30666,"Zoom Communications, Inc"
CVE-2025-30667,"Zoom Communications, Inc"
CVE-2025-30668,"Zoom Communications, Inc"
CVE-2025-30669,Zoom Communications Inc.
CVE-2025-30670,"Zoom Communications, Inc"
CVE-2025-30671,"Zoom Communications, Inc"
CVE-2025-30672,TOBYINK
CVE-2025-30673,TOBYINK
CVE-2025-30675,Apache Software Foundation
CVE-2025-30676,Apache Software Foundation
CVE-2025-30677,Apache Software Foundation
CVE-2025-30678,"Trend Micro, Inc."
CVE-2025-30679,"Trend Micro, Inc."
CVE-2025-30680,"Trend Micro, Inc."
CVE-2025-30681,Oracle Corporation
CVE-2025-30682,Oracle Corporation
CVE-2025-30683,Oracle Corporation
CVE-2025-30684,Oracle Corporation
CVE-2025-30685,Oracle Corporation
CVE-2025-30686,Oracle Corporation
CVE-2025-30687,Oracle Corporation
CVE-2025-30688,Oracle Corporation
CVE-2025-30689,Oracle Corporation
CVE-2025-30690,Oracle Corporation
CVE-2025-30691,Oracle Corporation
CVE-2025-30692,Oracle Corporation
CVE-2025-30693,Oracle Corporation
CVE-2025-30694,Oracle Corporation
CVE-2025-30695,Oracle Corporation
CVE-2025-30696,Oracle Corporation
CVE-2025-30697,Oracle Corporation
CVE-2025-30698,Oracle Corporation
CVE-2025-30699,Oracle Corporation
CVE-2025-30700,Oracle Corporation
CVE-2025-30701,Oracle Corporation
CVE-2025-30702,Oracle Corporation
CVE-2025-30703,Oracle Corporation
CVE-2025-30704,Oracle Corporation
CVE-2025-30705,Oracle Corporation
CVE-2025-30706,Oracle Corporation
CVE-2025-30707,Oracle Corporation
CVE-2025-30708,Oracle Corporation
CVE-2025-30709,Oracle Corporation
CVE-2025-30710,Oracle Corporation
CVE-2025-30711,Oracle Corporation
CVE-2025-30712,Oracle Corporation
CVE-2025-30713,Oracle Corporation
CVE-2025-30714,Oracle Corporation
CVE-2025-30715,Oracle Corporation
CVE-2025-30716,Oracle Corporation
CVE-2025-30717,Oracle Corporation
CVE-2025-30718,Oracle Corporation
CVE-2025-30719,Oracle Corporation
CVE-2025-30720,Oracle Corporation
CVE-2025-30721,Oracle Corporation
CVE-2025-30722,Oracle Corporation
CVE-2025-30723,Oracle Corporation
CVE-2025-30724,Oracle Corporation
CVE-2025-30725,Oracle Corporation
CVE-2025-30726,Oracle Corporation
CVE-2025-30727,Oracle Corporation
CVE-2025-30728,Oracle Corporation
CVE-2025-30729,Oracle Corporation
CVE-2025-30730,Oracle Corporation
CVE-2025-30731,Oracle Corporation
CVE-2025-30732,Oracle Corporation
CVE-2025-30733,Oracle Corporation
CVE-2025-30735,Oracle Corporation
CVE-2025-30736,Oracle Corporation
CVE-2025-30737,Oracle Corporation
CVE-2025-30739,Oracle Corporation
CVE-2025-30740,Oracle Corporation
CVE-2025-30741,Pixelfed
CVE-2025-30742,pizhenwei
CVE-2025-30743,Oracle Corporation
CVE-2025-30744,Oracle Corporation
CVE-2025-30745,Oracle Corporation
CVE-2025-30746,Oracle Corporation
CVE-2025-30747,Oracle Corporation
CVE-2025-30748,Oracle Corporation
CVE-2025-30749,Oracle Corporation
CVE-2025-30750,Oracle Corporation
CVE-2025-30751,Oracle Corporation
CVE-2025-30752,Oracle Corporation
CVE-2025-30753,Oracle Corporation
CVE-2025-30754,Oracle Corporation
CVE-2025-30755,Oracle Corporation
CVE-2025-30756,Oracle Corporation
CVE-2025-30758,Oracle Corporation
CVE-2025-30759,Oracle Corporation
CVE-2025-30760,Oracle Corporation
CVE-2025-30761,Oracle Corporation
CVE-2025-30762,Oracle Corporation
CVE-2025-30763,Olaf Lederer
CVE-2025-30764,AntoineH
CVE-2025-30765,WPPOOL
CVE-2025-30766,HappyMonster
CVE-2025-30767,add-ons.org
CVE-2025-30768,mlaza
CVE-2025-30769,alexvtn
CVE-2025-30770,Syed Balkhi
CVE-2025-30771,Alain-Aymerick FRANCOIS
CVE-2025-30772,WPClever
CVE-2025-30773,Cozmoslabs
CVE-2025-30774,Ays Pro
CVE-2025-30775,AmentoTech Private Limited
CVE-2025-30776,webvitaly
CVE-2025-30777,DevItems
CVE-2025-30778,Vikas Ratudi
CVE-2025-30779,Nick van Wobbie
CVE-2025-30780,cubecolour
CVE-2025-30781,WPFactory
CVE-2025-30782,WP Shuffle
CVE-2025-30783,jgwhite33
CVE-2025-30784,WP Shuffle
CVE-2025-30785,WP Shuffle
CVE-2025-30786,oooorgle
CVE-2025-30787,Eli
CVE-2025-30788,Eli
CVE-2025-30789,clearoutio
CVE-2025-30790,alexvtn
CVE-2025-30791,wpdever
CVE-2025-30792,ufukart
CVE-2025-30793,Property Hive
CVE-2025-30794,StellarWP
CVE-2025-30795,Aman
CVE-2025-30796,WP Extended
CVE-2025-30797,bigdrop.gr
CVE-2025-30798,rickonline_nl
CVE-2025-30799,Pagup
CVE-2025-30800,Atawai
CVE-2025-30801,Abu Bakar
CVE-2025-30802,WPBean
CVE-2025-30803,Greg Ross
CVE-2025-30804,maennchen1.de
CVE-2025-30805,wpdesk
CVE-2025-30806,Constantin Boiangiu
CVE-2025-30807,Martin Nguyen
CVE-2025-30808,Weblizar - WordPress Themes & Plugin
CVE-2025-30809,Shahjada
CVE-2025-30810,"Smackcoders Inc.,"
CVE-2025-30811,Javier Revilla
CVE-2025-30812,sonalsinha21
CVE-2025-30813,listamester
CVE-2025-30814,RadiusTheme
CVE-2025-30815,Saeed Sattar Beglou
CVE-2025-30816,Nks
CVE-2025-30817,wpzita
CVE-2025-30818,mlaza
CVE-2025-30819,Igor Benic
CVE-2025-30820,HT Plugins
CVE-2025-30821,otacke
CVE-2025-30822,Hakik Zaman
CVE-2025-30823,Boone Gorges
CVE-2025-30824,Israpil
CVE-2025-30825,WPClever
CVE-2025-30826,Pierre Lannoy
CVE-2025-30827,Saleswonder Team: Tobias
CVE-2025-30828,Arraytics
CVE-2025-30829,Arraytics
CVE-2025-30830,Hossni Mubarak
CVE-2025-30831,themifyme
CVE-2025-30832,themifyme
CVE-2025-30833,Soft8Soft LLC
CVE-2025-30834,Bit Apps
CVE-2025-30835,Bastien Ho
CVE-2025-30836,LatePoint
CVE-2025-30837,Cristiano Zanca
CVE-2025-30838,CozyThemes
CVE-2025-30839,magepeopleteam
CVE-2025-30840,Michel - xiligroup dev
CVE-2025-30841,adamskaat
CVE-2025-30842,pixolette
CVE-2025-30843,setriosoft
CVE-2025-30844,Bob
CVE-2025-30845,webangon
CVE-2025-30846,jetmonsters
CVE-2025-30847,Ashley
CVE-2025-30848,Bob
CVE-2025-30849,g5theme
CVE-2025-30850,sfaerber
CVE-2025-30851,Tickera
CVE-2025-30852,emotionalonlinestorytelling
CVE-2025-30853,ShortPixel
CVE-2025-30854,Vollstart
CVE-2025-30855,Ads by WPQuads
CVE-2025-30856,theme funda
CVE-2025-30857,PressMaximum
CVE-2025-30858,Tribulant Software
CVE-2025-30859,guru-aliexpress
CVE-2025-30860,Jory Hogeveen
CVE-2025-30861,Rustaurius
CVE-2025-30862,sminozzi
CVE-2025-30863,CRM Perks
CVE-2025-30864,falselight
CVE-2025-30865,fuzzoid
CVE-2025-30866,Giannis Kipouros
CVE-2025-30867,SearchIQ
CVE-2025-30868,Maidul
CVE-2025-30869,Parakoos
CVE-2025-30870,WP Travel Engine
CVE-2025-30871,WP Travel Engine
CVE-2025-30872,Nitin Prakash
CVE-2025-30873,wpsoul
CVE-2025-30874,Jose Mortellaro
CVE-2025-30875,Alexandre Froger
CVE-2025-30876,Ads by WPQuads
CVE-2025-30877,fatcatapps
CVE-2025-30878,JoomSky
CVE-2025-30879,Moreconvert Team
CVE-2025-30880,JoomSky
CVE-2025-30881,themehunk
CVE-2025-30882,JoomSky
CVE-2025-30883,richplugins
CVE-2025-30884,Bit Apps
CVE-2025-30885,Bit Apps
CVE-2025-30886,JoomSky
CVE-2025-30887,magepeopleteam
CVE-2025-30888,silverplugins217
CVE-2025-30889,PickPlugins
CVE-2025-30890,SuitePlugins
CVE-2025-30891,magepeopleteam
CVE-2025-30892,magepeopleteam
CVE-2025-30893,LeadConnector
CVE-2025-30894,Epsiloncool
CVE-2025-30895,magepeopleteam
CVE-2025-30896,weDevs
CVE-2025-30897,Adnan
CVE-2025-30898,Mahdi Yousefi [MahdiY]
CVE-2025-30899,wpeverest
CVE-2025-30900,Zoho Subscriptions
CVE-2025-30901,JoomSky
CVE-2025-30902,ATL Software SRL
CVE-2025-30903,Alex Mills
CVE-2025-30904,Ays Pro
CVE-2025-30905,Ays Pro
CVE-2025-30906,lisandragetnet
CVE-2025-30907,SecuPress
CVE-2025-30908,Shamalli
CVE-2025-30909,Conversios
CVE-2025-30910,CreativeMindsSolutions
CVE-2025-30911,Rometheme
CVE-2025-30912,Wow-Company
CVE-2025-30913,podpirate
CVE-2025-30914,Roxnor
CVE-2025-30915,enituretechnology
CVE-2025-30916,enituretechnology
CVE-2025-30917,WP Wham
CVE-2025-30918,Gordon Böhme
CVE-2025-30919,Store Locator Widgets
CVE-2025-30920,teastudio.pl
CVE-2025-30921,Tribulant Software
CVE-2025-30922,simplebooklet
CVE-2025-30923,powerfulwp
CVE-2025-30924,primersoftware
CVE-2025-30925,webangon
CVE-2025-30926,KingAddons.com
CVE-2025-30927,Wordapp Team
CVE-2025-30928,vicchi
CVE-2025-30929,amazewp
CVE-2025-30930,Unreal Themes
CVE-2025-30931,Shamil Shafeev
CVE-2025-30932,WP Compress
CVE-2025-30933,LiquidThemes
CVE-2025-30934,OLIVESYSTEM
CVE-2025-30935,NickDuncan
CVE-2025-30936,Torod Company for Information Technology
CVE-2025-30937,stefanledin
CVE-2025-30938,broadly
CVE-2025-30939,Debashish
CVE-2025-30940,melipayamak
CVE-2025-30941,Marvie Pons
CVE-2025-30942,OTWthemes
CVE-2025-30943,Aakif Kadiwala
CVE-2025-30944,Essekia
CVE-2025-30945,taskbuilder
CVE-2025-30946,Michael Cannon
CVE-2025-30947,gopiplus
CVE-2025-30948,Giraphix Creative
CVE-2025-30949,Guru Team
CVE-2025-30950,WP Wham
CVE-2025-30951,Stiofan
CVE-2025-30952,wpdive
CVE-2025-30953,CRM Perks
CVE-2025-30954,CRM Perks
CVE-2025-30955,GT3themes
CVE-2025-30956,Booqable Rental Software
CVE-2025-30957,BuddyDev
CVE-2025-30958,onOffice GmbH
CVE-2025-30959,WPFactory
CVE-2025-30960,fs-code
CVE-2025-30961,tinuzz
CVE-2025-30962,fs-code
CVE-2025-30963,Crocoblock
CVE-2025-30964,ThemeGoods
CVE-2025-30965,NotFound
CVE-2025-30966,NotFound
CVE-2025-30967,NotFound
CVE-2025-30968,jokerbr313
CVE-2025-30969,gopiplus
CVE-2025-30970,scottwallick
CVE-2025-30971,Xavi Ivars
CVE-2025-30972,iamapinan
CVE-2025-30973,"Codexpert, Inc"
CVE-2025-30974,Akhtarujjaman Shuvo
CVE-2025-30975,SaifuMak
CVE-2025-30976,wpdive
CVE-2025-30977,Chaport Live Chat
CVE-2025-30978,Dor Zuberi
CVE-2025-30979,gopiplus
CVE-2025-30980,Alessandro Piconi
CVE-2025-30981,tggfref
CVE-2025-30982,zookatron
CVE-2025-30983,gopiplus
CVE-2025-30984,Dzynit
CVE-2025-30985,kagla
CVE-2025-30986,_CreativeMedia_
CVE-2025-30987,Crocoblock
CVE-2025-30988,_CreativeMedia_
CVE-2025-30989,Renzo Tejada
CVE-2025-30990,ThemeHunk
CVE-2025-30991,Shahjada
CVE-2025-30992,thembay
CVE-2025-30993,VillaTheme
CVE-2025-30994,Imran Tauqeer
CVE-2025-30995,OTWthemes
CVE-2025-30996,Themify
CVE-2025-30997,SmartDataSoft
CVE-2025-30998,Rico Macchi
CVE-2025-30999,Fahad Mahmood
CVE-2025-31000,Miguel Fuentes
CVE-2025-31001,TLA Media
CVE-2025-31002,Bogdan Bendziukov
CVE-2025-31003,Bogdan Bendziukov
CVE-2025-31004,Croover.inc
CVE-2025-31005,Uzair
CVE-2025-31006,arete-it
CVE-2025-31007,Alvind
CVE-2025-31008,Embeds For YouTube Plugin Support
CVE-2025-31009,Jan Boddez
CVE-2025-31010,ReichertBrothers
CVE-2025-31011,ReichertBrothers
CVE-2025-31012,Phil
CVE-2025-31013,Themify
CVE-2025-31014,Hossein
CVE-2025-31015,Adrian Tobey
CVE-2025-31016,Crocoblock
CVE-2025-31017,Robert Noakes
CVE-2025-31018,FireDrum
CVE-2025-31019,miniOrange
CVE-2025-31020,Webliberty
CVE-2025-31021,dolby_uk
CVE-2025-31022,PayU India
CVE-2025-31023,Purab
CVE-2025-31024,randyjensen
CVE-2025-31025,Blocksera
CVE-2025-31026,Austin
CVE-2025-31027,jocoxdesign
CVE-2025-31028,Huseyin Berberoglu
CVE-2025-31029,bingu
CVE-2025-31030,Jiro Sasamoto
CVE-2025-31031,Astoundify
CVE-2025-31032,Pagopar - Grupo M S.A.
CVE-2025-31033,Adam Nowak
CVE-2025-31034,AboZain Albanna
CVE-2025-31035,Benjamin Chris
CVE-2025-31036,WPSOLR
CVE-2025-31037,favethemes
CVE-2025-31038,Essential Marketer
CVE-2025-31039,pixelgrade
CVE-2025-31040,Exthemes
CVE-2025-31041,AnyTrack
CVE-2025-31042,rtakao
CVE-2025-31043,Crocoblock
CVE-2025-31044,AA-Team
CVE-2025-31045,elfsight
CVE-2025-31046,WPvibes
CVE-2025-31047,Themify
CVE-2025-31048,Themify
CVE-2025-31049,themeton
CVE-2025-31050,appthaplugins
CVE-2025-31051,EngoTheme
CVE-2025-31052,themeton
CVE-2025-31053,quantumcloud
CVE-2025-31054,Themefy
CVE-2025-31055,vergatheme
CVE-2025-31056,Techspawn
CVE-2025-31057,LambertGroup
CVE-2025-31058,LambertGroup
CVE-2025-31059,woobewoo
CVE-2025-31060,ApusTheme
CVE-2025-31061,redqteam
CVE-2025-31062,redqteam
CVE-2025-31063,redqteam
CVE-2025-31064,gavias
CVE-2025-31065,themeton
CVE-2025-31066,themeton
CVE-2025-31067,themeton
CVE-2025-31068,themeton
CVE-2025-31069,themeton
CVE-2025-31070,LambertGroup
CVE-2025-31071,themeton
CVE-2025-31072,designthemes
CVE-2025-31073,bensibley
CVE-2025-31074,MDJM
CVE-2025-31075,videowhisper
CVE-2025-31076,WP Compress
CVE-2025-31077,Ultimate Blocks
CVE-2025-31078,enituretechnology
CVE-2025-31079,usermaven
CVE-2025-31080,Link Software LLC
CVE-2025-31081,ShortPixel
CVE-2025-31082,InfornWeb
CVE-2025-31083,ZEEN101
CVE-2025-31084,sunshinephotocart
CVE-2025-31085,Michel - xiligroup dev
CVE-2025-31086,WBW Plugins
CVE-2025-31087,silverplugins217
CVE-2025-31088,Cozmoslabs
CVE-2025-31089,Fahad Mahmood
CVE-2025-31090,alordiel
CVE-2025-31091,CreativeMindsSolutions
CVE-2025-31092,Ninja Team
CVE-2025-31093,redpixelstudios
CVE-2025-31094,teastudio.pl
CVE-2025-31095,Hossein
CVE-2025-31096,WPXPO
CVE-2025-31097,Hossein
CVE-2025-31098,debounce
CVE-2025-31099,bestweblayout
CVE-2025-31100,Mojoomla
CVE-2025-31101,Vault Group Pty Ltd
CVE-2025-31102,Bob
CVE-2025-31103,appleple inc.
CVE-2025-31104,Fortinet
CVE-2025-31114,lllyasviel
CVE-2025-31115,tukaani-project
CVE-2025-31116,MobSF
CVE-2025-31117,openemr
CVE-2025-31118,NamelessMC
CVE-2025-31119,jhipster
CVE-2025-31120,NamelessMC
CVE-2025-31121,openemr
CVE-2025-31122,Scratch-Coding-Hut
CVE-2025-31123,zitadel
CVE-2025-31124,zitadel
CVE-2025-31125,vitejs
CVE-2025-31126,element-hq
CVE-2025-31127,element-hq
CVE-2025-31128,rubentd
CVE-2025-31129,jooby-project
CVE-2025-31130,GitoxideLabs
CVE-2025-31131,YesWiki
CVE-2025-31132,The-Commit-Company
CVE-2025-31133,opencontainers
CVE-2025-31134,FreshRSS
CVE-2025-31135,phires
CVE-2025-31136,FreshRSS
CVE-2025-31137,remix-run
CVE-2025-31138,AmauriC
CVE-2025-31139,JetBrains
CVE-2025-31140,JetBrains
CVE-2025-31141,JetBrains
CVE-2025-31144,"SIOS Technology, Inc."
CVE-2025-31147,Growatt
CVE-2025-31160,atop project
CVE-2025-31161,CrushFTP
CVE-2025-31162,xfig
CVE-2025-31163,xfig
CVE-2025-31164,xfig
CVE-2025-31165,FPT Software
CVE-2025-31170,Huawei
CVE-2025-31171,Huawei
CVE-2025-31172,Huawei
CVE-2025-31173,Huawei
CVE-2025-31174,Huawei
CVE-2025-31175,Huawei
CVE-2025-31176,Red Hat
CVE-2025-31177,Red Hat
CVE-2025-31178,Red Hat
CVE-2025-31179,Red Hat
CVE-2025-31180,Red Hat
CVE-2025-31181,Red Hat
CVE-2025-31182,Apple
CVE-2025-31183,Apple
CVE-2025-31184,Apple
CVE-2025-31185,Apple
CVE-2025-31186,Apple
CVE-2025-31187,Apple
CVE-2025-31188,Apple
CVE-2025-31189,Apple
CVE-2025-31191,Apple
CVE-2025-31192,Apple
CVE-2025-31194,Apple
CVE-2025-31195,Apple
CVE-2025-31196,Apple
CVE-2025-31197,Apple
CVE-2025-31198,Apple
CVE-2025-31199,Apple
CVE-2025-31200,Apple
CVE-2025-31201,Apple
CVE-2025-31202,Apple
CVE-2025-31203,Apple
CVE-2025-31204,Apple
CVE-2025-31205,Apple
CVE-2025-31206,Apple
CVE-2025-31207,Apple
CVE-2025-31208,Apple
CVE-2025-31209,Apple
CVE-2025-31210,Apple
CVE-2025-31212,Apple
CVE-2025-31213,Apple
CVE-2025-31214,Apple
CVE-2025-31215,Apple
CVE-2025-31216,Apple
CVE-2025-31217,Apple
CVE-2025-31218,Apple
CVE-2025-31219,Apple
CVE-2025-31220,Apple
CVE-2025-31221,Apple
CVE-2025-31222,Apple
CVE-2025-31223,Apple
CVE-2025-31224,Apple
CVE-2025-31225,Apple
CVE-2025-31226,Apple
CVE-2025-31227,Apple
CVE-2025-31228,Apple
CVE-2025-31229,Apple
CVE-2025-31231,Apple
CVE-2025-31232,Apple
CVE-2025-31233,Apple
CVE-2025-31234,Apple
CVE-2025-31235,Apple
CVE-2025-31236,Apple
CVE-2025-31237,Apple
CVE-2025-31238,Apple
CVE-2025-31239,Apple
CVE-2025-31240,Apple
CVE-2025-31241,Apple
CVE-2025-31242,Apple
CVE-2025-31243,Apple
CVE-2025-31244,Apple
CVE-2025-31245,Apple
CVE-2025-31246,Apple
CVE-2025-31247,Apple
CVE-2025-31248,Apple
CVE-2025-31249,Apple
CVE-2025-31250,Apple
CVE-2025-31251,Apple
CVE-2025-31253,Apple
CVE-2025-31254,Apple
CVE-2025-31255,Apple
CVE-2025-31256,Apple
CVE-2025-31257,Apple
CVE-2025-31258,Apple
CVE-2025-31259,Apple
CVE-2025-31260,Apple
CVE-2025-31261,Apple
CVE-2025-31262,Apple
CVE-2025-31263,Apple
CVE-2025-31264,Apple
CVE-2025-31266,Apple
CVE-2025-31267,Apple
CVE-2025-31268,Apple
CVE-2025-31269,Apple
CVE-2025-31270,Apple
CVE-2025-31271,Apple
CVE-2025-31272,Apple
CVE-2025-31273,Apple
CVE-2025-31275,Apple
CVE-2025-31276,Apple
CVE-2025-31277,Apple
CVE-2025-31278,Apple
CVE-2025-31279,Apple
CVE-2025-31280,Apple
CVE-2025-31281,Apple
CVE-2025-31282,"Trend Micro, Inc."
CVE-2025-31283,"Trend Micro, Inc."
CVE-2025-31284,"Trend Micro, Inc."
CVE-2025-31285,"Trend Micro, Inc."
CVE-2025-31286,"Trend Micro, Inc."
CVE-2025-31324,SAP_SE
CVE-2025-31325,SAP_SE
CVE-2025-31326,SAP_SE
CVE-2025-31327,SAP_SE
CVE-2025-31328,SAP_SE
CVE-2025-31329,SAP_SE
CVE-2025-31330,SAP_SE
CVE-2025-31331,SAP_SE
CVE-2025-31332,SAP_SE
CVE-2025-31333,SAP_SE
CVE-2025-31334,RARLAB
CVE-2025-31335,Shibboleth
CVE-2025-31338,"SUNNET Technology Co., Ltd."
CVE-2025-31339,"SUNNET Technology Co., Ltd."
CVE-2025-31340,"SUNNET Technology Co., Ltd."
CVE-2025-31342,Galaxy Software Services Corporation
CVE-2025-31343,Siemens
CVE-2025-31344,openEuler
CVE-2025-31349,Siemens
CVE-2025-31350,Siemens
CVE-2025-31351,Siemens
CVE-2025-31352,Siemens
CVE-2025-31353,Siemens
CVE-2025-31354,Subnet Solutions
CVE-2025-31355,Tenda
CVE-2025-31357,Growatt
CVE-2025-31359,Parallels
CVE-2025-31360,Growatt
CVE-2025-31361,Broadcom
CVE-2025-31361,Dell
CVE-2025-31362,"OPEN, Inc."
CVE-2025-31363,Mattermost
CVE-2025-31365,Fortinet
CVE-2025-31366,Fortinet
CVE-2025-31375,bhoogterp
CVE-2025-31376,Mayeenul Islam
CVE-2025-31377,Asaquzzaman mishu
CVE-2025-31378,danbwb
CVE-2025-31379,programphases
CVE-2025-31380,videowhisper
CVE-2025-31381,shiptrack
CVE-2025-31382,theode
CVE-2025-31383,sodena
CVE-2025-31384,Aviplugins
CVE-2025-31385,intelcaprep
CVE-2025-31386,simplepress
CVE-2025-31387,InstaWP
CVE-2025-31388,doa
CVE-2025-31389,Introvoke Inc. dba Sequel.io
CVE-2025-31390,bdoga
CVE-2025-31391,regen
CVE-2025-31392,Shameem Reza
CVE-2025-31393,vfvalent
CVE-2025-31394,Kailey (trepmal)
CVE-2025-31395,a.ankit
CVE-2025-31396,themeton
CVE-2025-31397,smartcms
CVE-2025-31398,themeton
CVE-2025-31399,Chandan Garg
CVE-2025-31400,icyleaf
CVE-2025-31401,mmetrodw
CVE-2025-31402,NewsBoard Plugin
CVE-2025-31403,shiptrack
CVE-2025-31404,Wladyslaw Madejczyk
CVE-2025-31405,zankover
CVE-2025-31406,ELEXtensions
CVE-2025-31407,hutsixdigital
CVE-2025-31408,Zoho Flow
CVE-2025-31409,NotFound
CVE-2025-31410,Ashish Ajani
CVE-2025-31411,aribhour
CVE-2025-31412,Crocoblock
CVE-2025-31413,bdthemes
CVE-2025-31414,Stylemix
CVE-2025-31415,YayCommerce
CVE-2025-31416,AwesomeTOGI
CVE-2025-31417,Fahad Mahmood
CVE-2025-31418,noonnoo
CVE-2025-31419,Themeix
CVE-2025-31420,Tomdever
CVE-2025-31421,Oblak Studio
CVE-2025-31422,designthemes
CVE-2025-31423,AncoraThemes
CVE-2025-31424,kamleshyadav
CVE-2025-31425,kamleshyadav
CVE-2025-31426,LambertGroup
CVE-2025-31427,designthemes
CVE-2025-31428,BuddhaThemes
CVE-2025-31429,themeton
CVE-2025-31430,themeton
CVE-2025-31431,conlabz GmbH
CVE-2025-31432,Chop Chop
CVE-2025-31433,Miguel Sirvent
CVE-2025-31434,Adrian Tobey
CVE-2025-31435,Efficient Scripts
CVE-2025-31436,Angelo Mandato
CVE-2025-31437,David Miller
CVE-2025-31438,Benoit De Boeck
CVE-2025-31439,tobias_.MerZ
CVE-2025-31440,Strategy11 Team
CVE-2025-31441,S
CVE-2025-31442,e1tekoap42
CVE-2025-31443,Krzysztof Furtak
CVE-2025-31444,youtag
CVE-2025-31445,Sed Lex
CVE-2025-31446,jiangmiao
CVE-2025-31447,nertworks
CVE-2025-31448,misteraon
CVE-2025-31449,EricH
CVE-2025-31450,phantom.omaga
CVE-2025-31451,kevinweber
CVE-2025-31452,"Mindshare Labs, Inc."
CVE-2025-31453,Stian Andreassen
CVE-2025-31454,Arefly
CVE-2025-31455,ralxz
CVE-2025-31456,bsndev
CVE-2025-31457,Aurélien LWS
CVE-2025-31458,forsgren
CVE-2025-31459,PasqualePuzio
CVE-2025-31460,danielmuldernl
CVE-2025-31461,Mayeenul Islam
CVE-2025-31462,rzfarrell
CVE-2025-31463,preetindersodhi
CVE-2025-31464,Nazmur Rahman
CVE-2025-31465,cornershop
CVE-2025-31466,Falcon Solutions
CVE-2025-31467,miro.mannino
CVE-2025-31468,scottsm
CVE-2025-31469,webrangers
CVE-2025-31470,FancyThemes
CVE-2025-31471,Falcon Solutions
CVE-2025-31472,Michele Marri
CVE-2025-31473,matthewprice1178
CVE-2025-31474,matthewprice1178
CVE-2025-31475,AmauriC
CVE-2025-31476,AmauriC
CVE-2025-31477,tauri-apps
CVE-2025-31478,zulip
CVE-2025-31479,canonical
CVE-2025-31480,aiven
CVE-2025-31481,api-platform
CVE-2025-31482,FreshRSS
CVE-2025-31483,miniflux
CVE-2025-31484,conda-forge
CVE-2025-31485,api-platform
CVE-2025-31486,vitejs
CVE-2025-31487,xwiki-contrib
CVE-2025-31488,Hex-Dragon
CVE-2025-31489,minio
CVE-2025-31490,Significant-Gravitas
CVE-2025-31491,Significant-Gravitas
CVE-2025-31492,OpenIDC
CVE-2025-31493,getkirby
CVE-2025-31494,Significant-Gravitas
CVE-2025-31496,apollographql
CVE-2025-31497,TEIC
CVE-2025-31498,c-ares
CVE-2025-31499,jellyfin
CVE-2025-31500,bestpractical
CVE-2025-31501,bestpractical
CVE-2025-31510,lemonldap-ng
CVE-2025-31514,Fortinet
CVE-2025-31524,John James Jacoby
CVE-2025-31525,WP Messiah
CVE-2025-31526,eleopard
CVE-2025-31527,Kishan
CVE-2025-31528,wokamoto
CVE-2025-31529,Rashid
CVE-2025-31530,"Smackcoders Inc.,"
CVE-2025-31531,click5
CVE-2025-31532,Team AtomChat
CVE-2025-31533,Salesmate.io
CVE-2025-31534,shopperdotcom
CVE-2025-31535,PressTigers
CVE-2025-31536,moshensky
CVE-2025-31537,madfishdigital
CVE-2025-31538,checklistcom
CVE-2025-31539,Blocksera
CVE-2025-31540,acmemediakits
CVE-2025-31541,TuriTop
CVE-2025-31542,wphocus
CVE-2025-31543,Twice Commerce
CVE-2025-31544,WP Messiah
CVE-2025-31545,WP Messiah
CVE-2025-31546,WP Messiah
CVE-2025-31547,Aphotrax
CVE-2025-31548,CodeSolz
CVE-2025-31549,Agency Dominion Inc.
CVE-2025-31550,thom4
CVE-2025-31551,Salesmate.io
CVE-2025-31552,davidfcarr
CVE-2025-31553,WPFactory
CVE-2025-31554,docxpresso
CVE-2025-31555,ContentMX
CVE-2025-31556,IDX Broker
CVE-2025-31557,MiKa
CVE-2025-31558,Greg
CVE-2025-31559,Caspio Bridge
CVE-2025-31560,Dimitri Grassi
CVE-2025-31561,CodeSolz
CVE-2025-31562,Aphotrax
CVE-2025-31563,Vimal Kava
CVE-2025-31564,aitool
CVE-2025-31565,Lisandro Martinez
CVE-2025-31566,riosisgroup
CVE-2025-31567,Themesflat
CVE-2025-31568,wiredmindshelp
CVE-2025-31569,wp-buy
CVE-2025-31570,wp-buy
CVE-2025-31571,Cynob IT Consultancy
CVE-2025-31572,v20202020
CVE-2025-31573,Pepro Dev. Group
CVE-2025-31574,SoftHopper
CVE-2025-31575,Vasilis Triantafyllou
CVE-2025-31576,Gagan Deep Singh
CVE-2025-31577,appointify
CVE-2025-31578,Wisdomlogix Solutions Pvt. Ltd.
CVE-2025-31579,EXEIdeas International
CVE-2025-31580,Anzar Ahmed
CVE-2025-31581,Sandeep Kumar
CVE-2025-31582,Ashish Ajani
CVE-2025-31583,Ashish Ajani
CVE-2025-31584,elfsight
CVE-2025-31585,leadfox
CVE-2025-31586,GhozyLab
CVE-2025-31587,elfsight
CVE-2025-31588,elfsight
CVE-2025-31589,Kibru Demeke
CVE-2025-31590,Denra.com
CVE-2025-31591,promoz73
CVE-2025-31592,Paolo Melchiorre
CVE-2025-31593,OpenMenu
CVE-2025-31594,WPglob
CVE-2025-31595,wpdiscover
CVE-2025-31596,Chatwee
CVE-2025-31597,crazycric
CVE-2025-31598,WPFactory
CVE-2025-31599,N-Media
CVE-2025-31600,designnbuy
CVE-2025-31601,appointy
CVE-2025-31602,Proptech Plugin
CVE-2025-31603,moshensky
CVE-2025-31604,Cal.com
CVE-2025-31605,WeblineIndia
CVE-2025-31606,softpulseinfotech
CVE-2025-31607,flomei
CVE-2025-31608,reDim GmbH
CVE-2025-31609,Arni Cinco
CVE-2025-31610,gingerplugins
CVE-2025-31611,Shaharia Azam
CVE-2025-31612,Sabuj Kundu
CVE-2025-31613,Aboobacker.
CVE-2025-31614,hiroprot
CVE-2025-31615,owenr88
CVE-2025-31616,AdminGeekZ
CVE-2025-31617,Gagan Deep Singh
CVE-2025-31618,Jaap Jansma
CVE-2025-31619,marcoingraiti
CVE-2025-31620,carperfer
CVE-2025-31621,davidpaulsson
CVE-2025-31622,Utkarsh Kukreti
CVE-2025-31623,richtexteditor
CVE-2025-31624,LABCAT
CVE-2025-31625,ramanparashar
CVE-2025-31626,M. Ali Saleem
CVE-2025-31627,David Lingren
CVE-2025-31628,SlicedInvoices
CVE-2025-31629,Jacob Allred
CVE-2025-31630,themeton
CVE-2025-31631,AncoraThemes
CVE-2025-31632,SpyroPress
CVE-2025-31633,gavias
CVE-2025-31634,designthemes
CVE-2025-31635,LambertGroup
CVE-2025-31636,SaurabhSharma
CVE-2025-31637,LambertGroup
CVE-2025-31638,themeton
CVE-2025-31639,themeton
CVE-2025-31640,LambertGroup
CVE-2025-31641,LambertGroup
CVE-2025-31642,Dasinfomedia
CVE-2025-31643,Dasinfomedia
CVE-2025-31644,F5
CVE-2025-31649,Broadcom
CVE-2025-31649,Dell
CVE-2025-31650,Apache Software Foundation
CVE-2025-31651,Apache Software Foundation
CVE-2025-31654,Growatt
CVE-2025-31672,Apache Software Foundation
CVE-2025-31673,Drupal
CVE-2025-31674,Drupal
CVE-2025-31675,Drupal
CVE-2025-31676,Drupal
CVE-2025-31677,Drupal
CVE-2025-31678,Drupal
CVE-2025-31679,Drupal
CVE-2025-31680,Drupal
CVE-2025-31681,Drupal
CVE-2025-31682,Drupal
CVE-2025-31683,Drupal
CVE-2025-31684,Drupal
CVE-2025-31685,Drupal
CVE-2025-31686,Drupal
CVE-2025-31687,Drupal
CVE-2025-31688,Drupal
CVE-2025-31689,Drupal
CVE-2025-31690,Drupal
CVE-2025-31691,Drupal
CVE-2025-31692,Drupal
CVE-2025-31693,Drupal
CVE-2025-31694,Drupal
CVE-2025-31695,Drupal
CVE-2025-31696,Drupal
CVE-2025-31697,Drupal
CVE-2025-31698,Apache Software Foundation
CVE-2025-31700,Dahua
CVE-2025-31701,Dahua
CVE-2025-31702,Dahua
CVE-2025-31703,dahua
CVE-2025-31710,"Unisoc (Shanghai) Technologies Co., Ltd."
CVE-2025-31711,"Unisoc (Shanghai) Technologies Co., Ltd."
CVE-2025-31712,"Unisoc (Shanghai) Technologies Co., Ltd."
CVE-2025-31713,"Unisoc (Shanghai) Technologies Co., Ltd."
CVE-2025-31714,"Unisoc (Shanghai) Technologies Co., Ltd."
CVE-2025-31715,"Unisoc (Shanghai) Technologies Co., Ltd."
CVE-2025-31716,"Unisoc (Shanghai) Technologies Co., Ltd."
CVE-2025-31717,"Unisoc (Shanghai) Technologies Co., Ltd."
CVE-2025-31718,"Unisoc (Shanghai) Technologies Co., Ltd."
CVE-2025-31719,"Unisoc (Shanghai) Technologies Co., Ltd."
CVE-2025-31720,Jenkins Project
CVE-2025-31721,Jenkins Project
CVE-2025-31722,Jenkins Project
CVE-2025-31723,Jenkins Project
CVE-2025-31724,Jenkins Project
CVE-2025-31725,Jenkins Project
CVE-2025-31726,Jenkins Project
CVE-2025-31727,Jenkins Project
CVE-2025-31728,Jenkins Project
CVE-2025-31729,jeffikus
CVE-2025-31730,DigitalCourt
CVE-2025-31731,Philip John
CVE-2025-31732,gb-plugins
CVE-2025-31733,Boot Div
CVE-2025-31734,Syed Balkhi
CVE-2025-31735,C. Johnson
CVE-2025-31736,richtexteditor
CVE-2025-31737,dxladner
CVE-2025-31738,yazamodeveloper
CVE-2025-31739,Manuel Schmalstieg
CVE-2025-31740,aThemeArt
CVE-2025-31741,Filtr8
CVE-2025-31742,PixelDima
CVE-2025-31743,wpszaki
CVE-2025-31744,wpszaki
CVE-2025-31745,Arni Cinco
CVE-2025-31746,Think201
CVE-2025-31747,milan.latinovic
CVE-2025-31748,wpopal
CVE-2025-31749,WPelite
CVE-2025-31750,doit
CVE-2025-31751,doit
CVE-2025-31752,termel
CVE-2025-31753,Animesh Kumar
CVE-2025-31754,DobsonDev
CVE-2025-31755,josselynj
CVE-2025-31756,tuyennv
CVE-2025-31757,BinaryCarpenter
CVE-2025-31758,BinaryCarpenter
CVE-2025-31759,BooSpot
CVE-2025-31760,snapwidget
CVE-2025-31761,DEJAN
CVE-2025-31762,andreyazimov
CVE-2025-31763,Preliot
CVE-2025-31764,Preliot
CVE-2025-31765,themeqx
CVE-2025-31766,PhotoShelter
CVE-2025-31767,OTWthemes
CVE-2025-31768,OTWthemes
CVE-2025-31769,NiteoThemes
CVE-2025-31770,OTWthemes
CVE-2025-31771,Sultan Nasir Uddin
CVE-2025-31772,Astoundify
CVE-2025-31773,cedcommerce
CVE-2025-31774,WebProtect.ai
CVE-2025-31775,"Smackcoders Inc.,"
CVE-2025-31776,Aphotrax
CVE-2025-31777,BeastThemes
CVE-2025-31778,raphaelheide
CVE-2025-31779,Jonathan Daggerhart
CVE-2025-31780,Andy Stratton
CVE-2025-31781,ahmadshyk
CVE-2025-31782,pupunzi
CVE-2025-31783,Leartes.NET
CVE-2025-31784,Rudy Susanto
CVE-2025-31785,Clearbit
CVE-2025-31786,Travis
CVE-2025-31787,AudioTheme
CVE-2025-31788,"Smackcoders Inc.,"
CVE-2025-31789,Matat Technologies
CVE-2025-31790,Binsaifullah
CVE-2025-31791,Oliver Boyers
CVE-2025-31792,piotnetdotcom
CVE-2025-31793,piotnetdotcom
CVE-2025-31794,Web Ready Now
CVE-2025-31795,Plugin Devs
CVE-2025-31796,TheInnovs
CVE-2025-31797,BoldGrid
CVE-2025-31798,publitio
CVE-2025-31799,publitio
CVE-2025-31800,publitio
CVE-2025-31801,Maksym Marko
CVE-2025-31802,Shiptimize
CVE-2025-31803,Neteuro
CVE-2025-31804,DraftPress Team
CVE-2025-31805,Saad Iqbal
CVE-2025-31806,uSystems
CVE-2025-31807,CloudRedux
CVE-2025-31808,IT Path Solutions
CVE-2025-31809,Labinator
CVE-2025-31810,PickPlugins
CVE-2025-31811,xtreeme
CVE-2025-31812,Tomas
CVE-2025-31813,Website366.com
CVE-2025-31814,OwnerRez
CVE-2025-31815,devscred
CVE-2025-31816,pietro
CVE-2025-31817,WPWheels
CVE-2025-31818,ContentBot.ai
CVE-2025-31819,pixelgrade
CVE-2025-31820,webdevstudios
CVE-2025-31821,formsintegrations
CVE-2025-31822,Ashish Ajani
CVE-2025-31823,wpoperations
CVE-2025-31824,Wombat Plugins
CVE-2025-31825,pixelgrade
CVE-2025-31826,Anzar Ahmed
CVE-2025-31827,vlad.olaru
CVE-2025-31828,alextselegidis
CVE-2025-31829,devscred
CVE-2025-31830,Uriahs Victor
CVE-2025-31831,Team AtomChat
CVE-2025-31832,Beee
CVE-2025-31833,themeglow
CVE-2025-31834,themeglow
CVE-2025-31835,Brice Capobianco
CVE-2025-31836,matthewrubin
CVE-2025-31837,WP Codeus
CVE-2025-31838,eventbee
CVE-2025-31839,digireturn
CVE-2025-31840,digireturn
CVE-2025-31841,Frank P. Walentynowicz
CVE-2025-31842,viralloops
CVE-2025-31843,Wilson
CVE-2025-31844,Noor Alam
CVE-2025-31845,Rohit Choudhary
CVE-2025-31846,Jeroen Schmit
CVE-2025-31847,themelooks
CVE-2025-31848,WPFactory
CVE-2025-31849,fbtemplates
CVE-2025-31850,RedefiningTheWeb
CVE-2025-31851,markkinchin
CVE-2025-31852,N-Media
CVE-2025-31853,Erez Hadas-Sonnenschein
CVE-2025-31854,Sharaz Shahid
CVE-2025-31855,softnwords
CVE-2025-31856,brainvireinfo
CVE-2025-31857,wpWax
CVE-2025-31858,matthewrubin
CVE-2025-31859,Feedbucket
CVE-2025-31860,WPeka
CVE-2025-31861,WPOrbit Support
CVE-2025-31862,PickPlugins
CVE-2025-31863,inspry
CVE-2025-31864,Out the Box
CVE-2025-31865,CartBoss
CVE-2025-31866,Ship Depot
CVE-2025-31867,JoomSky
CVE-2025-31868,JoomSky
CVE-2025-31869,Modernaweb Studio
CVE-2025-31870,EXEIdeas International
CVE-2025-31871,Galaxy Weblinks
CVE-2025-31872,Galaxy Weblinks
CVE-2025-31873,sheetdb
CVE-2025-31874,Ajay
CVE-2025-31875,Pluginic
CVE-2025-31876,gunnarpayday
CVE-2025-31877,Magnigenie
CVE-2025-31878,"Dmitry V. (CEO of ""UKR Solution"")"
CVE-2025-31879,"Dmitry V. (CEO of ""UKR Solution"")"
CVE-2025-31880,Stylemix
CVE-2025-31881,Stylemix
CVE-2025-31882,WPWebinarSystem
CVE-2025-31883,WPWebinarSystem
CVE-2025-31884,WP CMS Ninja
CVE-2025-31885,Daniel Floeter
CVE-2025-31886,Repuso
CVE-2025-31887,zookatron
CVE-2025-31888,WPExperts.io
CVE-2025-31889,petesheppard84
CVE-2025-31890,Mashi
CVE-2025-31891,Gosign
CVE-2025-31892,Themeum
CVE-2025-31893,cheesefather
CVE-2025-31894,Infoway LLC
CVE-2025-31895,paulrosen
CVE-2025-31896,istmoplugins
CVE-2025-31897,Arrow Plugins
CVE-2025-31898,dustinscarberry
CVE-2025-31899,wpshopee
CVE-2025-31900,lexicata
CVE-2025-31901,Digihood
CVE-2025-31902,reputeinfosystems
CVE-2025-31903,Xavi Ivars
CVE-2025-31904,Infoway LLC
CVE-2025-31905,Mark O'Donnell
CVE-2025-31906,ProfitShare.ro
CVE-2025-31907,Labib Ahmed
CVE-2025-31908,Sami Ahmed Siddiqui
CVE-2025-31909,Apptivo
CVE-2025-31910,reputeinfosystems
CVE-2025-31911,reputeinfosystems
CVE-2025-31912,gavias
CVE-2025-31913,ApusTheme
CVE-2025-31914,kamleshyadav
CVE-2025-31915,kamleshyadav
CVE-2025-31916,joy2012bd
CVE-2025-31917,LambertGroup
CVE-2025-31918,quantumcloud
CVE-2025-31919,themeton
CVE-2025-31920,AmentoTech
CVE-2025-31921,loopus
CVE-2025-31922,QuanticaLabs
CVE-2025-31923,QuanticaLabs
CVE-2025-31924,designthemes
CVE-2025-31925,LambertGroup
CVE-2025-31926,LambertGroup
CVE-2025-31927,themeton
CVE-2025-31928,LambertGroup
CVE-2025-31929,Siemens
CVE-2025-31930,Siemens
CVE-2025-31932,"OPEN, Inc."
CVE-2025-31933,Growatt
CVE-2025-31935,Subnet Solutions
CVE-2025-31941,Growatt
CVE-2025-31945,Growatt
CVE-2025-31946,Pixmeo
CVE-2025-31947,Mattermost
CVE-2025-31949,Growatt
CVE-2025-31950,Growatt
CVE-2025-31951,HCL
CVE-2025-31952,HCL Software
CVE-2025-31953,HCL Software
CVE-2025-31954,HCL Software
CVE-2025-31955,HCL Software
CVE-2025-31957,HCL Software
CVE-2025-31958,HCLSoftware
CVE-2025-31959,HCL Software
CVE-2025-31960,HCL
CVE-2025-31961,HCL Software
CVE-2025-31962,HCLSoftware
CVE-2025-31963,HCLSoftware
CVE-2025-31964,HCLSoftware
CVE-2025-31965,HCL Software
CVE-2025-31966,HCL
CVE-2025-31969,HCL Software
CVE-2025-31970,HCL
CVE-2025-31971,HCL Software
CVE-2025-31972,HCL Software
CVE-2025-31973,HCL
CVE-2025-31974,HCL Software
CVE-2025-31975,HCL
CVE-2025-31976,HCL Software
CVE-2025-31977,HCL Software
CVE-2025-31978,HCL Software
CVE-2025-31979,HCL Software
CVE-2025-31981,HCLSoftware
CVE-2025-31982,HCL Software
CVE-2025-31983,HCL
CVE-2025-31984,HCL
CVE-2025-31985,HCL
CVE-2025-31987,HCL Software
CVE-2025-31988,HCL Software
CVE-2025-31990,HCLSoftware
CVE-2025-31991,HCLSoftware
CVE-2025-31992,HCL Software
CVE-2025-31993,HCL Software
CVE-2025-31994,HCL Software
CVE-2025-31995,HCL Software
CVE-2025-31996,HCL Software
CVE-2025-31997,HCL Software
CVE-2025-31998,HCL Software
CVE-2025-32002,"I-O DATA DEVICE, INC."
CVE-2025-32010,Tenda
CVE-2025-32011,KUNBUS GmbH
CVE-2025-32012,jellyfin
CVE-2025-32013,lnbits
CVE-2025-32014,remcohaszing
CVE-2025-32015,FreshRSS
CVE-2025-32016,AzureAD
CVE-2025-32017,umbraco
CVE-2025-32018,getcursor
CVE-2025-32019,goharbor
CVE-2025-32020,Guichaguri
CVE-2025-32021,WeblateOrg
CVE-2025-32022,troglobit
CVE-2025-32023,redis
CVE-2025-32024,bep
CVE-2025-32025,bep
CVE-2025-32026,element-hq
CVE-2025-32027,yiisoft
CVE-2025-32028,haxtheweb
CVE-2025-32029,ApelegHQ
CVE-2025-32030,apollographql
CVE-2025-32031,apollographql
CVE-2025-32032,apollographql
CVE-2025-32033,apollographql
CVE-2025-32034,apollographql
CVE-2025-32035,dnnsoftware
CVE-2025-32036,dnnsoftware
CVE-2025-32049,Red Hat
CVE-2025-32050,Red Hat
CVE-2025-32051,Red Hat
CVE-2025-32052,Red Hat
CVE-2025-32053,Red Hat
CVE-2025-32054,JetBrains
CVE-2025-32056,Bosch
CVE-2025-32057,Bosch
CVE-2025-32058,Bosch
CVE-2025-32059,Bosch
CVE-2025-32060,Bosch
CVE-2025-32061,Bosch
CVE-2025-32062,Bosch
CVE-2025-32063,Bosch
CVE-2025-32067,The Wikimedia Foundation
CVE-2025-32068,The Wikimedia Foundation
CVE-2025-32069,The Wikimedia Foundation
CVE-2025-32070,The Wikimedia Foundation
CVE-2025-32071,The Wikimedia Foundation
CVE-2025-32072,The Wikimedia Foundation
CVE-2025-32073,The Wikimedia Foundation
CVE-2025-32074,The Wikimedia Foundation
CVE-2025-32075,The Wikimedia Foundation
CVE-2025-32076,The Wikimedia Foundation
CVE-2025-32077,The Wikimedia Foundation
CVE-2025-32078,The Wikimedia Foundation
CVE-2025-32079,The Wikimedia Foundation
CVE-2025-32080,The Wikimedia Foundation
CVE-2025-32089,Broadcom
CVE-2025-32089,Dell
CVE-2025-32093,Mattermost
CVE-2025-32094,Akamai
CVE-2025-32095,Pexip
CVE-2025-32096,Pexip
CVE-2025-32102,CrushFTP
CVE-2025-32103,CrushFTP
CVE-2025-32107,TP-Link Corporation Limited
CVE-2025-32111,acme.sh project
CVE-2025-32112,OTWthemes
CVE-2025-32113,Renzo Tejada
CVE-2025-32114,5sterrenspecialist
CVE-2025-32115,OTWthemes
CVE-2025-32116,Studi7
CVE-2025-32117,OTWthemes
CVE-2025-32118,NiteoThemes
CVE-2025-32119,CardGate
CVE-2025-32120,edanzer
CVE-2025-32121,SuitePlugins
CVE-2025-32122,Stylemix
CVE-2025-32123,LambertGroup
CVE-2025-32124,eleopard
CVE-2025-32125,silvasoft
CVE-2025-32126,cmsMinds
CVE-2025-32127,onOffice GmbH
CVE-2025-32128,aaronfrey
CVE-2025-32129,"Data443 Risk Mitigation, Inc."
CVE-2025-32130,"Data443 Risk Mitigation, Inc."
CVE-2025-32131,socialintents
CVE-2025-32132,FunnelCockpit
CVE-2025-32133,Ays Pro
CVE-2025-32134,KaizenCoders
CVE-2025-32135,rocketelements
CVE-2025-32136,activecampaign
CVE-2025-32137,Cristián Lávaque
CVE-2025-32138,supsystic
CVE-2025-32139,FooPlugins
CVE-2025-32140,Nirmal Kumar Ram
CVE-2025-32141,Stylemix
CVE-2025-32142,Stylemix
CVE-2025-32143,PickPlugins
CVE-2025-32144,PickPlugins
CVE-2025-32145,magepeopleteam
CVE-2025-32146,JoomSky
CVE-2025-32147,coothemes
CVE-2025-32148,Daisycon
CVE-2025-32149,winkm89
CVE-2025-32150,Rameez Iqbal
CVE-2025-32151,Themekraft
CVE-2025-32152,Essential Plugin
CVE-2025-32153,vinagecko
CVE-2025-32154,Catch Themes
CVE-2025-32155,markkinchin
CVE-2025-32156,Alex Prokopenko / JustCoded
CVE-2025-32157,Jakub Glos
CVE-2025-32158,Syed Balkhi
CVE-2025-32159,RadiusTheme
CVE-2025-32160,Ashan Perera
CVE-2025-32161,Ryo
CVE-2025-32162,Morgan Kay
CVE-2025-32163,Xpro
CVE-2025-32164,maennchen1.de
CVE-2025-32165,fromdoppler
CVE-2025-32166,John Housholder
CVE-2025-32167,devsoftbaltic
CVE-2025-32168,CodeYatri
CVE-2025-32169,Suresh Prasad
CVE-2025-32170,Stylemix
CVE-2025-32171,Imtiaz Rayhan
CVE-2025-32172,Yuri Baranov
CVE-2025-32173,bPlugins
CVE-2025-32174,Tockify
CVE-2025-32175,"Vektor,Inc."
CVE-2025-32176,GalleryCreator
CVE-2025-32177,pgn4web
CVE-2025-32178,6Storage
CVE-2025-32179,icopydoc
CVE-2025-32180,mojofywp
CVE-2025-32181,Fast Simon
CVE-2025-32182,Spider Themes
CVE-2025-32183,Galaxy Weblinks
CVE-2025-32184,bdthemes
CVE-2025-32185,Extend Themes
CVE-2025-32186,Turbo Addons
CVE-2025-32187,Quý Lê 91
CVE-2025-32188,ILLID
CVE-2025-32189,Best WP Developer
CVE-2025-32190,smartwpress
CVE-2025-32191,webangon
CVE-2025-32192,UltraPress
CVE-2025-32193,WPMinds
CVE-2025-32194,LA-Studio
CVE-2025-32195,Ecwid by Lightspeed Ecommerce Shopping Cart
CVE-2025-32196,blazethemes
CVE-2025-32197,piotnetdotcom
CVE-2025-32198,themefusecom
CVE-2025-32199,eyale-vc
CVE-2025-32201,Xpro
CVE-2025-32202,Brian Batt - elearningfreak.com
CVE-2025-32203,manu225
CVE-2025-32204,rocketelements
CVE-2025-32205,piotnetdotcom
CVE-2025-32206,LABCAT
CVE-2025-32207,Anzar Ahmed
CVE-2025-32208,Hive Support
CVE-2025-32209,totalprocessing
CVE-2025-32210,CreativeMindsSolutions
CVE-2025-32211,Broadstreet
CVE-2025-32212,Specia Theme
CVE-2025-32213,flothemesplugins
CVE-2025-32214,Hive Support
CVE-2025-32215,"Ability, Inc"
CVE-2025-32216,Spider Themes
CVE-2025-32217,WP Messiah
CVE-2025-32218,RealMag777
CVE-2025-32219,"Syntactics, Inc."
CVE-2025-32220,Dimitri Grassi
CVE-2025-32221,Spider Themes
CVE-2025-32222,Widgetlogic.org
CVE-2025-32223,Themeum
CVE-2025-32224,Shivam Mani Tripathi
CVE-2025-32225,WP Event Manager
CVE-2025-32226,Anzar Ahmed
CVE-2025-32227,Asgaros
CVE-2025-32228,WP Messiah
CVE-2025-32229,Bowo
CVE-2025-32230,Themeum
CVE-2025-32231,Bookingor
CVE-2025-32232,ERA404
CVE-2025-32233,WP Chill
CVE-2025-32234,aleswebs
CVE-2025-32235,sonaar
CVE-2025-32236,Vagonic
CVE-2025-32237,Stylemix
CVE-2025-32238,vcita
CVE-2025-32239,Joao Romao
CVE-2025-32240,wpvsingh
CVE-2025-32241,CleverReach®
CVE-2025-32242,Hive Support
CVE-2025-32243,Toast Plugins
CVE-2025-32244,QuantumCloud
CVE-2025-32245,Chaser324
CVE-2025-32246,Tim Nguyen
CVE-2025-32247,ABCdatos
CVE-2025-32248,SwiftXR
CVE-2025-32249,Designinvento
CVE-2025-32250,rollbar
CVE-2025-32251,J. Tyler Wiest
CVE-2025-32252,Black and White
CVE-2025-32253,ComMotion
CVE-2025-32254,Iqonic Design
CVE-2025-32255,ERA404
CVE-2025-32256,devsoftbaltic
CVE-2025-32257,1clickmigration
CVE-2025-32258,InfoGiants
CVE-2025-32259,Alimir
CVE-2025-32260,Detheme
CVE-2025-32261,Kuppuraj
CVE-2025-32262,Robert D Payne
CVE-2025-32263,BeRocket
CVE-2025-32264,Saiful Islam
CVE-2025-32265,Hossni Mubarak
CVE-2025-32266,wp-buy
CVE-2025-32267,wpzinc
CVE-2025-32268,www.15.to
CVE-2025-32269,CRM Perks
CVE-2025-32270,Broadstreet
CVE-2025-32271,ablancodev
CVE-2025-32272,PickPlugins
CVE-2025-32273,freetobook
CVE-2025-32274,axew3
CVE-2025-32275,Ays Pro
CVE-2025-32276,Quý Lê 91
CVE-2025-32277,Ateeq Rafeeq
CVE-2025-32278,wprio
CVE-2025-32279,Shahjada
CVE-2025-32280,weDevs
CVE-2025-32281,DarkMySite
CVE-2025-32282,ShareThis
CVE-2025-32283,designthemes
CVE-2025-32284,designthemes
CVE-2025-32285,ApusTheme
CVE-2025-32286,ApusTheme
CVE-2025-32287,LambertGroup
CVE-2025-32288,stmcan
CVE-2025-32289,ApusTheme
CVE-2025-32290,LambertGroup
CVE-2025-32291,FantasticPlugins
CVE-2025-32292,AncoraThemes
CVE-2025-32293,designthemes
CVE-2025-32294,gavias
CVE-2025-32295,wordpresschef
CVE-2025-32296,quantumcloud
CVE-2025-32297,quantumcloud
CVE-2025-32298,Case-Themes
CVE-2025-32299,Themovation
CVE-2025-32300,Digital zoom studio
CVE-2025-32301,LambertGroup
CVE-2025-32302,gavias
CVE-2025-32303,Mojoomla
CVE-2025-32304,Mojoomla
CVE-2025-32305,Sneeit
CVE-2025-32306,LambertGroup
CVE-2025-32307,LambertGroup
CVE-2025-32308,looks_awesome
CVE-2025-32309,ThemeMove
CVE-2025-32310,ThemeMove
CVE-2025-32311,QuanticaLabs
CVE-2025-32312,Google
CVE-2025-32313,Google
CVE-2025-32316,Google
CVE-2025-32317,Google
CVE-2025-32318,Google
CVE-2025-32319,Google
CVE-2025-32320,Google
CVE-2025-32321,Google
CVE-2025-32322,Google
CVE-2025-32323,Google
CVE-2025-32324,Google
CVE-2025-32325,Google
CVE-2025-32326,Google
CVE-2025-32327,Google
CVE-2025-32328,Google
CVE-2025-32329,Google
CVE-2025-32330,Google
CVE-2025-32331,Google
CVE-2025-32332,Google
CVE-2025-32333,Google
CVE-2025-32345,Google
CVE-2025-32346,Google
CVE-2025-32347,Google
CVE-2025-32348,Google
CVE-2025-32349,Google
CVE-2025-32350,Google
CVE-2025-32352,Zend
CVE-2025-32357,Zammad
CVE-2025-32358,Zammad
CVE-2025-32359,Zammad
CVE-2025-32360,Zammad
CVE-2025-32364,freedesktop
CVE-2025-32365,freedesktop
CVE-2025-32366,ConnMan
CVE-2025-32367,Oz Forensics
CVE-2025-32369,Kentico
CVE-2025-32370,Kentico
CVE-2025-32371,dnnsoftware
CVE-2025-32372,dnnsoftware
CVE-2025-32373,dnnsoftware
CVE-2025-32374,dnnsoftware
CVE-2025-32375,bentoml
CVE-2025-32376,discourse
CVE-2025-32377,RasaHQ
CVE-2025-32378,shopware
CVE-2025-32379,koajs
CVE-2025-32380,apollographql
CVE-2025-32381,mlc-ai
CVE-2025-32382,metabase
CVE-2025-32383,1Panel-dev
CVE-2025-32385,espocrm
CVE-2025-32386,helm
CVE-2025-32387,helm
CVE-2025-32388,sveltejs
CVE-2025-32389,NamelessMC
CVE-2025-32390,espocrm
CVE-2025-32391,hedgedoc
CVE-2025-32392,Significant-Gravitas
CVE-2025-32393,Significant-Gravitas
CVE-2025-32394,Significant-Gravitas
CVE-2025-32395,vitejs
CVE-2025-32396,RT-Labs
CVE-2025-32397,RT-Labs
CVE-2025-32398,RT-Labs
CVE-2025-32399,RT-Labs
CVE-2025-32400,RT-Labs
CVE-2025-32401,RT-Labs
CVE-2025-32402,RT-Labs
CVE-2025-32403,RT-Labs
CVE-2025-32404,RT-Labs
CVE-2025-32405,RT-Labs
CVE-2025-32406,NAKIVO
CVE-2025-32408,Soffid
CVE-2025-32409,Ratta
CVE-2025-32412,Fuji Electric
CVE-2025-32413,CIRCL
CVE-2025-32414,xmlsoft
CVE-2025-32415,xmlsoft
CVE-2025-32421,vercel
CVE-2025-32422,Significant-Gravitas
CVE-2025-32423,Significant-Gravitas
CVE-2025-32424,Significant-Gravitas
CVE-2025-32425,Significant-Gravitas
CVE-2025-32426,verbb
CVE-2025-32427,verbb
CVE-2025-32428,jupyterhub
CVE-2025-32429,xwiki
CVE-2025-32430,xwiki
CVE-2025-32431,traefik
CVE-2025-32432,craftcms
CVE-2025-32433,erlang
CVE-2025-32434,pytorch
CVE-2025-32435,NixOS
CVE-2025-32436,Significant-Gravitas
CVE-2025-32437,Significant-Gravitas
CVE-2025-32438,NixOS
CVE-2025-32439,roderickvd
CVE-2025-32440,jokob-sk
CVE-2025-32441,rack
CVE-2025-32442,fastify
CVE-2025-32444,vllm-project
CVE-2025-32445,argoproj
CVE-2025-32451,Foxit
CVE-2025-32454,Siemens
CVE-2025-32455,ON Semiconductor
CVE-2025-32456,ON Semiconductor
CVE-2025-32457,ON Semiconductor
CVE-2025-32458,ON Semiconductor
CVE-2025-32459,ON Semiconductor
CVE-2025-32460,GraphicsMagick
CVE-2025-32461,Tiki
CVE-2025-32462,Sudo project
CVE-2025-32463,Sudo project
CVE-2025-32464,HAProxy
CVE-2025-32465,rsjoomla.com
CVE-2025-32466,rsjoomla.com
CVE-2025-32468,SAIL Image Decoding Library
CVE-2025-32469,Siemens
CVE-2025-32470,SICK AG
CVE-2025-32471,SICK AG
CVE-2025-32472,SICK AG
CVE-2025-32475,Siemens
CVE-2025-32476,blueinstyle
CVE-2025-32477,Jordi Salord
CVE-2025-32478,Mario Aguiar
CVE-2025-32479,ab-tools
CVE-2025-32480,dalziel
CVE-2025-32481,ninotheme
CVE-2025-32482,quanganhdo
CVE-2025-32483,Scott Salisbury
CVE-2025-32484,Mathieu Chartier
CVE-2025-32485,Bjoern
CVE-2025-32486,Hossein
CVE-2025-32487,Joe
CVE-2025-32488,آریا وردپرس
CVE-2025-32489,Tim
CVE-2025-32490,WebsiteDefender
CVE-2025-32491,Rankology
CVE-2025-32492,Eliot Akira
CVE-2025-32493,VibeThemes
CVE-2025-32494,bozdoz
CVE-2025-32495,Joe
CVE-2025-32496,Uncodethemes
CVE-2025-32497,squiter
CVE-2025-32498,oleglark
CVE-2025-32499,wpWax
CVE-2025-32500,Sudavar
CVE-2025-32501,dimafreund
CVE-2025-32502,lemmentwickler
CVE-2025-32503,Jose Conti
CVE-2025-32504,silvasoft
CVE-2025-32505,SCAND
CVE-2025-32506,BenDlz
CVE-2025-32507,Aakif Kadiwala
CVE-2025-32508,ComMotion
CVE-2025-32509,WPMinds
CVE-2025-32510,ovatheme
CVE-2025-32511,Excellent Dynamics
CVE-2025-32512,revampcrm
CVE-2025-32513,totalprocessing
CVE-2025-32514,cscode
CVE-2025-32515,terminalafrica
CVE-2025-32516,ilGhera
CVE-2025-32517,SCAND
CVE-2025-32518,hossainawlad
CVE-2025-32519,Foysal Imran
CVE-2025-32520,M. Ali Saleem
CVE-2025-32521,CoolHappy
CVE-2025-32522,Saad Iqbal
CVE-2025-32523,payphone
CVE-2025-32524,MyWorks
CVE-2025-32525,MapGeo
CVE-2025-32526,Dylan James
CVE-2025-32527,pey22
CVE-2025-32528,maximevalette
CVE-2025-32529,iONE360
CVE-2025-32530,WP Swings
CVE-2025-32531,tychesoftwares
CVE-2025-32532,Pei Yong Goh
CVE-2025-32533,Matat Technologies
CVE-2025-32534,Workbox
CVE-2025-32535,digireturn
CVE-2025-32536,Sandeep Verma
CVE-2025-32537,Rachel Cherry
CVE-2025-32538,dev02ali
CVE-2025-32539,Josh Kohlbach
CVE-2025-32540,feedify
CVE-2025-32541,infosoftplugin
CVE-2025-32542,EazyPlugins
CVE-2025-32543,hivedigital
CVE-2025-32544,The Right Software
CVE-2025-32545,SOFTAGON
CVE-2025-32546,gtlwpdev
CVE-2025-32547,gtlwpdev
CVE-2025-32548,borisolhor
CVE-2025-32549,mojoomla
CVE-2025-32550,ClickandPledge
CVE-2025-32551,Jaap Jansma
CVE-2025-32552,WPFactory
CVE-2025-32553,Magnigenie
CVE-2025-32554,Raptive
CVE-2025-32555,Edamam
CVE-2025-32556,Sandor Kovacs
CVE-2025-32557,Rico Macchi
CVE-2025-32558,ketanajani
CVE-2025-32559,REVE Chat
CVE-2025-32560,Mohammad I. Okfie
CVE-2025-32561,plugins.club
CVE-2025-32562,aviplugins.com
CVE-2025-32563,dangrossman
CVE-2025-32564,tomroyal
CVE-2025-32565,vertim
CVE-2025-32566,Ashraful Sarkar Naiem
CVE-2025-32567,dev02ali
CVE-2025-32568,empik
CVE-2025-32569,RealMag777
CVE-2025-32570,ChillPay
CVE-2025-32571,TuriTop
CVE-2025-32572,Climax Themes
CVE-2025-32573,Kiotviet
CVE-2025-32574,mojoomla
CVE-2025-32575,axew3
CVE-2025-32576,Agence web Eoxia - Montpellier
CVE-2025-32577,hakeemnala
CVE-2025-32578,Mapro Collins
CVE-2025-32579,SoftClever Limited
CVE-2025-32580,debounce
CVE-2025-32581,Ankit Singla
CVE-2025-32582,EXEIdeas International
CVE-2025-32583,termel
CVE-2025-32584,Chat2
CVE-2025-32585,Trusty Plugins
CVE-2025-32586,ABA Bank
CVE-2025-32587,pickupp
CVE-2025-32588,Credova Financial
CVE-2025-32589,odude
CVE-2025-32590,tzin111
CVE-2025-32591,Kevon Adonis
CVE-2025-32592,RealMag777
CVE-2025-32593,Bytes Technolab
CVE-2025-32594,WPMinds
CVE-2025-32595,gavias
CVE-2025-32596,Rameez Iqbal
CVE-2025-32597,George Sexton
CVE-2025-32598,WP Table Builder
CVE-2025-32599,miunosoft
CVE-2025-32600,Tournamatch
CVE-2025-32601,twispay
CVE-2025-32602,wpcraft
CVE-2025-32603,HK
CVE-2025-32604,Sajjad Aslani
CVE-2025-32605,expresstechsoftware
CVE-2025-32606,Deepak Khokhar
CVE-2025-32607,magepeopleteam
CVE-2025-32608,Movylo
CVE-2025-32609,Picture-Planet GmbH
CVE-2025-32610,FolioVision
CVE-2025-32611,We Are De
CVE-2025-32612,rafasashi
CVE-2025-32613,Bowo
CVE-2025-32614,Ashan Perera
CVE-2025-32615,Clinked
CVE-2025-32616,nimbata
CVE-2025-32617,Ydesignservices
CVE-2025-32618,PickPlugins
CVE-2025-32619,KeyCAPTCHA
CVE-2025-32620,fromdoppler
CVE-2025-32621,Vsourz Digital
CVE-2025-32622,OTP-less
CVE-2025-32623,plainware
CVE-2025-32624,czater
CVE-2025-32625,pootlepress
CVE-2025-32626,JoomSky
CVE-2025-32627,JoomSky
CVE-2025-32628,WP Wham
CVE-2025-32629,CMSJunkie - WordPress Business Directory Plugins
CVE-2025-32630,CMSJunkie - WordPress Business Directory Plugins
CVE-2025-32631,oxygensuite
CVE-2025-32632,KaizenCoders
CVE-2025-32633,neoslab
CVE-2025-32634,mdedev
CVE-2025-32635,Hive Support
CVE-2025-32636,matthewrubin
CVE-2025-32637,ketanajani
CVE-2025-32638,weptile
CVE-2025-32639,wecantrack
CVE-2025-32640,Elementor
CVE-2025-32641,anantaddons
CVE-2025-32642,appsbd
CVE-2025-32643,mojoomla
CVE-2025-32644,IP2Location
CVE-2025-32645,Hiren Patel
CVE-2025-32646,PickPlugins
CVE-2025-32647,PickPlugins
CVE-2025-32648,Projectopia
CVE-2025-32649,gb-plugins
CVE-2025-32650,"Ability, Inc"
CVE-2025-32651,serpednet
CVE-2025-32652,solacewp
CVE-2025-32653,Lee Blue
CVE-2025-32654,Stylemix
CVE-2025-32655,DevriX
CVE-2025-32656,RadiusTheme
CVE-2025-32657,RadiusTheme
CVE-2025-32658,wpWax
CVE-2025-32659,fraudlabspro
CVE-2025-32660,JoomSky
CVE-2025-32661,WP Map Plugins
CVE-2025-32662,Stylemix
CVE-2025-32663,roninwp
CVE-2025-32664,ashokbasnet
CVE-2025-32665,WebbyTemplate
CVE-2025-32666,Hive Support
CVE-2025-32667,fromdoppler
CVE-2025-32668,Rameez Iqbal
CVE-2025-32669,MERGADO
CVE-2025-32670,Mark Parnell
CVE-2025-32671,John Weissberg
CVE-2025-32672,g5theme
CVE-2025-32673,epeken
CVE-2025-32674,WPFactory
CVE-2025-32675,QuantumCloud
CVE-2025-32676,Picture-Planet GmbH
CVE-2025-32677,solwininfotech
CVE-2025-32678,Ashish Ajani
CVE-2025-32679,ZealousWeb
CVE-2025-32680,"Grade Us, Inc."
CVE-2025-32681,WP Guru
CVE-2025-32682,RomanCode
CVE-2025-32683,RomanCode
CVE-2025-32684,RomanCode
CVE-2025-32685,Aristo Rinjuang
CVE-2025-32686,WPSpeedo
CVE-2025-32687,Magnigenie
CVE-2025-32688,Nebojsa
CVE-2025-32689,Convers Lab
CVE-2025-32690,blubrry
CVE-2025-32691,blubrry
CVE-2025-32692,WP Shuffle
CVE-2025-32693,WPWebinarSystem
CVE-2025-32694,Rustaurius
CVE-2025-32695,Mestres do WP
CVE-2025-32696,Wikimedia Foundation
CVE-2025-32697,Wikimedia Foundation
CVE-2025-32698,Wikimedia Foundation
CVE-2025-32699,Wikimedia Foundation
CVE-2025-32700,Wikimedia Foundation
CVE-2025-32701,Microsoft
CVE-2025-32702,Microsoft
CVE-2025-32703,Microsoft
CVE-2025-32704,Microsoft
CVE-2025-32705,Microsoft
CVE-2025-32706,Microsoft
CVE-2025-32707,Microsoft
CVE-2025-32709,Microsoft
CVE-2025-32710,Microsoft
CVE-2025-32711,Microsoft
CVE-2025-32712,Microsoft
CVE-2025-32713,Microsoft
CVE-2025-32714,Microsoft
CVE-2025-32715,Microsoft
CVE-2025-32716,Microsoft
CVE-2025-32717,Microsoft
CVE-2025-32718,Microsoft
CVE-2025-32719,Microsoft
CVE-2025-32720,Microsoft
CVE-2025-32721,Microsoft
CVE-2025-32722,Microsoft
CVE-2025-32724,Microsoft
CVE-2025-32725,Microsoft
CVE-2025-32726,Microsoft
CVE-2025-32728,OpenBSD
CVE-2025-32730,"i-PRO Co., Ltd."
CVE-2025-32731,MedDream
CVE-2025-32736,Ping Identity
CVE-2025-32738,"I-O DATA DEVICE, INC."
CVE-2025-32743,ConnMan
CVE-2025-32744,Dell
CVE-2025-32745,Dell
CVE-2025-32746,Dell
CVE-2025-32747,Dell
CVE-2025-32748,Dell
CVE-2025-32749,Dell
CVE-2025-32750,Dell
CVE-2025-32751,Dell
CVE-2025-32752,Dell
CVE-2025-32753,Dell
CVE-2025-32754,Jenkins Project
CVE-2025-32755,Jenkins Project
CVE-2025-32756,Fortinet
CVE-2025-32766,Fortinet
CVE-2025-32776,openrazer
CVE-2025-32777,volcano-sh
CVE-2025-32778,Lissy93
CVE-2025-32779,labsai
CVE-2025-32780,bleachbit
CVE-2025-32781,apolloconfig
CVE-2025-32782,team-alembic
CVE-2025-32783,xwiki
CVE-2025-32784,conda-forge
CVE-2025-32785,pi-hole
CVE-2025-32786,glpi-project
CVE-2025-32787,SoftEtherVPN
CVE-2025-32788,OctoPrint
CVE-2025-32789,espocrm
CVE-2025-32790,langgenius
CVE-2025-32791,backstage
CVE-2025-32792,endojs
CVE-2025-32793,cilium
CVE-2025-32794,openemr
CVE-2025-32795,langgenius
CVE-2025-32796,langgenius
CVE-2025-32797,conda
CVE-2025-32798,conda
CVE-2025-32799,conda
CVE-2025-32800,conda
CVE-2025-32801,ISC
CVE-2025-32802,ISC
CVE-2025-32803,ISC
CVE-2025-32807,FusionDirectory
CVE-2025-32808,W. W. Norton
CVE-2025-32809,W. W. Norton
CVE-2025-32816,CodeLit
CVE-2025-32817,SonicWall
CVE-2025-32818,SonicWall
CVE-2025-32819,SonicWall
CVE-2025-32820,SonicWall
CVE-2025-32821,SonicWall
CVE-2025-32822,Siemens
CVE-2025-32823,Siemens
CVE-2025-32824,Siemens
CVE-2025-32825,Siemens
CVE-2025-32826,Siemens
CVE-2025-32827,Siemens
CVE-2025-32828,Siemens
CVE-2025-32829,Siemens
CVE-2025-32830,Siemens
CVE-2025-32831,Siemens
CVE-2025-32832,Siemens
CVE-2025-32833,Siemens
CVE-2025-32834,Siemens
CVE-2025-32835,Siemens
CVE-2025-32836,Siemens
CVE-2025-32837,Siemens
CVE-2025-32838,Siemens
CVE-2025-32839,Siemens
CVE-2025-32840,Siemens
CVE-2025-32841,Siemens
CVE-2025-32842,Siemens
CVE-2025-32843,Siemens
CVE-2025-32844,Siemens
CVE-2025-32845,Siemens
CVE-2025-32846,Siemens
CVE-2025-32847,Siemens
CVE-2025-32848,Siemens
CVE-2025-32849,Siemens
CVE-2025-32850,Siemens
CVE-2025-32851,Siemens
CVE-2025-32852,Siemens
CVE-2025-32853,Siemens
CVE-2025-32854,Siemens
CVE-2025-32855,Siemens
CVE-2025-32856,Siemens
CVE-2025-32857,Siemens
CVE-2025-32858,Siemens
CVE-2025-32859,Siemens
CVE-2025-32860,Siemens
CVE-2025-32861,Siemens
CVE-2025-32862,Siemens
CVE-2025-32863,Siemens
CVE-2025-32864,Siemens
CVE-2025-32865,Siemens
CVE-2025-32866,Siemens
CVE-2025-32867,Siemens
CVE-2025-32868,Siemens
CVE-2025-32869,Siemens
CVE-2025-32870,Siemens
CVE-2025-32871,Siemens
CVE-2025-32872,Siemens
CVE-2025-32873,djangoproject
CVE-2025-32896,Apache Software Foundation
CVE-2025-32897,Apache Software Foundation
CVE-2025-32898,KDE
CVE-2025-32899,KDE
CVE-2025-32900,KDE
CVE-2025-32901,KDE
CVE-2025-32906,Red Hat
CVE-2025-32907,Red Hat
CVE-2025-32908,Red Hat
CVE-2025-32909,Red Hat
CVE-2025-32910,Red Hat
CVE-2025-32911,Red Hat
CVE-2025-32912,Red Hat
CVE-2025-32913,Red Hat
CVE-2025-32914,Red Hat
CVE-2025-32915,Checkmk GmbH
CVE-2025-32916,Checkmk GmbH
CVE-2025-32917,Checkmk GmbH
CVE-2025-32918,Checkmk GmbH
CVE-2025-32919,Checkmk GmbH
CVE-2025-32920,templateinvaders
CVE-2025-32921,wpoperations
CVE-2025-32922,Saleswonder Team: Tobias
CVE-2025-32923,GoodLayers
CVE-2025-32924,roninwp
CVE-2025-32925,FantasticPlugins
CVE-2025-32926,ThemeGoods
CVE-2025-32927,Chimpstudio
CVE-2025-32928,ThemeGoods
CVE-2025-32929,"Dmitry V. (CEO of ""UKR Solution"")"
CVE-2025-32931,DevDojo
CVE-2025-32932,Fortinet
CVE-2025-32942,SSH
CVE-2025-32950,jmix-framework
CVE-2025-32951,jmix-framework
CVE-2025-32952,jmix-framework
CVE-2025-32953,udo-munk
CVE-2025-32955,step-security
CVE-2025-32956,miraheze
CVE-2025-32957,baserproject
CVE-2025-32958,AdeptLanguage
CVE-2025-32959,cuba-platform
CVE-2025-32960,cuba-platform
CVE-2025-32961,cuba-platform
CVE-2025-32962,dpgaspar
CVE-2025-32963,minio
CVE-2025-32964,miraheze
CVE-2025-32965,XRPLF
CVE-2025-32966,dataease
CVE-2025-32967,openemr
CVE-2025-32968,xwiki
CVE-2025-32969,xwiki
CVE-2025-32970,xwiki
CVE-2025-32971,xwiki
CVE-2025-32972,xwiki
CVE-2025-32973,xwiki
CVE-2025-32974,xwiki
CVE-2025-32987,Arctera
CVE-2025-32988,Red Hat
CVE-2025-32989,Red Hat
CVE-2025-32990,Red Hat
CVE-2025-32993,Vision Helpdesk
CVE-2025-32996,chimurai
CVE-2025-32997,chimurai
CVE-2025-32999,appleple inc.
CVE-2025-33003,IBM
CVE-2025-33004,IBM
CVE-2025-33005,IBM
CVE-2025-33008,IBM
CVE-2025-33012,IBM
CVE-2025-33013,IBM
CVE-2025-33014,IBM
CVE-2025-33015,IBM
CVE-2025-33020,IBM
CVE-2025-33023,Siemens
CVE-2025-33024,Siemens
CVE-2025-33025,Siemens
CVE-2025-33026,PeaZip
CVE-2025-33027,Bandisoft
CVE-2025-33028,WinZip
CVE-2025-33031,QNAP Systems Inc.
CVE-2025-33032,QNAP Systems Inc.
CVE-2025-33033,QNAP Systems Inc.
CVE-2025-33034,QNAP Systems Inc.
CVE-2025-33035,QNAP Systems Inc.
CVE-2025-33036,QNAP Systems Inc.
CVE-2025-33037,QNAP Systems Inc.
CVE-2025-33038,QNAP Systems Inc.
CVE-2025-33039,QNAP Systems Inc.
CVE-2025-33040,QNAP Systems Inc.
CVE-2025-33042,Apache Software Foundation
CVE-2025-33043,AMI
CVE-2025-33044,AMI
CVE-2025-33045,AMI
CVE-2025-33050,Microsoft
CVE-2025-33051,Microsoft
CVE-2025-33052,Microsoft
CVE-2025-33053,Microsoft
CVE-2025-33054,Microsoft
CVE-2025-33055,Microsoft
CVE-2025-33056,Microsoft
CVE-2025-33057,Microsoft
CVE-2025-33058,Microsoft
CVE-2025-33059,Microsoft
CVE-2025-33060,Microsoft
CVE-2025-33061,Microsoft
CVE-2025-33062,Microsoft
CVE-2025-33063,Microsoft
CVE-2025-33064,Microsoft
CVE-2025-33065,Microsoft
CVE-2025-33066,Microsoft
CVE-2025-33067,Microsoft
CVE-2025-33068,Microsoft
CVE-2025-33069,Microsoft
CVE-2025-33070,Microsoft
CVE-2025-33071,Microsoft
CVE-2025-33072,Microsoft
CVE-2025-33073,Microsoft
CVE-2025-33074,Microsoft
CVE-2025-33075,Microsoft
CVE-2025-33076,IBM
CVE-2025-33077,IBM
CVE-2025-33079,IBM
CVE-2025-33081,IBM
CVE-2025-33082,IBM
CVE-2025-33083,IBM
CVE-2025-33084,IBM
CVE-2025-33088,IBM
CVE-2025-33089,IBM
CVE-2025-33090,IBM
CVE-2025-33092,IBM
CVE-2025-33093,IBM
CVE-2025-33096,IBM
CVE-2025-33097,IBM
CVE-2025-33099,IBM
CVE-2025-33100,IBM
CVE-2025-33101,IBM
CVE-2025-33102,IBM
CVE-2025-33103,IBM
CVE-2025-33104,IBM
CVE-2025-33108,IBM
CVE-2025-33109,IBM
CVE-2025-33110,IBM
CVE-2025-33111,IBM
CVE-2025-33112,IBM
CVE-2025-33114,IBM
CVE-2025-33116,IBM
CVE-2025-33117,IBM
CVE-2025-33118,IBM
CVE-2025-33119,IBM
CVE-2025-33120,IBM
CVE-2025-33121,IBM
CVE-2025-33122,IBM
CVE-2025-33124,IBM
CVE-2025-33126,IBM
CVE-2025-33128,IBM
CVE-2025-33130,IBM
CVE-2025-33131,IBM
CVE-2025-33132,IBM
CVE-2025-33133,IBM
CVE-2025-33135,IBM
CVE-2025-33136,IBM
CVE-2025-33137,IBM
CVE-2025-33138,IBM
CVE-2025-33142,IBM
CVE-2025-33150,IBM
CVE-2025-33176,NVIDIA
CVE-2025-33177,NVIDIA
CVE-2025-33178,NVIDIA
CVE-2025-33179,NVIDIA
CVE-2025-33180,NVIDIA
CVE-2025-33181,NVIDIA
CVE-2025-33182,NVIDIA
CVE-2025-33183,NVIDIA
CVE-2025-33184,NVIDIA
CVE-2025-33185,NVIDIA
CVE-2025-33186,NVIDIA
CVE-2025-33187,NVIDIA
CVE-2025-33188,NVIDIA
CVE-2025-33189,NVIDIA
CVE-2025-33190,NVIDIA
CVE-2025-33191,NVIDIA
CVE-2025-33192,NVIDIA
CVE-2025-33193,NVIDIA
CVE-2025-33194,NVIDIA
CVE-2025-33195,NVIDIA
CVE-2025-33196,NVIDIA
CVE-2025-33197,NVIDIA
CVE-2025-33198,NVIDIA
CVE-2025-33199,NVIDIA
CVE-2025-33200,NVIDIA
CVE-2025-33201,NVIDIA
CVE-2025-33202,NVIDIA
CVE-2025-33203,NVIDIA
CVE-2025-33204,NVIDIA
CVE-2025-33205,NVIDIA
CVE-2025-33206,NVIDIA
CVE-2025-33208,NVIDIA
CVE-2025-33210,NVIDIA
CVE-2025-33211,NVIDIA
CVE-2025-33212,NVIDIA
CVE-2025-33213,NVIDIA
CVE-2025-33214,NVIDIA
CVE-2025-33215,NVIDIA
CVE-2025-33216,NVIDIA
CVE-2025-33217,NVIDIA
CVE-2025-33218,NVIDIA
CVE-2025-33219,NVIDIA
CVE-2025-33220,NVIDIA
CVE-2025-33221,NVIDIA
CVE-2025-33222,NVIDIA
CVE-2025-33223,NVIDIA
CVE-2025-33224,NVIDIA
CVE-2025-33225,NVIDIA
CVE-2025-33226,NVIDIA
CVE-2025-33228,NVIDIA
CVE-2025-33229,NVIDIA
CVE-2025-33230,NVIDIA
CVE-2025-33231,NVIDIA
CVE-2025-33233,NVIDIA
CVE-2025-33234,NVIDIA
CVE-2025-33235,NVIDIA
CVE-2025-33236,NVIDIA
CVE-2025-33237,NVIDIA
CVE-2025-33238,NVIDIA
CVE-2025-33239,NVIDIA
CVE-2025-33240,NVIDIA
CVE-2025-33241,NVIDIA
CVE-2025-33242,NVIDIA
CVE-2025-33243,NVIDIA
CVE-2025-33244,NVIDIA
CVE-2025-33245,NVIDIA
CVE-2025-33246,NVIDIA
CVE-2025-33247,NVIDIA
CVE-2025-33248,NVIDIA
CVE-2025-33249,NVIDIA
CVE-2025-33250,NVIDIA
CVE-2025-33251,NVIDIA
CVE-2025-33252,NVIDIA
CVE-2025-33253,NVIDIA
CVE-2025-33254,NVIDIA
CVE-2025-33255,NVIDIA
CVE-2025-34021,Selea
CVE-2025-34022,Selea
CVE-2025-34023,Karel
CVE-2025-34024,Edimax
CVE-2025-34025,Versa
CVE-2025-34026,Versa
CVE-2025-34027,Versa
CVE-2025-34028,Commvault
CVE-2025-34029,Edimax
CVE-2025-34030,sar2html
CVE-2025-34031,Moodle
CVE-2025-34032,Moodle
CVE-2025-34033,5VTechnologies
CVE-2025-34034,5VTechnologies
CVE-2025-34035,EnGenius
CVE-2025-34036,Shenzhen TVT
CVE-2025-34037,Linksys
CVE-2025-34038,Weaver
CVE-2025-34039,"Yonyou Co., Ltd."
CVE-2025-34040,"Seeyon (Beijing Zhiyuan Internet Software Co., Ltd.)"
CVE-2025-34041,"Sangfor Technologies Co., Ltd."
CVE-2025-34042,Beward
CVE-2025-34043,Vacron
CVE-2025-34044,Shenzhen Lingkong Technology
CVE-2025-34045,"Shenzhen Yuanmengyun Technology Co., Ltd."
CVE-2025-34046,Shanghai Fanwei Network Technology
CVE-2025-34047,"Beijing NetGuard Nebula Information Technology Co., Ltd."
CVE-2025-34048,D-Link
CVE-2025-34049,OptiLink
CVE-2025-34050,AVTECH
CVE-2025-34051,AVTECH
CVE-2025-34053,AVTECH
CVE-2025-34054,AVTECH
CVE-2025-34055,AVTECH
CVE-2025-34056,AVTECH
CVE-2025-34057,Ruijie
CVE-2025-34058,Hangzhou Hikvision System Technology
CVE-2025-34059,"Zhejiang Dahua Technology Co., Ltd."
CVE-2025-34060,Monero Project
CVE-2025-34061,"Henan Xiaopi Security Technology Co., Ltd."
CVE-2025-34062,One Identity
CVE-2025-34063,One Identity
CVE-2025-34064,One Identity
CVE-2025-34065,AVTECH
CVE-2025-34066,AVTECH
CVE-2025-34067,Hikvision
CVE-2025-34068,Samsung Electronics
CVE-2025-34069,GFI Software
CVE-2025-34070,GFI Software
CVE-2025-34071,GFI Software
CVE-2025-34072,Anthropic
CVE-2025-34073,Stamparm
CVE-2025-34074,Lucee Association Switzerland
CVE-2025-34076,Microweber Ltd.
CVE-2025-34077,Genetech Solutions
CVE-2025-34078,NSClient++
CVE-2025-34079,NSClient++
CVE-2025-34080,"Contec Co.,Ltd."
CVE-2025-34081,"Contec Co.,Ltd."
CVE-2025-34082,IGEL Technology GmbH
CVE-2025-34086,Bolt
CVE-2025-34087,Pi-hole LLC
CVE-2025-34088,Artica ST
CVE-2025-34089,Aexol Studio
CVE-2025-34093,Polycom
CVE-2025-34095,Real Time Logic
CVE-2025-34096,EFS Software Inc.
CVE-2025-34097,ProcessMaker Inc.
CVE-2025-34098,Riverbed Technology
CVE-2025-34099,VICIdial Group
CVE-2025-34100,BuilderEngine
CVE-2025-34101,Serviio
CVE-2025-34102,Crypttech
CVE-2025-34103,WePresent (Barco)
CVE-2025-34104,Piwik (now Matomo)
CVE-2025-34105,Flexense
CVE-2025-34106,Burnaware
CVE-2025-34107,LabF
CVE-2025-34108,Falconstor Software
CVE-2025-34109,Panda Security
CVE-2025-34110,ColoradoFTP
CVE-2025-34111,Tiki Software Community Association
CVE-2025-34112,Riverbed Technology
CVE-2025-34113,Tiki Software Community Association
CVE-2025-34114,Laser Romae s.r.l.
CVE-2025-34115,ITRS Group
CVE-2025-34116,IPFire Project
CVE-2025-34117,Netcore Technology
CVE-2025-34117,Netis
CVE-2025-34118,Linknat Technology
CVE-2025-34119,Tinasoft
CVE-2025-34120,LimeSurvey GmbH
CVE-2025-34121,Idera
CVE-2025-34123,VideoCharge Software
CVE-2025-34124,The 3DO Company
CVE-2025-34125,D-Link
CVE-2025-34126,RIPS Technologies
CVE-2025-34127,Achat Software
CVE-2025-34128,X360Soft
CVE-2025-34129,Merit LILIN
CVE-2025-34130,Merit LILIN
CVE-2025-34132,Merit LILIN
CVE-2025-34133,Cloud Solutions SAS
CVE-2025-34134,Nagios
CVE-2025-34135,Nagios
CVE-2025-34136,Commvault
CVE-2025-34139,Sitecore
CVE-2025-34140,ETQ
CVE-2025-34141,ETQ
CVE-2025-34142,ETQ
CVE-2025-34143,ETQ
CVE-2025-34146,nyariv
CVE-2025-34147,Shenzhen Aitemi E Commerce Co. Ltd.
CVE-2025-34148,Shenzhen Aitemi E Commerce Co. Ltd.
CVE-2025-34149,Shenzhen Aitemi E Commerce Co. Ltd.
CVE-2025-34150,Shenzhen Aitemi E Commerce Co. Ltd.
CVE-2025-34151,Shenzhen Aitemi E Commerce Co. Ltd.
CVE-2025-34152,Shenzhen Aitemi E Commerce Co. Ltd.
CVE-2025-34153,Hyland Software
CVE-2025-34154,Synergetic Data Systems Inc.
CVE-2025-34155,Tibbo Systems
CVE-2025-34156,Tibbo Systems
CVE-2025-34157,coolLabs Technologies
CVE-2025-34158,Plex
CVE-2025-34159,coolLabs Technologies
CVE-2025-34160,"Shanghai Aishu Information Technology Co., Ltd."
CVE-2025-34161,coolLabs Technologies
CVE-2025-34162,"Feijiu Medical Technology Co., Ltd."
CVE-2025-34163,"Qingdao Dongsheng Weiye Software Co., Ltd."
CVE-2025-34164,NetSupport Ltd.
CVE-2025-34165,NetSupport Ltd.
CVE-2025-34171,IceWhale Tech
CVE-2025-34172,Netgate
CVE-2025-34173,Netgate
CVE-2025-34174,Netgate
CVE-2025-34175,Netgate
CVE-2025-34176,Netgate
CVE-2025-34177,Netgate
CVE-2025-34178,Netgate
CVE-2025-34179,NetSupport Software
CVE-2025-34180,NetSupport Software
CVE-2025-34181,NetSupport Software
CVE-2025-34182,Deciso
CVE-2025-34183,Ilevia Srl.
CVE-2025-34184,Ilevia Srl.
CVE-2025-34185,Ilevia Srl.
CVE-2025-34186,Ilevia Srl.
CVE-2025-34187,Ilevia Srl.
CVE-2025-34188,Vasion
CVE-2025-34189,Vasion
CVE-2025-34190,Vasion
CVE-2025-34191,Vasion
CVE-2025-34192,Vasion
CVE-2025-34193,Vasion
CVE-2025-34194,Vasion
CVE-2025-34195,Vasion
CVE-2025-34196,Vasion
CVE-2025-34197,Vasion
CVE-2025-34198,Vasion
CVE-2025-34199,Vasion
CVE-2025-34200,Vasion
CVE-2025-34201,Vasion
CVE-2025-34202,Vasion
CVE-2025-34203,Vasion
CVE-2025-34204,Vasion
CVE-2025-34205,Vasion
CVE-2025-34206,Vasion
CVE-2025-34207,Vasion
CVE-2025-34208,Vasion
CVE-2025-34209,Vasion
CVE-2025-34210,Vasion
CVE-2025-34211,Vasion
CVE-2025-34212,Vasion
CVE-2025-34215,Vasion
CVE-2025-34216,Vasion
CVE-2025-34217,Vasion
CVE-2025-34218,Vasion
CVE-2025-34220,Vasion
CVE-2025-34221,Vasion
CVE-2025-34222,Vasion
CVE-2025-34223,Vasion
CVE-2025-34224,Vasion
CVE-2025-34225,Vasion
CVE-2025-34226,Autonomy Logic
CVE-2025-34227,Nagios
CVE-2025-34228,Vasion
CVE-2025-34229,Vasion
CVE-2025-34230,Vasion
CVE-2025-34231,Vasion
CVE-2025-34232,Vasion
CVE-2025-34233,Vasion
CVE-2025-34234,Vasion
CVE-2025-34235,Vasion
CVE-2025-34236,Advantech
CVE-2025-34237,Advantech
CVE-2025-34238,Advantech
CVE-2025-34239,Advantech
CVE-2025-34240,Advantech
CVE-2025-34241,Advantech
CVE-2025-34242,Advantech
CVE-2025-34243,Advantech
CVE-2025-34244,Advantech
CVE-2025-34245,Advantech
CVE-2025-34246,Advantech
CVE-2025-34247,Advantech
CVE-2025-34248,D-Link
CVE-2025-34251,Tesla
CVE-2025-34253,D-Link
CVE-2025-34254,D-Link
CVE-2025-34255,D-Link
CVE-2025-34256,"Advantech Co., Ltd."
CVE-2025-34257,"Advantech Co., Ltd."
CVE-2025-34258,"Advantech Co., Ltd."
CVE-2025-34259,"Advantech Co., Ltd."
CVE-2025-34260,"Advantech Co., Ltd."
CVE-2025-34261,"Advantech Co., Ltd."
CVE-2025-34262,"Advantech Co., Ltd."
CVE-2025-34263,"Advantech Co., Ltd."
CVE-2025-34264,"Advantech Co., Ltd."
CVE-2025-34265,"Advantech Co., Ltd."
CVE-2025-34266,"Advantech Co., Ltd."
CVE-2025-34267,FlowiseAI
CVE-2025-34270,Nagios
CVE-2025-34271,Nagios
CVE-2025-34272,Nagios
CVE-2025-34273,Nagios
CVE-2025-34274,Nagios
CVE-2025-34277,Nagios
CVE-2025-34278,Nagios
CVE-2025-34280,Nagios
CVE-2025-34281,thingsboard
CVE-2025-34282,"ThingsBoard, Inc."
CVE-2025-34283,Nagios
CVE-2025-34284,Nagios
CVE-2025-34286,Nagios
CVE-2025-34287,Nagios
CVE-2025-34288,Nagios Enterprises
CVE-2025-34290,Versa Networks
CVE-2025-34291,Langflow
CVE-2025-34292,BeWelcome
CVE-2025-34293,Naviga Global / Miles 33
CVE-2025-34297,mborgerding/kissfft
CVE-2025-34298,Nagios
CVE-2025-34299,Monsta Limited of New Zealand
CVE-2025-34300,Sawtooth Software
CVE-2025-34301,IPFire.org
CVE-2025-34302,IPFire.org
CVE-2025-34303,IPFire.org
CVE-2025-34304,IPFire.org
CVE-2025-34305,IPFire.org
CVE-2025-34306,IPFire.org
CVE-2025-34307,IPFire.org
CVE-2025-34308,IPFire.org
CVE-2025-34309,IPFire.org
CVE-2025-34310,IPFire.org
CVE-2025-34311,IPFire.org
CVE-2025-34312,IPFire.org
CVE-2025-34313,IPFire.org
CVE-2025-34314,IPFire.org
CVE-2025-34315,IPFire.org
CVE-2025-34316,IPFire.org
CVE-2025-34317,IPFire.org
CVE-2025-34318,IPFire.org
CVE-2025-34319,TOTOLINK
CVE-2025-34320,BASIS International Ltd.
CVE-2025-34322,Nagios
CVE-2025-34323,Nagios
CVE-2025-34324,Tinexta InfoCert S.p.A.
CVE-2025-34328,AudioCodes Limited
CVE-2025-34329,AudioCodes Limited
CVE-2025-34330,AudioCodes Limited
CVE-2025-34331,AudioCodes Limited
CVE-2025-34332,AudioCodes Limited
CVE-2025-34333,AudioCodes Limited
CVE-2025-34334,AudioCodes Limited
CVE-2025-34335,AudioCodes Limited
CVE-2025-34336,eGovFramework/egovframe-common-components
CVE-2025-34337,eGovFramework/egovframe-common-components
CVE-2025-34350,"Synergetic Data Systems, Inc."
CVE-2025-34352,JumpCloud Inc.
CVE-2025-34392,Barracuda Networks
CVE-2025-34393,Barracuda Networks
CVE-2025-34394,Barracuda Networks
CVE-2025-34395,Barracuda Networks
CVE-2025-34396,MailEnable
CVE-2025-34397,MailEnable
CVE-2025-34398,MailEnable
CVE-2025-34399,MailEnable
CVE-2025-34400,MailEnable
CVE-2025-34401,MailEnable
CVE-2025-34402,MailEnable
CVE-2025-34403,MailEnable
CVE-2025-34404,MailEnable
CVE-2025-34406,MailEnable
CVE-2025-34407,MailEnable
CVE-2025-34408,MailEnable
CVE-2025-34409,MailEnable
CVE-2025-34410,LXware
CVE-2025-34413,DigitalPA S.r.l.
CVE-2025-34414,Entrust Corporation
CVE-2025-34416,MailEnable
CVE-2025-34417,MailEnable
CVE-2025-34418,MailEnable
CVE-2025-34419,MailEnable
CVE-2025-34420,MailEnable
CVE-2025-34421,MailEnable
CVE-2025-34422,MailEnable
CVE-2025-34423,MailEnable
CVE-2025-34424,MailEnable
CVE-2025-34425,MailEnable
CVE-2025-34427,MailEnable
CVE-2025-34428,MailEnable
CVE-2025-34429,LXware
CVE-2025-34430,LXware
CVE-2025-34433,World Wide Broadcast Network
CVE-2025-34434,World Wide Broadcast Network
CVE-2025-34435,World Wide Broadcast Network
CVE-2025-34436,World Wide Broadcast Network
CVE-2025-34437,World Wide Broadcast Network
CVE-2025-34438,World Wide Broadcast Network
CVE-2025-34439,World Wide Broadcast Network
CVE-2025-34440,World Wide Broadcast Network
CVE-2025-34441,World Wide Broadcast Network
CVE-2025-34442,World Wide Broadcast Network
CVE-2025-34449,Genymobile
CVE-2025-34450,merbanan
CVE-2025-34451,rofl0r
CVE-2025-34452,Streama
CVE-2025-34457,wb2osz
CVE-2025-34458,wb2osz
CVE-2025-34467,fredtempez
CVE-2025-34468,libcoap
CVE-2025-34469,Cowrie
CVE-2025-34489,GFI
CVE-2025-34490,GFI
CVE-2025-34491,GFI
CVE-2025-34499,AnyDesk
CVE-2025-34500,"Light & Wonder, Inc. / SHFL Entertainment, Inc. / Shuffle Master, Inc."
CVE-2025-34501,"Light & Wonder, Inc. / SHFL Entertainment, Inc. / Shuffle Master, Inc."
CVE-2025-34502,"Light & Wonder, Inc. / SHFL Entertainment, Inc. / Shuffle Master, Inc."
CVE-2025-34503,"Light & Wonder, Inc. / SHFL Entertainment, Inc. / Shuffle Master, Inc."
CVE-2025-34504,kodcloud
CVE-2025-34506,WBCE
CVE-2025-34508,ZendTo
CVE-2025-34509,Sitecore
CVE-2025-34510,Sitecore
CVE-2025-34511,Sitecore
CVE-2025-34512,Ilevia Srl.
CVE-2025-34513,Ilevia Srl.
CVE-2025-34514,Ilevia Srl.
CVE-2025-34515,Ilevia Srl.
CVE-2025-34516,Ilevia Srl.
CVE-2025-34517,Ilevia Srl.
CVE-2025-34518,Ilevia Srl.
CVE-2025-34519,Ilevia Srl.
CVE-2025-34520,Arcserve
CVE-2025-34521,Arcserve
CVE-2025-34522,Arcserve
CVE-2025-34523,Arcserve
CVE-2025-35003,Apache Software Foundation
CVE-2025-35004,Microhard
CVE-2025-35005,Microhard
CVE-2025-35006,Microhard
CVE-2025-35007,Microhard
CVE-2025-35008,Microhard
CVE-2025-35009,Microhard
CVE-2025-35010,Microhard
CVE-2025-35021,Abilis
CVE-2025-35027,Unitree
CVE-2025-35028,0x4m4
CVE-2025-35029,Medical Informatics Engineering
CVE-2025-35030,Medical Informatics Engineering
CVE-2025-35031,Medical Informatics Engineering
CVE-2025-35032,Medical Informatics Engineering
CVE-2025-35033,Medical Informatics Engineering
CVE-2025-35034,Medical Informatics Engineering
CVE-2025-35036,Hibernate
CVE-2025-35041,Airship AI
CVE-2025-35042,Airship AI
CVE-2025-35050,Newforma
CVE-2025-35051,Newforma
CVE-2025-35052,Newforma
CVE-2025-35053,Newforma
CVE-2025-35054,Newforma
CVE-2025-35055,Newforma
CVE-2025-35056,Newforma
CVE-2025-35057,Newforma
CVE-2025-35058,Newforma
CVE-2025-35059,Newforma
CVE-2025-35060,Newforma
CVE-2025-35061,Newforma
CVE-2025-35062,Newforma
CVE-2025-35112,Agiloft
CVE-2025-35113,Agiloft
CVE-2025-35114,Agiloft
CVE-2025-35115,Agiloft
CVE-2025-35430,CISA
CVE-2025-35431,CISA
CVE-2025-35432,CISA
CVE-2025-35433,CISA
CVE-2025-35434,CISA
CVE-2025-35435,CISA
CVE-2025-35436,CISA
CVE-2025-35451,multiCAM Systems
CVE-2025-35451,PTZOptics
CVE-2025-35451,SMTAV
CVE-2025-35451,ValueHD
CVE-2025-35452,multiCAM Systems
CVE-2025-35452,PTZOptics
CVE-2025-35452,SMTAV
CVE-2025-35452,ValueHD
CVE-2025-35471,conda-forge
CVE-2025-35939,Craft
CVE-2025-35940,GFI
CVE-2025-35941,mySCADA
CVE-2025-35965,Mattermost
CVE-2025-35966,Bloomberg
CVE-2025-35970,FUJIFILM Corporation
CVE-2025-35970,SEIKO EPSON
CVE-2025-35975,MicroDicom
CVE-2025-35978,Fujitsu Client Computing Limited
CVE-2025-35981,Gallagher
CVE-2025-35983,Gallagher
CVE-2025-35984,SAIL Image Decoding Library
CVE-2025-35995,F5
CVE-2025-35996,KUNBUS GmbH
CVE-2025-36000,IBM
CVE-2025-36001,IBM
CVE-2025-36002,IBM
CVE-2025-36003,IBM
CVE-2025-36004,IBM
CVE-2025-36005,IBM
CVE-2025-36006,IBM
CVE-2025-36007,IBM
CVE-2025-36008,IBM
CVE-2025-36009,IBM
CVE-2025-36010,IBM
CVE-2025-36011,IBM
CVE-2025-36014,IBM
CVE-2025-36015,IBM
CVE-2025-36016,IBM
CVE-2025-36017,IBM
CVE-2025-36018,IBM
CVE-2025-36019,IBM
CVE-2025-36020,IBM
CVE-2025-36023,IBM
CVE-2025-36026,IBM
CVE-2025-36027,IBM
CVE-2025-36033,IBM
CVE-2025-36034,IBM
CVE-2025-36035,IBM
CVE-2025-36037,IBM
CVE-2025-36038,IBM
CVE-2025-36039,IBM
CVE-2025-36040,IBM
CVE-2025-36041,IBM
CVE-2025-36042,IBM
CVE-2025-36047,IBM
CVE-2025-36048,IBM
CVE-2025-36049,IBM
CVE-2025-36050,IBM
CVE-2025-36051,IBM
CVE-2025-36054,IBM
CVE-2025-36056,IBM
CVE-2025-36057,IBM
CVE-2025-36058,IBM
CVE-2025-36059,IBM
CVE-2025-36062,IBM
CVE-2025-36063,IBM
CVE-2025-36064,IBM
CVE-2025-36065,IBM
CVE-2025-36066,IBM
CVE-2025-36070,IBM
CVE-2025-36071,IBM
CVE-2025-36072,IBM
CVE-2025-36074,IBM
CVE-2025-36081,IBM
CVE-2025-36082,IBM
CVE-2025-36083,IBM
CVE-2025-36085,IBM
CVE-2025-36087,IBM
CVE-2025-36088,IBM
CVE-2025-36090,IBM
CVE-2025-36091,IBM
CVE-2025-36092,IBM
CVE-2025-36093,IBM
CVE-2025-36094,IBM
CVE-2025-36096,IBM
CVE-2025-36097,IBM
CVE-2025-36098,IBM
CVE-2025-36099,IBM
CVE-2025-36100,IBM
CVE-2025-36102,IBM
CVE-2025-36104,IBM
CVE-2025-36105,IBM
CVE-2025-36106,IBM
CVE-2025-36107,IBM
CVE-2025-36112,IBM
CVE-2025-36113,IBM
CVE-2025-36114,IBM
CVE-2025-36115,IBM
CVE-2025-36116,IBM
CVE-2025-36117,IBM
CVE-2025-36118,IBM
CVE-2025-36119,IBM
CVE-2025-36120,IBM
CVE-2025-36121,IBM
CVE-2025-36122,IBM
CVE-2025-36123,IBM
CVE-2025-36124,IBM
CVE-2025-36125,IBM
CVE-2025-36126,IBM
CVE-2025-36128,IBM
CVE-2025-36131,IBM
CVE-2025-36132,IBM
CVE-2025-36133,IBM
CVE-2025-36134,IBM
CVE-2025-36135,IBM
CVE-2025-36136,IBM
CVE-2025-36137,IBM
CVE-2025-36138,IBM
CVE-2025-36139,IBM
CVE-2025-36140,IBM
CVE-2025-36143,IBM
CVE-2025-36144,IBM
CVE-2025-36145,IBM
CVE-2025-36146,IBM
CVE-2025-36148,IBM
CVE-2025-36149,IBM
CVE-2025-36150,IBM
CVE-2025-36153,IBM
CVE-2025-36154,IBM
CVE-2025-36156,IBM
CVE-2025-36157,IBM
CVE-2025-36158,IBM
CVE-2025-36159,IBM
CVE-2025-36160,IBM
CVE-2025-36161,IBM
CVE-2025-36162,IBM
CVE-2025-36170,IBM
CVE-2025-36171,IBM
CVE-2025-36172,IBM
CVE-2025-36173,IBM
CVE-2025-36174,IBM
CVE-2025-36180,IBM
CVE-2025-36183,IBM
CVE-2025-36184,IBM
CVE-2025-36185,IBM
CVE-2025-36186,IBM
CVE-2025-36187,IBM
CVE-2025-36192,IBM
CVE-2025-36193,IBM
CVE-2025-36194,IBM
CVE-2025-36202,IBM
CVE-2025-36220,IBM
CVE-2025-36221,IBM
CVE-2025-36222,IBM
CVE-2025-36223,IBM
CVE-2025-36225,IBM
CVE-2025-36226,IBM
CVE-2025-36227,IBM
CVE-2025-36228,IBM
CVE-2025-36229,IBM
CVE-2025-36230,IBM
CVE-2025-36236,IBM
CVE-2025-36238,IBM
CVE-2025-36239,IBM
CVE-2025-36243,IBM
CVE-2025-36244,IBM
CVE-2025-36245,IBM
CVE-2025-36247,IBM
CVE-2025-36248,IBM
CVE-2025-36249,IBM
CVE-2025-36250,IBM
CVE-2025-36251,IBM
CVE-2025-36253,IBM
CVE-2025-36254,IBM
CVE-2025-36255,IBM
CVE-2025-36258,IBM
CVE-2025-36262,IBM
CVE-2025-36271,IBM
CVE-2025-36274,IBM
CVE-2025-36290,IBM
CVE-2025-36298,IBM
CVE-2025-36299,IBM
CVE-2025-36319,IBM
CVE-2025-36320,IBM
CVE-2025-36321,IBM
CVE-2025-36323,IBM
CVE-2025-36324,IBM
CVE-2025-36326,IBM
CVE-2025-36327,IBM
CVE-2025-36328,IBM
CVE-2025-36333,IBM
CVE-2025-36335,IBM
CVE-2025-36336,IBM
CVE-2025-36348,IBM
CVE-2025-36351,IBM
CVE-2025-36352,IBM
CVE-2025-36353,IBM
CVE-2025-36354,IBM
CVE-2025-36355,IBM
CVE-2025-36356,IBM
CVE-2025-36357,IBM
CVE-2025-36359,IBM
CVE-2025-36360,IBM
CVE-2025-36361,IBM
CVE-2025-36363,IBM
CVE-2025-36364,IBM
CVE-2025-36365,IBM
CVE-2025-36366,IBM
CVE-2025-36367,IBM
CVE-2025-36368,IBM
CVE-2025-36371,IBM
CVE-2025-36372,IBM
CVE-2025-36373,IBM
CVE-2025-36374,IBM
CVE-2025-36375,IBM
CVE-2025-36376,IBM
CVE-2025-36377,IBM
CVE-2025-36379,IBM
CVE-2025-36384,IBM
CVE-2025-36386,IBM
CVE-2025-36387,IBM
CVE-2025-36396,IBM
CVE-2025-36397,IBM
CVE-2025-36398,IBM
CVE-2025-36407,IBM
CVE-2025-36408,IBM
CVE-2025-36409,IBM
CVE-2025-36410,IBM
CVE-2025-36411,IBM
CVE-2025-36418,IBM
CVE-2025-36419,IBM
CVE-2025-36422,IBM
CVE-2025-36423,IBM
CVE-2025-36424,IBM
CVE-2025-36425,IBM
CVE-2025-36427,IBM
CVE-2025-36428,IBM
CVE-2025-36431,IBM
CVE-2025-36436,IBM
CVE-2025-36437,IBM
CVE-2025-36438,IBM
CVE-2025-36440,IBM
CVE-2025-36442,IBM
CVE-2025-36460,Broadcom
CVE-2025-36460,Dell
CVE-2025-36461,Broadcom
CVE-2025-36461,Dell
CVE-2025-36462,Broadcom
CVE-2025-36462,Dell
CVE-2025-36463,Broadcom
CVE-2025-36463,Dell
CVE-2025-36504,F5
CVE-2025-36506,"Ricoh Company, Ltd."
CVE-2025-36512,Bloomberg
CVE-2025-36513,"i-PRO Co., Ltd."
CVE-2025-36519,"ELECOM CO.,LTD."
CVE-2025-36520,Bloomberg
CVE-2025-36521,MicroDicom
CVE-2025-36525,F5
CVE-2025-36527,ManageEngine
CVE-2025-36528,ManageEngine
CVE-2025-36529,TB-eye Ltd.
CVE-2025-36530,Mattermost
CVE-2025-36535,AutomationDirect
CVE-2025-36537,TeamViewer
CVE-2025-36539,AVEVA
CVE-2025-36546,F5
CVE-2025-36548,WWBN
CVE-2025-36553,Broadcom
CVE-2025-36553,Dell
CVE-2025-36556,MedDream
CVE-2025-36557,F5
CVE-2025-36558,KUNBUS GmbH
CVE-2025-36560,appleple inc.
CVE-2025-36563,Alfasado Inc.
CVE-2025-36564,Dell
CVE-2025-36565,Dell
CVE-2025-36566,Dell
CVE-2025-36567,Dell
CVE-2025-36568,Dell
CVE-2025-36569,Dell
CVE-2025-36572,Dell
CVE-2025-36573,Dell
CVE-2025-36574,Dell
CVE-2025-36575,Dell
CVE-2025-36576,Dell
CVE-2025-36577,Dell
CVE-2025-36578,Dell
CVE-2025-36579,Dell
CVE-2025-36580,Dell
CVE-2025-36581,Dell
CVE-2025-36582,Dell
CVE-2025-36588,Dell
CVE-2025-36589,Dell
CVE-2025-36592,Dell
CVE-2025-36593,Dell
CVE-2025-36594,Dell
CVE-2025-36595,Dell
CVE-2025-36597,Dell
CVE-2025-36598,Dell
CVE-2025-36599,Dell
CVE-2025-36600,Dell
CVE-2025-36601,Dell
CVE-2025-36603,Dell
CVE-2025-36604,Dell
CVE-2025-36605,Dell
CVE-2025-36606,Dell
CVE-2025-36607,Dell
CVE-2025-36608,Dell
CVE-2025-36609,Dell
CVE-2025-36611,Dell
CVE-2025-36612,Dell
CVE-2025-36613,Dell
CVE-2025-36625,Tenable
CVE-2025-36630,Tenable
CVE-2025-36631,Tenable
CVE-2025-36632,Tenable
CVE-2025-36633,Tenable
CVE-2025-36636,Tenable
CVE-2025-36640,Tenable
CVE-2025-36727,Simplehelp
CVE-2025-36728,Simplehelp
CVE-2025-36729,RACOM
CVE-2025-36730,Windsurf
CVE-2025-36743,SolarEdge
CVE-2025-36744,SolarEdge
CVE-2025-36745,SolarEdge
CVE-2025-36746,SolarEdge
CVE-2025-36747,Growatt
CVE-2025-36748,Growatt
CVE-2025-36750,Growatt
CVE-2025-36751,Growatt
CVE-2025-36752,Growatt
CVE-2025-36753,Growatt
CVE-2025-36754,Growatt
CVE-2025-36755,CleverDisplay B.V.
CVE-2025-36756,SolaX Power
CVE-2025-36757,SolaX Power
CVE-2025-36758,SolaX Power
CVE-2025-36759,SolaX Power
CVE-2025-36852,Niklas Portmann
CVE-2025-36852,Nx
CVE-2025-36853,Microsoft
CVE-2025-36854,Microsoft
CVE-2025-36855,Microsoft
CVE-2025-36857,Rapid7
CVE-2025-36887,Google
CVE-2025-36889,Google
CVE-2025-36890,Google
CVE-2025-36891,Google
CVE-2025-36892,Google
CVE-2025-36893,Google
CVE-2025-36894,Google
CVE-2025-36895,Google
CVE-2025-36896,Google
CVE-2025-36897,Google
CVE-2025-36898,Google
CVE-2025-36899,Google
CVE-2025-36900,Google
CVE-2025-36901,Google
CVE-2025-36902,Google
CVE-2025-36903,Google
CVE-2025-36904,Google
CVE-2025-36905,Google
CVE-2025-36906,Google
CVE-2025-36907,Google
CVE-2025-36908,Google
CVE-2025-36909,Google
CVE-2025-36911,Google
CVE-2025-36912,Google
CVE-2025-36916,Google
CVE-2025-36917,Google
CVE-2025-36918,Google
CVE-2025-36919,Google
CVE-2025-36920,Google
CVE-2025-36921,Google
CVE-2025-36922,Google
CVE-2025-36923,Google
CVE-2025-36924,Google
CVE-2025-36925,Google
CVE-2025-36927,Google
CVE-2025-36928,Google
CVE-2025-36929,Google
CVE-2025-36930,Google
CVE-2025-36931,Google
CVE-2025-36932,Google
CVE-2025-36934,Google
CVE-2025-36935,Google
CVE-2025-36936,Google
CVE-2025-36937,Google
CVE-2025-36938,Google
CVE-2025-36939,Google
CVE-2025-36940,Google
CVE-2025-37087,Hewlett Packard Enterprise (HPE)
CVE-2025-37088,Hewlett Packard Enterprise (HPE)
CVE-2025-37089,Hewlett Packard Enterprise (HPE)
CVE-2025-37090,Hewlett Packard Enterprise (HPE)
CVE-2025-37091,Hewlett Packard Enterprise (HPE)
CVE-2025-37092,Hewlett Packard Enterprise (HPE)
CVE-2025-37093,Hewlett Packard Enterprise (HPE)
CVE-2025-37094,Hewlett Packard Enterprise (HPE)
CVE-2025-37095,Hewlett Packard Enterprise (HPE)
CVE-2025-37096,Hewlett Packard Enterprise (HPE)
CVE-2025-37097,Hewlett Packard Enterprise
CVE-2025-37098,Hewlett Packard Enterprise
CVE-2025-37099,Hewlett Packard Enterprise
CVE-2025-37100,Hewlett Packard Enterprise (HPE)
CVE-2025-37101,Hewlett Packard Enterprise
CVE-2025-37102,Hewlett Packard Enterprise (HPE)
CVE-2025-37103,Hewlett Packard Enterprise (HPE)
CVE-2025-37104,Hewlett Packard Enterprise (HPE)
CVE-2025-37105,Hewlett Packard Enterprise
CVE-2025-37106,Hewlett Packard Enterprise
CVE-2025-37107,Hewlett Packard Enterprise
CVE-2025-37108,Hewlett Packard Enterprise (HPE)
CVE-2025-37109,Hewlett Packard Enterprise (HPE)
CVE-2025-37110,Hewlett Packard Enterprise
CVE-2025-37111,Hewlett Packard Enterprise
CVE-2025-37112,Hewlett Packard Enterprise
CVE-2025-37122,Hewlett Packard Enterprise (HPE)
CVE-2025-37123,Hewlett Packard Enterprise (HPE)
CVE-2025-37124,Hewlett Packard Enterprise (HPE)
CVE-2025-37125,Hewlett Packard Enterprise (HPE)
CVE-2025-37126,Hewlett Packard Enterprise (HPE)
CVE-2025-37127,Hewlett Packard Enterprise (HPE)
CVE-2025-37128,Hewlett Packard Enterprise (HPE)
CVE-2025-37129,Hewlett Packard Enterprise (HPE)
CVE-2025-37130,Hewlett Packard Enterprise (HPE)
CVE-2025-37131,Hewlett Packard Enterprise (HPE)
CVE-2025-37132,Hewlett Packard Enterprise (HPE)
CVE-2025-37133,Hewlett Packard Enterprise (HPE)
CVE-2025-37134,Hewlett Packard Enterprise (HPE)
CVE-2025-37135,Hewlett Packard Enterprise (HPE)
CVE-2025-37136,Hewlett Packard Enterprise (HPE)
CVE-2025-37137,Hewlett Packard Enterprise (HPE)
CVE-2025-37138,Hewlett Packard Enterprise (HPE)
CVE-2025-37139,Hewlett Packard Enterprise (HPE)
CVE-2025-37140,Hewlett Packard Enterprise (HPE)
CVE-2025-37141,Hewlett Packard Enterprise (HPE)
CVE-2025-37142,Hewlett Packard Enterprise (HPE)
CVE-2025-37143,Hewlett Packard Enterprise (HPE)
CVE-2025-37144,Hewlett Packard Enterprise (HPE)
CVE-2025-37145,Hewlett Packard Enterprise (HPE)
CVE-2025-37146,Hewlett Packard Enterprise (HPE)
CVE-2025-37147,Hewlett Packard Enterprise (HPE)
CVE-2025-37148,Hewlett Packard Enterprise (HPE)
CVE-2025-37149,Hewlett Packard Enterprise (HPE)
CVE-2025-37155,Hewlett Packard Enterprise (HPE)
CVE-2025-37156,Hewlett Packard Enterprise (HPE)
CVE-2025-37157,Hewlett Packard Enterprise (HPE)
CVE-2025-37158,Hewlett Packard Enterprise (HPE)
CVE-2025-37159,Hewlett Packard Enterprise (HPE)
CVE-2025-37160,Hewlett Packard Enterprise (HPE)
CVE-2025-37161,Hewlett Packard Enterprise (HPE)
CVE-2025-37162,Hewlett Packard Enterprise (HPE)
CVE-2025-37163,Hewlett Packard Enterprise (HPE)
CVE-2025-37164,Hewlett Packard Enterprise (HPE)
CVE-2025-37165,Hewlett Packard Enterprise (HPE)
CVE-2025-37166,Hewlett Packard Enterprise (HPE)
CVE-2025-37168,Hewlett Packard Enterprise (HPE)
CVE-2025-37169,Hewlett Packard Enterprise (HPE)
CVE-2025-37170,Hewlett Packard Enterprise (HPE)
CVE-2025-37171,Hewlett Packard Enterprise (HPE)
CVE-2025-37172,Hewlett Packard Enterprise (HPE)
CVE-2025-37173,Hewlett Packard Enterprise (HPE)
CVE-2025-37174,Hewlett Packard Enterprise (HPE)
CVE-2025-37175,Hewlett Packard Enterprise (HPE)
CVE-2025-37176,Hewlett Packard Enterprise (HPE)
CVE-2025-37177,Hewlett Packard Enterprise (HPE)
CVE-2025-37178,Hewlett Packard Enterprise (HPE)
CVE-2025-37179,Hewlett Packard Enterprise (HPE)
CVE-2025-37181,Hewlett Packard Enterprise (HPE)
CVE-2025-37182,Hewlett Packard Enterprise (HPE)
CVE-2025-37183,Hewlett Packard Enterprise (HPE)
CVE-2025-37184,Hewlett Packard Enterprise (HPE)
CVE-2025-37185,Hewlett Packard Enterprise (HPE)
CVE-2025-37186,Hewlett Packard Enterprise (HPE)
CVE-2025-37727,Elastic
CVE-2025-37728,Elastic
CVE-2025-37729,Elastic
CVE-2025-37730,Elastic
CVE-2025-37731,Elastic
CVE-2025-37732,Elastic
CVE-2025-37734,Elastic
CVE-2025-37735,Elastic
CVE-2025-37736,Elastic
CVE-2025-37738,Linux
CVE-2025-37739,Linux
CVE-2025-37740,Linux
CVE-2025-37741,Linux
CVE-2025-37742,Linux
CVE-2025-37743,Linux
CVE-2025-37744,Linux
CVE-2025-37745,Linux
CVE-2025-37746,Linux
CVE-2025-37747,Linux
CVE-2025-37748,Linux
CVE-2025-37749,Linux
CVE-2025-37750,Linux
CVE-2025-37751,Linux
CVE-2025-37752,Linux
CVE-2025-37754,Linux
CVE-2025-37755,Linux
CVE-2025-37756,Linux
CVE-2025-37757,Linux
CVE-2025-37758,Linux
CVE-2025-37759,Linux
CVE-2025-37760,Linux
CVE-2025-37761,Linux
CVE-2025-37762,Linux
CVE-2025-37763,Linux
CVE-2025-37764,Linux
CVE-2025-37765,Linux
CVE-2025-37766,Linux
CVE-2025-37767,Linux
CVE-2025-37768,Linux
CVE-2025-37769,Linux
CVE-2025-37770,Linux
CVE-2025-37771,Linux
CVE-2025-37772,Linux
CVE-2025-37773,Linux
CVE-2025-37774,Linux
CVE-2025-37775,Linux
CVE-2025-37776,Linux
CVE-2025-37777,Linux
CVE-2025-37778,Linux
CVE-2025-37779,Linux
CVE-2025-37780,Linux
CVE-2025-37781,Linux
CVE-2025-37783,Linux
CVE-2025-37784,Linux
CVE-2025-37785,Linux
CVE-2025-37786,Linux
CVE-2025-37787,Linux
CVE-2025-37788,Linux
CVE-2025-37789,Linux
CVE-2025-37790,Linux
CVE-2025-37791,Linux
CVE-2025-37792,Linux
CVE-2025-37793,Linux
CVE-2025-37794,Linux
CVE-2025-37796,Linux
CVE-2025-37797,Linux
CVE-2025-37798,Linux
CVE-2025-37799,Linux
CVE-2025-37800,Linux
CVE-2025-37801,Linux
CVE-2025-37802,Linux
CVE-2025-37803,Linux
CVE-2025-37805,Linux
CVE-2025-37806,Linux
CVE-2025-37807,Linux
CVE-2025-37808,Linux
CVE-2025-37809,Linux
CVE-2025-37810,Linux
CVE-2025-37811,Linux
CVE-2025-37812,Linux
CVE-2025-37813,Linux
CVE-2025-37814,Linux
CVE-2025-37815,Linux
CVE-2025-37816,Linux
CVE-2025-37817,Linux
CVE-2025-37818,Linux
CVE-2025-37819,Linux
CVE-2025-37820,Linux
CVE-2025-37821,Linux
CVE-2025-37822,Linux
CVE-2025-37823,Linux
CVE-2025-37824,Linux
CVE-2025-37825,Linux
CVE-2025-37826,Linux
CVE-2025-37827,Linux
CVE-2025-37828,Linux
CVE-2025-37829,Linux
CVE-2025-37830,Linux
CVE-2025-37831,Linux
CVE-2025-37833,Linux
CVE-2025-37834,Linux
CVE-2025-37836,Linux
CVE-2025-37837,Linux
CVE-2025-37838,Linux
CVE-2025-37839,Linux
CVE-2025-37840,Linux
CVE-2025-37841,Linux
CVE-2025-37842,Linux
CVE-2025-37843,Linux
CVE-2025-37844,Linux
CVE-2025-37845,Linux
CVE-2025-37846,Linux
CVE-2025-37847,Linux
CVE-2025-37848,Linux
CVE-2025-37849,Linux
CVE-2025-37850,Linux
CVE-2025-37851,Linux
CVE-2025-37852,Linux
CVE-2025-37853,Linux
CVE-2025-37854,Linux
CVE-2025-37855,Linux
CVE-2025-37856,Linux
CVE-2025-37857,Linux
CVE-2025-37858,Linux
CVE-2025-37859,Linux
CVE-2025-37860,Linux
CVE-2025-37861,Linux
CVE-2025-37862,Linux
CVE-2025-37863,Linux
CVE-2025-37864,Linux
CVE-2025-37865,Linux
CVE-2025-37866,Linux
CVE-2025-37867,Linux
CVE-2025-37868,Linux
CVE-2025-37869,Linux
CVE-2025-37870,Linux
CVE-2025-37871,Linux
CVE-2025-37872,Linux
CVE-2025-37873,Linux
CVE-2025-37874,Linux
CVE-2025-37875,Linux
CVE-2025-37876,Linux
CVE-2025-37877,Linux
CVE-2025-37878,Linux
CVE-2025-37879,Linux
CVE-2025-37880,Linux
CVE-2025-37881,Linux
CVE-2025-37882,Linux
CVE-2025-37883,Linux
CVE-2025-37884,Linux
CVE-2025-37885,Linux
CVE-2025-37886,Linux
CVE-2025-37887,Linux
CVE-2025-37888,Linux
CVE-2025-37889,Linux
CVE-2025-37890,Linux
CVE-2025-37891,Linux
CVE-2025-37892,Linux
CVE-2025-37893,Linux
CVE-2025-37894,Linux
CVE-2025-37895,Linux
CVE-2025-37896,Linux
CVE-2025-37897,Linux
CVE-2025-37898,Linux
CVE-2025-37899,Linux
CVE-2025-37900,Linux
CVE-2025-37901,Linux
CVE-2025-37903,Linux
CVE-2025-37904,Linux
CVE-2025-37905,Linux
CVE-2025-37906,Linux
CVE-2025-37907,Linux
CVE-2025-37908,Linux
CVE-2025-37909,Linux
CVE-2025-37910,Linux
CVE-2025-37911,Linux
CVE-2025-37912,Linux
CVE-2025-37913,Linux
CVE-2025-37914,Linux
CVE-2025-37915,Linux
CVE-2025-37916,Linux
CVE-2025-37917,Linux
CVE-2025-37918,Linux
CVE-2025-37919,Linux
CVE-2025-37920,Linux
CVE-2025-37921,Linux
CVE-2025-37922,Linux
CVE-2025-37923,Linux
CVE-2025-37924,Linux
CVE-2025-37925,Linux
CVE-2025-37926,Linux
CVE-2025-37927,Linux
CVE-2025-37928,Linux
CVE-2025-37929,Linux
CVE-2025-37930,Linux
CVE-2025-37931,Linux
CVE-2025-37932,Linux
CVE-2025-37933,Linux
CVE-2025-37934,Linux
CVE-2025-37935,Linux
CVE-2025-37936,Linux
CVE-2025-37937,Linux
CVE-2025-37938,Linux
CVE-2025-37939,Linux
CVE-2025-37940,Linux
CVE-2025-37941,Linux
CVE-2025-37943,Linux
CVE-2025-37944,Linux
CVE-2025-37945,Linux
CVE-2025-37946,Linux
CVE-2025-37947,Linux
CVE-2025-37948,Linux
CVE-2025-37949,Linux
CVE-2025-37950,Linux
CVE-2025-37951,Linux
CVE-2025-37952,Linux
CVE-2025-37953,Linux
CVE-2025-37954,Linux
CVE-2025-37955,Linux
CVE-2025-37956,Linux
CVE-2025-37957,Linux
CVE-2025-37958,Linux
CVE-2025-37959,Linux
CVE-2025-37960,Linux
CVE-2025-37961,Linux
CVE-2025-37962,Linux
CVE-2025-37963,Linux
CVE-2025-37964,Linux
CVE-2025-37965,Linux
CVE-2025-37966,Linux
CVE-2025-37967,Linux
CVE-2025-37968,Linux
CVE-2025-37969,Linux
CVE-2025-37970,Linux
CVE-2025-37971,Linux
CVE-2025-37972,Linux
CVE-2025-37973,Linux
CVE-2025-37974,Linux
CVE-2025-37975,Linux
CVE-2025-37977,Linux
CVE-2025-37978,Linux
CVE-2025-37979,Linux
CVE-2025-37980,Linux
CVE-2025-37981,Linux
CVE-2025-37982,Linux
CVE-2025-37983,Linux
CVE-2025-37984,Linux
CVE-2025-37985,Linux
CVE-2025-37986,Linux
CVE-2025-37987,Linux
CVE-2025-37988,Linux
CVE-2025-37989,Linux
CVE-2025-37990,Linux
CVE-2025-37991,Linux
CVE-2025-37992,Linux
CVE-2025-37993,Linux
CVE-2025-37994,Linux
CVE-2025-37995,Linux
CVE-2025-37996,Linux
CVE-2025-37997,Linux
CVE-2025-37998,Linux
CVE-2025-37999,Linux
CVE-2025-38000,Linux
CVE-2025-38001,Linux
CVE-2025-38002,Linux
CVE-2025-38003,Linux
CVE-2025-38004,Linux
CVE-2025-38005,Linux
CVE-2025-38006,Linux
CVE-2025-38007,Linux
CVE-2025-38008,Linux
CVE-2025-38009,Linux
CVE-2025-38010,Linux
CVE-2025-38011,Linux
CVE-2025-38012,Linux
CVE-2025-38013,Linux
CVE-2025-38014,Linux
CVE-2025-38015,Linux
CVE-2025-38016,Linux
CVE-2025-38017,Linux
CVE-2025-38018,Linux
CVE-2025-38019,Linux
CVE-2025-38020,Linux
CVE-2025-38021,Linux
CVE-2025-38022,Linux
CVE-2025-38023,Linux
CVE-2025-38024,Linux
CVE-2025-38025,Linux
CVE-2025-38027,Linux
CVE-2025-38028,Linux
CVE-2025-38029,Linux
CVE-2025-38031,Linux
CVE-2025-38032,Linux
CVE-2025-38033,Linux
CVE-2025-38034,Linux
CVE-2025-38035,Linux
CVE-2025-38036,Linux
CVE-2025-38037,Linux
CVE-2025-38038,Linux
CVE-2025-38039,Linux
CVE-2025-38040,Linux
CVE-2025-38041,Linux
CVE-2025-38042,Linux
CVE-2025-38043,Linux
CVE-2025-38044,Linux
CVE-2025-38045,Linux
CVE-2025-38047,Linux
CVE-2025-38048,Linux
CVE-2025-38049,Linux
CVE-2025-38050,Linux
CVE-2025-38051,Linux
CVE-2025-38052,Linux
CVE-2025-38053,Linux
CVE-2025-38054,Linux
CVE-2025-38055,Linux
CVE-2025-38056,Linux
CVE-2025-38057,Linux
CVE-2025-38058,Linux
CVE-2025-38059,Linux
CVE-2025-38060,Linux
CVE-2025-38061,Linux
CVE-2025-38062,Linux
CVE-2025-38063,Linux
CVE-2025-38064,Linux
CVE-2025-38065,Linux
CVE-2025-38066,Linux
CVE-2025-38067,Linux
CVE-2025-38068,Linux
CVE-2025-38069,Linux
CVE-2025-38070,Linux
CVE-2025-38071,Linux
CVE-2025-38072,Linux
CVE-2025-38074,Linux
CVE-2025-38075,Linux
CVE-2025-38076,Linux
CVE-2025-38077,Linux
CVE-2025-38078,Linux
CVE-2025-38079,Linux
CVE-2025-38080,Linux
CVE-2025-38081,Linux
CVE-2025-38082,Linux
CVE-2025-38083,Linux
CVE-2025-38084,Linux
CVE-2025-38085,Linux
CVE-2025-38086,Linux
CVE-2025-38087,Linux
CVE-2025-38088,Linux
CVE-2025-38089,Linux
CVE-2025-38090,Linux
CVE-2025-38091,Linux
CVE-2025-38092,Linux
CVE-2025-38093,Linux
CVE-2025-38094,Linux
CVE-2025-38095,Linux
CVE-2025-38096,Linux
CVE-2025-38097,Linux
CVE-2025-38098,Linux
CVE-2025-38099,Linux
CVE-2025-38100,Linux
CVE-2025-38101,Linux
CVE-2025-38102,Linux
CVE-2025-38103,Linux
CVE-2025-38104,Linux
CVE-2025-38105,Linux
CVE-2025-38106,Linux
CVE-2025-38107,Linux
CVE-2025-38108,Linux
CVE-2025-38109,Linux
CVE-2025-38110,Linux
CVE-2025-38111,Linux
CVE-2025-38112,Linux
CVE-2025-38113,Linux
CVE-2025-38114,Linux
CVE-2025-38115,Linux
CVE-2025-38116,Linux
CVE-2025-38117,Linux
CVE-2025-38118,Linux
CVE-2025-38119,Linux
CVE-2025-38120,Linux
CVE-2025-38121,Linux
CVE-2025-38122,Linux
CVE-2025-38123,Linux
CVE-2025-38124,Linux
CVE-2025-38125,Linux
CVE-2025-38126,Linux
CVE-2025-38127,Linux
CVE-2025-38128,Linux
CVE-2025-38129,Linux
CVE-2025-38130,Linux
CVE-2025-38131,Linux
CVE-2025-38132,Linux
CVE-2025-38133,Linux
CVE-2025-38134,Linux
CVE-2025-38135,Linux
CVE-2025-38136,Linux
CVE-2025-38137,Linux
CVE-2025-38138,Linux
CVE-2025-38139,Linux
CVE-2025-38140,Linux
CVE-2025-38141,Linux
CVE-2025-38142,Linux
CVE-2025-38143,Linux
CVE-2025-38144,Linux
CVE-2025-38145,Linux
CVE-2025-38146,Linux
CVE-2025-38147,Linux
CVE-2025-38148,Linux
CVE-2025-38149,Linux
CVE-2025-38150,Linux
CVE-2025-38151,Linux
CVE-2025-38152,Linux
CVE-2025-38153,Linux
CVE-2025-38154,Linux
CVE-2025-38155,Linux
CVE-2025-38156,Linux
CVE-2025-38157,Linux
CVE-2025-38158,Linux
CVE-2025-38159,Linux
CVE-2025-38160,Linux
CVE-2025-38161,Linux
CVE-2025-38162,Linux
CVE-2025-38163,Linux
CVE-2025-38164,Linux
CVE-2025-38165,Linux
CVE-2025-38166,Linux
CVE-2025-38167,Linux
CVE-2025-38168,Linux
CVE-2025-38169,Linux
CVE-2025-38170,Linux
CVE-2025-38171,Linux
CVE-2025-38172,Linux
CVE-2025-38173,Linux
CVE-2025-38174,Linux
CVE-2025-38175,Linux
CVE-2025-38176,Linux
CVE-2025-38177,Linux
CVE-2025-38179,Linux
CVE-2025-38180,Linux
CVE-2025-38181,Linux
CVE-2025-38182,Linux
CVE-2025-38183,Linux
CVE-2025-38184,Linux
CVE-2025-38185,Linux
CVE-2025-38186,Linux
CVE-2025-38187,Linux
CVE-2025-38188,Linux
CVE-2025-38189,Linux
CVE-2025-38190,Linux
CVE-2025-38191,Linux
CVE-2025-38192,Linux
CVE-2025-38193,Linux
CVE-2025-38194,Linux
CVE-2025-38195,Linux
CVE-2025-38196,Linux
CVE-2025-38197,Linux
CVE-2025-38198,Linux
CVE-2025-38199,Linux
CVE-2025-38200,Linux
CVE-2025-38201,Linux
CVE-2025-38202,Linux
CVE-2025-38203,Linux
CVE-2025-38204,Linux
CVE-2025-38205,Linux
CVE-2025-38206,Linux
CVE-2025-38207,Linux
CVE-2025-38208,Linux
CVE-2025-38209,Linux
CVE-2025-38210,Linux
CVE-2025-38211,Linux
CVE-2025-38212,Linux
CVE-2025-38214,Linux
CVE-2025-38215,Linux
CVE-2025-38216,Linux
CVE-2025-38217,Linux
CVE-2025-38218,Linux
CVE-2025-38219,Linux
CVE-2025-38220,Linux
CVE-2025-38221,Linux
CVE-2025-38222,Linux
CVE-2025-38223,Linux
CVE-2025-38224,Linux
CVE-2025-38225,Linux
CVE-2025-38226,Linux
CVE-2025-38227,Linux
CVE-2025-38228,Linux
CVE-2025-38229,Linux
CVE-2025-38230,Linux
CVE-2025-38231,Linux
CVE-2025-38232,Linux
CVE-2025-38233,Linux
CVE-2025-38234,Linux
CVE-2025-38235,Linux
CVE-2025-38236,Linux
CVE-2025-38237,Linux
CVE-2025-38238,Linux
CVE-2025-38239,Linux
CVE-2025-38240,Linux
CVE-2025-38241,Linux
CVE-2025-38242,Linux
CVE-2025-38243,Linux
CVE-2025-38244,Linux
CVE-2025-38245,Linux
CVE-2025-38246,Linux
CVE-2025-38247,Linux
CVE-2025-38248,Linux
CVE-2025-38249,Linux
CVE-2025-38250,Linux
CVE-2025-38251,Linux
CVE-2025-38252,Linux
CVE-2025-38253,Linux
CVE-2025-38254,Linux
CVE-2025-38255,Linux
CVE-2025-38256,Linux
CVE-2025-38257,Linux
CVE-2025-38258,Linux
CVE-2025-38259,Linux
CVE-2025-38260,Linux
CVE-2025-38261,Linux
CVE-2025-38262,Linux
CVE-2025-38263,Linux
CVE-2025-38264,Linux
CVE-2025-38265,Linux
CVE-2025-38266,Linux
CVE-2025-38267,Linux
CVE-2025-38268,Linux
CVE-2025-38269,Linux
CVE-2025-38270,Linux
CVE-2025-38271,Linux
CVE-2025-38272,Linux
CVE-2025-38273,Linux
CVE-2025-38274,Linux
CVE-2025-38275,Linux
CVE-2025-38276,Linux
CVE-2025-38277,Linux
CVE-2025-38278,Linux
CVE-2025-38279,Linux
CVE-2025-38280,Linux
CVE-2025-38281,Linux
CVE-2025-38282,Linux
CVE-2025-38283,Linux
CVE-2025-38284,Linux
CVE-2025-38285,Linux
CVE-2025-38286,Linux
CVE-2025-38287,Linux
CVE-2025-38288,Linux
CVE-2025-38289,Linux
CVE-2025-38290,Linux
CVE-2025-38291,Linux
CVE-2025-38292,Linux
CVE-2025-38293,Linux
CVE-2025-38294,Linux
CVE-2025-38295,Linux
CVE-2025-38296,Linux
CVE-2025-38297,Linux
CVE-2025-38298,Linux
CVE-2025-38299,Linux
CVE-2025-38300,Linux
CVE-2025-38301,Linux
CVE-2025-38302,Linux
CVE-2025-38303,Linux
CVE-2025-38304,Linux
CVE-2025-38305,Linux
CVE-2025-38306,Linux
CVE-2025-38307,Linux
CVE-2025-38308,Linux
CVE-2025-38309,Linux
CVE-2025-38310,Linux
CVE-2025-38311,Linux
CVE-2025-38312,Linux
CVE-2025-38313,Linux
CVE-2025-38314,Linux
CVE-2025-38315,Linux
CVE-2025-38316,Linux
CVE-2025-38317,Linux
CVE-2025-38318,Linux
CVE-2025-38319,Linux
CVE-2025-38320,Linux
CVE-2025-38321,Linux
CVE-2025-38322,Linux
CVE-2025-38323,Linux
CVE-2025-38324,Linux
CVE-2025-38325,Linux
CVE-2025-38326,Linux
CVE-2025-38327,Linux
CVE-2025-38328,Linux
CVE-2025-38329,Linux
CVE-2025-38330,Linux
CVE-2025-38331,Linux
CVE-2025-38332,Linux
CVE-2025-38333,Linux
CVE-2025-38334,Linux
CVE-2025-38335,Linux
CVE-2025-38336,Linux
CVE-2025-38337,Linux
CVE-2025-38338,Linux
CVE-2025-38339,Linux
CVE-2025-38340,Linux
CVE-2025-38341,Linux
CVE-2025-38342,Linux
CVE-2025-38343,Linux
CVE-2025-38344,Linux
CVE-2025-38345,Linux
CVE-2025-38346,Linux
CVE-2025-38347,Linux
CVE-2025-38348,Linux
CVE-2025-38349,Linux
CVE-2025-38350,Linux
CVE-2025-38351,Linux
CVE-2025-38352,Linux
CVE-2025-38353,Linux
CVE-2025-38354,Linux
CVE-2025-38355,Linux
CVE-2025-38356,Linux
CVE-2025-38357,Linux
CVE-2025-38358,Linux
CVE-2025-38359,Linux
CVE-2025-38360,Linux
CVE-2025-38361,Linux
CVE-2025-38362,Linux
CVE-2025-38363,Linux
CVE-2025-38364,Linux
CVE-2025-38365,Linux
CVE-2025-38366,Linux
CVE-2025-38367,Linux
CVE-2025-38368,Linux
CVE-2025-38369,Linux
CVE-2025-38370,Linux
CVE-2025-38371,Linux
CVE-2025-38372,Linux
CVE-2025-38373,Linux
CVE-2025-38374,Linux
CVE-2025-38375,Linux
CVE-2025-38376,Linux
CVE-2025-38377,Linux
CVE-2025-38378,Linux
CVE-2025-38379,Linux
CVE-2025-38381,Linux
CVE-2025-38382,Linux
CVE-2025-38383,Linux
CVE-2025-38384,Linux
CVE-2025-38385,Linux
CVE-2025-38386,Linux
CVE-2025-38387,Linux
CVE-2025-38388,Linux
CVE-2025-38389,Linux
CVE-2025-38390,Linux
CVE-2025-38391,Linux
CVE-2025-38392,Linux
CVE-2025-38393,Linux
CVE-2025-38394,Linux
CVE-2025-38395,Linux
CVE-2025-38396,Linux
CVE-2025-38397,Linux
CVE-2025-38398,Linux
CVE-2025-38399,Linux
CVE-2025-38400,Linux
CVE-2025-38401,Linux
CVE-2025-38402,Linux
CVE-2025-38403,Linux
CVE-2025-38404,Linux
CVE-2025-38405,Linux
CVE-2025-38406,Linux
CVE-2025-38407,Linux
CVE-2025-38408,Linux
CVE-2025-38409,Linux
CVE-2025-38410,Linux
CVE-2025-38411,Linux
CVE-2025-38412,Linux
CVE-2025-38413,Linux
CVE-2025-38414,Linux
CVE-2025-38415,Linux
CVE-2025-38416,Linux
CVE-2025-38417,Linux
CVE-2025-38418,Linux
CVE-2025-38419,Linux
CVE-2025-38420,Linux
CVE-2025-38421,Linux
CVE-2025-38422,Linux
CVE-2025-38423,Linux
CVE-2025-38424,Linux
CVE-2025-38425,Linux
CVE-2025-38426,Linux
CVE-2025-38427,Linux
CVE-2025-38428,Linux
CVE-2025-38429,Linux
CVE-2025-38430,Linux
CVE-2025-38431,Linux
CVE-2025-38432,Linux
CVE-2025-38433,Linux
CVE-2025-38434,Linux
CVE-2025-38435,Linux
CVE-2025-38436,Linux
CVE-2025-38437,Linux
CVE-2025-38438,Linux
CVE-2025-38439,Linux
CVE-2025-38440,Linux
CVE-2025-38441,Linux
CVE-2025-38442,Linux
CVE-2025-38443,Linux
CVE-2025-38444,Linux
CVE-2025-38445,Linux
CVE-2025-38446,Linux
CVE-2025-38447,Linux
CVE-2025-38448,Linux
CVE-2025-38449,Linux
CVE-2025-38450,Linux
CVE-2025-38451,Linux
CVE-2025-38452,Linux
CVE-2025-38453,Linux
CVE-2025-38454,Linux
CVE-2025-38455,Linux
CVE-2025-38456,Linux
CVE-2025-38457,Linux
CVE-2025-38458,Linux
CVE-2025-38459,Linux
CVE-2025-38460,Linux
CVE-2025-38461,Linux
CVE-2025-38462,Linux
CVE-2025-38463,Linux
CVE-2025-38464,Linux
CVE-2025-38465,Linux
CVE-2025-38466,Linux
CVE-2025-38467,Linux
CVE-2025-38468,Linux
CVE-2025-38469,Linux
CVE-2025-38470,Linux
CVE-2025-38471,Linux
CVE-2025-38472,Linux
CVE-2025-38473,Linux
CVE-2025-38474,Linux
CVE-2025-38475,Linux
CVE-2025-38476,Linux
CVE-2025-38477,Linux
CVE-2025-38478,Linux
CVE-2025-38479,Linux
CVE-2025-38480,Linux
CVE-2025-38481,Linux
CVE-2025-38482,Linux
CVE-2025-38483,Linux
CVE-2025-38484,Linux
CVE-2025-38485,Linux
CVE-2025-38486,Linux
CVE-2025-38487,Linux
CVE-2025-38488,Linux
CVE-2025-38489,Linux
CVE-2025-38490,Linux
CVE-2025-38491,Linux
CVE-2025-38492,Linux
CVE-2025-38493,Linux
CVE-2025-38494,Linux
CVE-2025-38495,Linux
CVE-2025-38496,Linux
CVE-2025-38497,Linux
CVE-2025-38498,Linux
CVE-2025-38499,Linux
CVE-2025-38500,Linux
CVE-2025-38501,Linux
CVE-2025-38502,Linux
CVE-2025-38503,Linux
CVE-2025-38504,Linux
CVE-2025-38505,Linux
CVE-2025-38506,Linux
CVE-2025-38507,Linux
CVE-2025-38508,Linux
CVE-2025-38509,Linux
CVE-2025-38510,Linux
CVE-2025-38511,Linux
CVE-2025-38512,Linux
CVE-2025-38513,Linux
CVE-2025-38514,Linux
CVE-2025-38515,Linux
CVE-2025-38516,Linux
CVE-2025-38517,Linux
CVE-2025-38518,Linux
CVE-2025-38519,Linux
CVE-2025-38520,Linux
CVE-2025-38521,Linux
CVE-2025-38522,Linux
CVE-2025-38523,Linux
CVE-2025-38524,Linux
CVE-2025-38525,Linux
CVE-2025-38526,Linux
CVE-2025-38527,Linux
CVE-2025-38528,Linux
CVE-2025-38529,Linux
CVE-2025-38530,Linux
CVE-2025-38531,Linux
CVE-2025-38532,Linux
CVE-2025-38533,Linux
CVE-2025-38534,Linux
CVE-2025-38535,Linux
CVE-2025-38536,Linux
CVE-2025-38537,Linux
CVE-2025-38538,Linux
CVE-2025-38539,Linux
CVE-2025-38540,Linux
CVE-2025-38541,Linux
CVE-2025-38542,Linux
CVE-2025-38543,Linux
CVE-2025-38544,Linux
CVE-2025-38545,Linux
CVE-2025-38546,Linux
CVE-2025-38547,Linux
CVE-2025-38548,Linux
CVE-2025-38549,Linux
CVE-2025-38550,Linux
CVE-2025-38551,Linux
CVE-2025-38552,Linux
CVE-2025-38554,Linux
CVE-2025-38555,Linux
CVE-2025-38556,Linux
CVE-2025-38557,Linux
CVE-2025-38558,Linux
CVE-2025-38559,Linux
CVE-2025-38560,Linux
CVE-2025-38561,Linux
CVE-2025-38562,Linux
CVE-2025-38563,Linux
CVE-2025-38564,Linux
CVE-2025-38565,Linux
CVE-2025-38566,Linux
CVE-2025-38567,Linux
CVE-2025-38568,Linux
CVE-2025-38569,Linux
CVE-2025-38570,Linux
CVE-2025-38571,Linux
CVE-2025-38572,Linux
CVE-2025-38573,Linux
CVE-2025-38574,Linux
CVE-2025-38575,Linux
CVE-2025-38576,Linux
CVE-2025-38577,Linux
CVE-2025-38578,Linux
CVE-2025-38579,Linux
CVE-2025-38580,Linux
CVE-2025-38581,Linux
CVE-2025-38582,Linux
CVE-2025-38583,Linux
CVE-2025-38584,Linux
CVE-2025-38585,Linux
CVE-2025-38586,Linux
CVE-2025-38587,Linux
CVE-2025-38588,Linux
CVE-2025-38589,Linux
CVE-2025-38590,Linux
CVE-2025-38591,Linux
CVE-2025-38592,Linux
CVE-2025-38593,Linux
CVE-2025-38594,Linux
CVE-2025-38595,Linux
CVE-2025-38596,Linux
CVE-2025-38597,Linux
CVE-2025-38598,Linux
CVE-2025-38599,Linux
CVE-2025-38600,Linux
CVE-2025-38601,Linux
CVE-2025-38602,Linux
CVE-2025-38604,Linux
CVE-2025-38605,Linux
CVE-2025-38606,Linux
CVE-2025-38607,Linux
CVE-2025-38608,Linux
CVE-2025-38609,Linux
CVE-2025-38610,Linux
CVE-2025-38612,Linux
CVE-2025-38613,Linux
CVE-2025-38614,Linux
CVE-2025-38615,Linux
CVE-2025-38616,Linux
CVE-2025-38617,Linux
CVE-2025-38618,Linux
CVE-2025-38619,Linux
CVE-2025-38620,Linux
CVE-2025-38621,Linux
CVE-2025-38622,Linux
CVE-2025-38623,Linux
CVE-2025-38624,Linux
CVE-2025-38625,Linux
CVE-2025-38626,Linux
CVE-2025-38627,Linux
CVE-2025-38628,Linux
CVE-2025-38629,Linux
CVE-2025-38630,Linux
CVE-2025-38631,Linux
CVE-2025-38632,Linux
CVE-2025-38633,Linux
CVE-2025-38634,Linux
CVE-2025-38635,Linux
CVE-2025-38636,Linux
CVE-2025-38637,Linux
CVE-2025-38638,Linux
CVE-2025-38639,Linux
CVE-2025-38640,Linux
CVE-2025-38641,Linux
CVE-2025-38642,Linux
CVE-2025-38643,Linux
CVE-2025-38644,Linux
CVE-2025-38645,Linux
CVE-2025-38646,Linux
CVE-2025-38647,Linux
CVE-2025-38648,Linux
CVE-2025-38649,Linux
CVE-2025-38650,Linux
CVE-2025-38651,Linux
CVE-2025-38652,Linux
CVE-2025-38653,Linux
CVE-2025-38654,Linux
CVE-2025-38655,Linux
CVE-2025-38656,Linux
CVE-2025-38657,Linux
CVE-2025-38658,Linux
CVE-2025-38659,Linux
CVE-2025-38660,Linux
CVE-2025-38661,Linux
CVE-2025-38662,Linux
CVE-2025-38663,Linux
CVE-2025-38664,Linux
CVE-2025-38665,Linux
CVE-2025-38666,Linux
CVE-2025-38667,Linux
CVE-2025-38668,Linux
CVE-2025-38669,Linux
CVE-2025-38670,Linux
CVE-2025-38671,Linux
CVE-2025-38672,Linux
CVE-2025-38673,Linux
CVE-2025-38674,Linux
CVE-2025-38675,Linux
CVE-2025-38676,Linux
CVE-2025-38677,Linux
CVE-2025-38678,Linux
CVE-2025-38679,Linux
CVE-2025-38680,Linux
CVE-2025-38681,Linux
CVE-2025-38682,Linux
CVE-2025-38683,Linux
CVE-2025-38684,Linux
CVE-2025-38685,Linux
CVE-2025-38686,Linux
CVE-2025-38687,Linux
CVE-2025-38688,Linux
CVE-2025-38689,Linux
CVE-2025-38690,Linux
CVE-2025-38691,Linux
CVE-2025-38692,Linux
CVE-2025-38693,Linux
CVE-2025-38694,Linux
CVE-2025-38695,Linux
CVE-2025-38696,Linux
CVE-2025-38697,Linux
CVE-2025-38698,Linux
CVE-2025-38699,Linux
CVE-2025-38700,Linux
CVE-2025-38701,Linux
CVE-2025-38702,Linux
CVE-2025-38703,Linux
CVE-2025-38704,Linux
CVE-2025-38705,Linux
CVE-2025-38706,Linux
CVE-2025-38707,Linux
CVE-2025-38708,Linux
CVE-2025-38709,Linux
CVE-2025-38710,Linux
CVE-2025-38711,Linux
CVE-2025-38712,Linux
CVE-2025-38713,Linux
CVE-2025-38714,Linux
CVE-2025-38715,Linux
CVE-2025-38716,Linux
CVE-2025-38717,Linux
CVE-2025-38718,Linux
CVE-2025-38719,Linux
CVE-2025-38720,Linux
CVE-2025-38721,Linux
CVE-2025-38722,Linux
CVE-2025-38723,Linux
CVE-2025-38724,Linux
CVE-2025-38725,Linux
CVE-2025-38726,Linux
CVE-2025-38727,Linux
CVE-2025-38728,Linux
CVE-2025-38729,Linux
CVE-2025-38730,Linux
CVE-2025-38731,Linux
CVE-2025-38732,Linux
CVE-2025-38733,Linux
CVE-2025-38734,Linux
CVE-2025-38735,Linux
CVE-2025-38736,Linux
CVE-2025-38737,Linux
CVE-2025-38738,Dell
CVE-2025-38739,Dell
CVE-2025-38741,Dell
CVE-2025-38742,Dell
CVE-2025-38743,Dell
CVE-2025-38745,Dell
CVE-2025-38746,Dell
CVE-2025-38747,Dell
CVE-2025-39201,Hitachi Energy
CVE-2025-39202,Hitachi Energy
CVE-2025-39203,Hitachi Energy
CVE-2025-39204,Hitachi Energy
CVE-2025-39205,Hitachi Energy
CVE-2025-39240,Hikvision
CVE-2025-39245,Hikvision
CVE-2025-39246,Hikvision
CVE-2025-39247,Hikvision
CVE-2025-39348,ThemeGoods
CVE-2025-39349,Potenzaglobalsolutions
CVE-2025-39350,Rocket Apps
CVE-2025-39351,ThemeGoods
CVE-2025-39352,ThemeGoods
CVE-2025-39353,ThemeGoods
CVE-2025-39354,ThemeGoods
CVE-2025-39355,roninwp
CVE-2025-39356,Chimpstudio
CVE-2025-39357,mojoomla
CVE-2025-39358,teastudio.pl
CVE-2025-39359,codeworkweb
CVE-2025-39360,everestthemes
CVE-2025-39361,WP Royal
CVE-2025-39362,Mollie
CVE-2025-39363,AlphaEfficiencyTeam
CVE-2025-39364,PluginEver
CVE-2025-39365,Rocket Apps
CVE-2025-39366,Rocket Apps
CVE-2025-39367,SeventhQueen
CVE-2025-39368,ed4becky
CVE-2025-39369,sihibbs
CVE-2025-39370,cnilsson
CVE-2025-39371,Sanjeev Mohindra
CVE-2025-39372,elbisnero
CVE-2025-39373,jegtheme
CVE-2025-39374,aseem1234
CVE-2025-39375,Ashok G
CVE-2025-39376,QuanticaLabs
CVE-2025-39377,weDevs
CVE-2025-39378,Holest Engineering
CVE-2025-39379,Capturly
CVE-2025-39380,mojoomla
CVE-2025-39381,Kiotviet
CVE-2025-39382,danielpataki
CVE-2025-39383,codeworkweb
CVE-2025-39384,cedcommerce
CVE-2025-39385,vowelweb
CVE-2025-39386,mojoomla
CVE-2025-39387,wpoperations
CVE-2025-39388,Solid Plugins
CVE-2025-39389,Solid Plugins
CVE-2025-39390,magepeopleteam
CVE-2025-39391,zamartz
CVE-2025-39392,mojoomla
CVE-2025-39393,mojoomla
CVE-2025-39394,Solid Plugins
CVE-2025-39395,mojoomla
CVE-2025-39396,Crocoblock
CVE-2025-39397,gopiplus@hotmail.com
CVE-2025-39398,Themovation
CVE-2025-39399,Ashraful Sarkar Naiem
CVE-2025-39400,wpeverest
CVE-2025-39401,mojoomla
CVE-2025-39402,mojoomla
CVE-2025-39403,mojoomla
CVE-2025-39404,Heateor Support
CVE-2025-39405,mojoomla
CVE-2025-39406,mojoomla
CVE-2025-39407,"Caseproof, LLC"
CVE-2025-39408,EverPress
CVE-2025-39409,pressaholic
CVE-2025-39410,themegusta
CVE-2025-39411,Indie_Plugins
CVE-2025-39412,averta
CVE-2025-39413,David Gwyer
CVE-2025-39414,Mike
CVE-2025-39415,Jayesh Parejiya
CVE-2025-39416,Ichi
CVE-2025-39417,Eslam Mahmoud
CVE-2025-39418,ajayver
CVE-2025-39419,David Miller
CVE-2025-39420,ruudkok
CVE-2025-39421,Mustafa KUCUK
CVE-2025-39422,PResponsive
CVE-2025-39423,Jenst
CVE-2025-39424,simplemaps
CVE-2025-39425,pixelgrade
CVE-2025-39426,illow
CVE-2025-39427,Beth Tucker Long
CVE-2025-39428,Maros Pristas
CVE-2025-39429,"Földesi, Mihály"
CVE-2025-39430,Alexander Rauscha
CVE-2025-39431,Aaron Forgue
CVE-2025-39432,antonchanning
CVE-2025-39433,beke_ro
CVE-2025-39434,Scott Taylor
CVE-2025-39435,davidfcarr
CVE-2025-39436,aidraw
CVE-2025-39437,Boone Gorges
CVE-2025-39438,momen2009
CVE-2025-39439,Markus Drubba
CVE-2025-39440,Rajesh
CVE-2025-39441,swedish boy
CVE-2025-39442,MessageMetric
CVE-2025-39443,Soft8Soft LLC
CVE-2025-39444,maxfoundry
CVE-2025-39445,highwarden
CVE-2025-39446,Pluggabl LLC
CVE-2025-39447,Crocoblock
CVE-2025-39448,Crocoblock
CVE-2025-39449,Crocoblock
CVE-2025-39450,Crocoblock
CVE-2025-39451,Crocoblock
CVE-2025-39452,Arraytics
CVE-2025-39453,algol.plus
CVE-2025-39454,Jeroen Peters
CVE-2025-39455,IP2Location
CVE-2025-39456,iTRON
CVE-2025-39457,magepeopleteam
CVE-2025-39458,Mikado-Themes
CVE-2025-39459,contempoinc
CVE-2025-39460,ThimPress
CVE-2025-39461,Nawawi Jamili
CVE-2025-39462,teamzt
CVE-2025-39463,Select-Themes
CVE-2025-39464,rtowebsites
CVE-2025-39465,flippercode
CVE-2025-39466,Mikado-Themes
CVE-2025-39467,Mikado-Themes
CVE-2025-39468,pantherius
CVE-2025-39469,pantherius
CVE-2025-39470,ThimPress
CVE-2025-39471,pantherius
CVE-2025-39472,wpweb
CVE-2025-39473,WebGeniusLab
CVE-2025-39474,ThemeMove
CVE-2025-39475,Frenify
CVE-2025-39476,magentech
CVE-2025-39477,Sfwebservice
CVE-2025-39478,smartiolabs
CVE-2025-39479,smartiolabs
CVE-2025-39480,ThemeMakers
CVE-2025-39481,imithemes
CVE-2025-39482,imithemes
CVE-2025-39483,imithemes
CVE-2025-39484,Waituk
CVE-2025-39485,ThemeGoods
CVE-2025-39486,ValvePress
CVE-2025-39487,ValvePress
CVE-2025-39488,Sneeit
CVE-2025-39489,pebas
CVE-2025-39490,Mikado-Themes
CVE-2025-39491,WHMPress
CVE-2025-39492,WHMPress
CVE-2025-39493,ValvePress
CVE-2025-39494,Mikado-Themes
CVE-2025-39495,BoldThemes
CVE-2025-39496,WBW
CVE-2025-39497,Dokan
CVE-2025-39498,Spotlight
CVE-2025-39499,BoldThemes
CVE-2025-39500,GoodLayers
CVE-2025-39501,GoodLayers
CVE-2025-39502,GoodLayers
CVE-2025-39503,GoodLayers
CVE-2025-39504,GoodLayers
CVE-2025-39505,GoodLayers
CVE-2025-39506,NasaTheme
CVE-2025-39507,NasaTheme
CVE-2025-39508,NasaTheme
CVE-2025-39509,ThemeNcode
CVE-2025-39510,ValvePress
CVE-2025-39511,ValvePress
CVE-2025-39512,Yuya Hoshino
CVE-2025-39513,ActiveDEMAND Online Agency Marketing Automation
CVE-2025-39514,Asgaros
CVE-2025-39515,tnomi
CVE-2025-39516,Alan Petersen
CVE-2025-39517,WP Map Plugins
CVE-2025-39518,RedefiningTheWeb
CVE-2025-39519,runthings.dev
CVE-2025-39520,WP Wham
CVE-2025-39521,Ashish Ajani
CVE-2025-39522,Service2Client LLC
CVE-2025-39523,GoodBarber
CVE-2025-39524,bPlugins
CVE-2025-39525,wpWax
CVE-2025-39526,nicdark
CVE-2025-39527,bestweblayout
CVE-2025-39528,Rescue Themes
CVE-2025-39529,Robin Cornett
CVE-2025-39530,dsky
CVE-2025-39531,slazzercom
CVE-2025-39532,spicethemes
CVE-2025-39533,Starfish Reviews
CVE-2025-39534,Somonator
CVE-2025-39535,appsbd
CVE-2025-39536,Chimpstudio
CVE-2025-39537,Blaze Concepts
CVE-2025-39538,Mathieu Chartier
CVE-2025-39539,brewlabs
CVE-2025-39540,Rhys Wynne
CVE-2025-39541,Roland Murg
CVE-2025-39542,Jauhari Xelion
CVE-2025-39543,WP Royal
CVE-2025-39544,sminozzi
CVE-2025-39545,miniOrange
CVE-2025-39546,quomodosoft
CVE-2025-39547,Toast Plugins
CVE-2025-39548,A WP Life
CVE-2025-39549,whiletrue
CVE-2025-39550,Shahjahan Jewel
CVE-2025-39551,Mahmudul Hasan Arif
CVE-2025-39552,Dylan James
CVE-2025-39553,andy_moyle
CVE-2025-39554,Elliot Sowersby / RelyWP
CVE-2025-39555,andy_moyle
CVE-2025-39556,mediavine
CVE-2025-39557,StellarWP
CVE-2025-39558,CRM Perks
CVE-2025-39559,Eivin Landa
CVE-2025-39560,Shahjada
CVE-2025-39561,"Marketing Fire, LLC"
CVE-2025-39562,codepeople
CVE-2025-39563,WP Trio
CVE-2025-39564,WP Trio
CVE-2025-39565,Melapress
CVE-2025-39566,Bob
CVE-2025-39567,Shamalli
CVE-2025-39568,Arture B.V.
CVE-2025-39569,taskbuilder
CVE-2025-39570,Lomu
CVE-2025-39571,WPXPO
CVE-2025-39572,Noor Alam
CVE-2025-39573,teastudio.pl
CVE-2025-39574,UIUX Lab
CVE-2025-39575,WPSight
CVE-2025-39576,Greg Winiarski
CVE-2025-39577,Property Hive
CVE-2025-39578,CyberChimps
CVE-2025-39579,WP Swings
CVE-2025-39580,jidaikobo
CVE-2025-39581,themifyme
CVE-2025-39582,Passionate Programmer Peter
CVE-2025-39583,Bertha AI – Andrew Palmer
CVE-2025-39584,Arraytics
CVE-2025-39585,Themefic
CVE-2025-39586,Metagauss
CVE-2025-39587,Stylemix
CVE-2025-39588,bdthemes
CVE-2025-39589,WPDeveloper
CVE-2025-39590,WPDeveloper
CVE-2025-39591,WP Shuffle
CVE-2025-39592,WP Shuffle
CVE-2025-39593,EverAccounting
CVE-2025-39594,Bob
CVE-2025-39595,Quentn.com GmbH
CVE-2025-39596,Quentn.com GmbH
CVE-2025-39597,Arthur Yarwood
CVE-2025-39598,Quý Lê 91
CVE-2025-39599,Webilia Inc.
CVE-2025-39600,CRM Perks
CVE-2025-39601,WPFactory
CVE-2025-39602,WC Product Table
CVE-2025-39663,Checkmk GmbH
CVE-2025-39664,Checkmk GmbH
CVE-2025-39665,Nagvis
CVE-2025-39666,Checkmk GmbH
CVE-2025-39673,Linux
CVE-2025-39674,Linux
CVE-2025-39675,Linux
CVE-2025-39676,Linux
CVE-2025-39677,Linux
CVE-2025-39678,Linux
CVE-2025-39679,Linux
CVE-2025-39680,Linux
CVE-2025-39681,Linux
CVE-2025-39682,Linux
CVE-2025-39683,Linux
CVE-2025-39684,Linux
CVE-2025-39685,Linux
CVE-2025-39686,Linux
CVE-2025-39687,Linux
CVE-2025-39688,Linux
CVE-2025-39689,Linux
CVE-2025-39690,Linux
CVE-2025-39691,Linux
CVE-2025-39692,Linux
CVE-2025-39693,Linux
CVE-2025-39694,Linux
CVE-2025-39695,Linux
CVE-2025-39696,Linux
CVE-2025-39697,Linux
CVE-2025-39698,Linux
CVE-2025-39699,Linux
CVE-2025-39700,Linux
CVE-2025-39701,Linux
CVE-2025-39702,Linux
CVE-2025-39703,Linux
CVE-2025-39704,Linux
CVE-2025-39705,Linux
CVE-2025-39706,Linux
CVE-2025-39707,Linux
CVE-2025-39708,Linux
CVE-2025-39709,Linux
CVE-2025-39710,Linux
CVE-2025-39711,Linux
CVE-2025-39712,Linux
CVE-2025-39713,Linux
CVE-2025-39714,Linux
CVE-2025-39715,Linux
CVE-2025-39716,Linux
CVE-2025-39717,Linux
CVE-2025-39718,Linux
CVE-2025-39719,Linux
CVE-2025-39720,Linux
CVE-2025-39721,Linux
CVE-2025-39722,Linux
CVE-2025-39723,Linux
CVE-2025-39724,Linux
CVE-2025-39725,Linux
CVE-2025-39726,Linux
CVE-2025-39727,Linux
CVE-2025-39728,Linux
CVE-2025-39729,Linux
CVE-2025-39730,Linux
CVE-2025-39731,Linux
CVE-2025-39732,Linux
CVE-2025-39733,Linux
CVE-2025-39734,Linux
CVE-2025-39735,Linux
CVE-2025-39736,Linux
CVE-2025-39737,Linux
CVE-2025-39738,Linux
CVE-2025-39739,Linux
CVE-2025-39740,Linux
CVE-2025-39741,Linux
CVE-2025-39742,Linux
CVE-2025-39743,Linux
CVE-2025-39744,Linux
CVE-2025-39745,Linux
CVE-2025-39746,Linux
CVE-2025-39747,Linux
CVE-2025-39748,Linux
CVE-2025-39749,Linux
CVE-2025-39750,Linux
CVE-2025-39752,Linux
CVE-2025-39753,Linux
CVE-2025-39754,Linux
CVE-2025-39755,Linux
CVE-2025-39756,Linux
CVE-2025-39757,Linux
CVE-2025-39758,Linux
CVE-2025-39759,Linux
CVE-2025-39760,Linux
CVE-2025-39761,Linux
CVE-2025-39762,Linux
CVE-2025-39763,Linux
CVE-2025-39764,Linux
CVE-2025-39765,Linux
CVE-2025-39766,Linux
CVE-2025-39767,Linux
CVE-2025-39768,Linux
CVE-2025-39769,Linux
CVE-2025-39770,Linux
CVE-2025-39771,Linux
CVE-2025-39772,Linux
CVE-2025-39773,Linux
CVE-2025-39774,Linux
CVE-2025-39775,Linux
CVE-2025-39776,Linux
CVE-2025-39777,Linux
CVE-2025-39778,Linux
CVE-2025-39779,Linux
CVE-2025-39780,Linux
CVE-2025-39781,Linux
CVE-2025-39782,Linux
CVE-2025-39783,Linux
CVE-2025-39784,Linux
CVE-2025-39785,Linux
CVE-2025-39786,Linux
CVE-2025-39787,Linux
CVE-2025-39788,Linux
CVE-2025-39789,Linux
CVE-2025-39790,Linux
CVE-2025-39791,Linux
CVE-2025-39792,Linux
CVE-2025-39793,Linux
CVE-2025-39794,Linux
CVE-2025-39795,Linux
CVE-2025-39796,Linux
CVE-2025-39797,Linux
CVE-2025-39798,Linux
CVE-2025-39800,Linux
CVE-2025-39801,Linux
CVE-2025-39802,Linux
CVE-2025-39803,Linux
CVE-2025-39804,Linux
CVE-2025-39805,Linux
CVE-2025-39806,Linux
CVE-2025-39807,Linux
CVE-2025-39808,Linux
CVE-2025-39809,Linux
CVE-2025-39810,Linux
CVE-2025-39811,Linux
CVE-2025-39812,Linux
CVE-2025-39813,Linux
CVE-2025-39814,Linux
CVE-2025-39815,Linux
CVE-2025-39816,Linux
CVE-2025-39817,Linux
CVE-2025-39818,Linux
CVE-2025-39819,Linux
CVE-2025-39820,Linux
CVE-2025-39821,Linux
CVE-2025-39822,Linux
CVE-2025-39823,Linux
CVE-2025-39824,Linux
CVE-2025-39825,Linux
CVE-2025-39826,Linux
CVE-2025-39827,Linux
CVE-2025-39828,Linux
CVE-2025-39829,Linux
CVE-2025-39830,Linux
CVE-2025-39831,Linux
CVE-2025-39832,Linux
CVE-2025-39833,Linux
CVE-2025-39834,Linux
CVE-2025-39835,Linux
CVE-2025-39836,Linux
CVE-2025-39837,Linux
CVE-2025-39838,Linux
CVE-2025-39839,Linux
CVE-2025-39840,Linux
CVE-2025-39841,Linux
CVE-2025-39842,Linux
CVE-2025-39843,Linux
CVE-2025-39844,Linux
CVE-2025-39845,Linux
CVE-2025-39846,Linux
CVE-2025-39847,Linux
CVE-2025-39848,Linux
CVE-2025-39849,Linux
CVE-2025-39850,Linux
CVE-2025-39851,Linux
CVE-2025-39852,Linux
CVE-2025-39853,Linux
CVE-2025-39854,Linux
CVE-2025-39855,Linux
CVE-2025-39856,Linux
CVE-2025-39857,Linux
CVE-2025-39858,Linux
CVE-2025-39859,Linux
CVE-2025-39860,Linux
CVE-2025-39861,Linux
CVE-2025-39862,Linux
CVE-2025-39863,Linux
CVE-2025-39864,Linux
CVE-2025-39865,Linux
CVE-2025-39866,Linux
CVE-2025-39868,Linux
CVE-2025-39869,Linux
CVE-2025-39870,Linux
CVE-2025-39871,Linux
CVE-2025-39872,Linux
CVE-2025-39873,Linux
CVE-2025-39874,Linux
CVE-2025-39875,Linux
CVE-2025-39876,Linux
CVE-2025-39877,Linux
CVE-2025-39878,Linux
CVE-2025-39879,Linux
CVE-2025-39880,Linux
CVE-2025-39881,Linux
CVE-2025-39882,Linux
CVE-2025-39883,Linux
CVE-2025-39884,Linux
CVE-2025-39885,Linux
CVE-2025-39886,Linux
CVE-2025-39887,Linux
CVE-2025-39888,Linux
CVE-2025-39889,Linux
CVE-2025-39890,Linux
CVE-2025-39891,Linux
CVE-2025-39892,Linux
CVE-2025-39893,Linux
CVE-2025-39894,Linux
CVE-2025-39895,Linux
CVE-2025-39896,Linux
CVE-2025-39897,Linux
CVE-2025-39899,Linux
CVE-2025-39900,Linux
CVE-2025-39901,Linux
CVE-2025-39902,Linux
CVE-2025-39903,Linux
CVE-2025-39904,Linux
CVE-2025-39905,Linux
CVE-2025-39906,Linux
CVE-2025-39907,Linux
CVE-2025-39908,Linux
CVE-2025-39909,Linux
CVE-2025-39910,Linux
CVE-2025-39911,Linux
CVE-2025-39912,Linux
CVE-2025-39913,Linux
CVE-2025-39914,Linux
CVE-2025-39915,Linux
CVE-2025-39916,Linux
CVE-2025-39917,Linux
CVE-2025-39918,Linux
CVE-2025-39919,Linux
CVE-2025-39920,Linux
CVE-2025-39921,Linux
CVE-2025-39922,Linux
CVE-2025-39923,Linux
CVE-2025-39924,Linux
CVE-2025-39925,Linux
CVE-2025-39926,Linux
CVE-2025-39927,Linux
CVE-2025-39928,Linux
CVE-2025-39929,Linux
CVE-2025-39930,Linux
CVE-2025-39931,Linux
CVE-2025-39932,Linux
CVE-2025-39933,Linux
CVE-2025-39934,Linux
CVE-2025-39935,Linux
CVE-2025-39936,Linux
CVE-2025-39937,Linux
CVE-2025-39938,Linux
CVE-2025-39939,Linux
CVE-2025-39940,Linux
CVE-2025-39941,Linux
CVE-2025-39942,Linux
CVE-2025-39943,Linux
CVE-2025-39944,Linux
CVE-2025-39945,Linux
CVE-2025-39946,Linux
CVE-2025-39947,Linux
CVE-2025-39948,Linux
CVE-2025-39949,Linux
CVE-2025-39950,Linux
CVE-2025-39951,Linux
CVE-2025-39952,Linux
CVE-2025-39953,Linux
CVE-2025-39954,Linux
CVE-2025-39955,Linux
CVE-2025-39956,Linux
CVE-2025-39957,Linux
CVE-2025-39958,Linux
CVE-2025-39959,Linux
CVE-2025-39960,Linux
CVE-2025-39961,Linux
CVE-2025-39962,Linux
CVE-2025-39963,Linux
CVE-2025-39964,Linux
CVE-2025-39965,Linux
CVE-2025-39966,Linux
CVE-2025-39967,Linux
CVE-2025-39968,Linux
CVE-2025-39969,Linux
CVE-2025-39970,Linux
CVE-2025-39971,Linux
CVE-2025-39972,Linux
CVE-2025-39973,Linux
CVE-2025-39974,Linux
CVE-2025-39975,Linux
CVE-2025-39976,Linux
CVE-2025-39977,Linux
CVE-2025-39978,Linux
CVE-2025-39979,Linux
CVE-2025-39980,Linux
CVE-2025-39981,Linux
CVE-2025-39982,Linux
CVE-2025-39983,Linux
CVE-2025-39984,Linux
CVE-2025-39985,Linux
CVE-2025-39986,Linux
CVE-2025-39987,Linux
CVE-2025-39988,Linux
CVE-2025-39989,Linux
CVE-2025-39990,Linux
CVE-2025-39991,Linux
CVE-2025-39992,Linux
CVE-2025-39993,Linux
CVE-2025-39994,Linux
CVE-2025-39995,Linux
CVE-2025-39996,Linux
CVE-2025-39997,Linux
CVE-2025-39998,Linux
CVE-2025-39999,Linux
CVE-2025-40000,Linux
CVE-2025-40001,Linux
CVE-2025-40002,Linux
CVE-2025-40003,Linux
CVE-2025-40004,Linux
CVE-2025-40005,Linux
CVE-2025-40006,Linux
CVE-2025-40007,Linux
CVE-2025-40008,Linux
CVE-2025-40009,Linux
CVE-2025-40010,Linux
CVE-2025-40011,Linux
CVE-2025-40012,Linux
CVE-2025-40013,Linux
CVE-2025-40014,Linux
CVE-2025-40015,Linux
CVE-2025-40016,Linux
CVE-2025-40017,Linux
CVE-2025-40018,Linux
CVE-2025-40019,Linux
CVE-2025-40020,Linux
CVE-2025-40021,Linux
CVE-2025-40022,Linux
CVE-2025-40023,Linux
CVE-2025-40024,Linux
CVE-2025-40025,Linux
CVE-2025-40026,Linux
CVE-2025-40027,Linux
CVE-2025-40028,Linux
CVE-2025-40029,Linux
CVE-2025-40030,Linux
CVE-2025-40031,Linux
CVE-2025-40032,Linux
CVE-2025-40033,Linux
CVE-2025-40034,Linux
CVE-2025-40035,Linux
CVE-2025-40036,Linux
CVE-2025-40037,Linux
CVE-2025-40038,Linux
CVE-2025-40039,Linux
CVE-2025-40040,Linux
CVE-2025-40041,Linux
CVE-2025-40042,Linux
CVE-2025-40043,Linux
CVE-2025-40044,Linux
CVE-2025-40045,Linux
CVE-2025-40046,Linux
CVE-2025-40047,Linux
CVE-2025-40048,Linux
CVE-2025-40049,Linux
CVE-2025-40050,Linux
CVE-2025-40051,Linux
CVE-2025-40052,Linux
CVE-2025-40053,Linux
CVE-2025-40054,Linux
CVE-2025-40055,Linux
CVE-2025-40056,Linux
CVE-2025-40057,Linux
CVE-2025-40058,Linux
CVE-2025-40059,Linux
CVE-2025-40060,Linux
CVE-2025-40061,Linux
CVE-2025-40062,Linux
CVE-2025-40063,Linux
CVE-2025-40064,Linux
CVE-2025-40065,Linux
CVE-2025-40066,Linux
CVE-2025-40067,Linux
CVE-2025-40068,Linux
CVE-2025-40069,Linux
CVE-2025-40070,Linux
CVE-2025-40071,Linux
CVE-2025-40072,Linux
CVE-2025-40073,Linux
CVE-2025-40074,Linux
CVE-2025-40075,Linux
CVE-2025-40076,Linux
CVE-2025-40077,Linux
CVE-2025-40078,Linux
CVE-2025-40079,Linux
CVE-2025-40080,Linux
CVE-2025-40081,Linux
CVE-2025-40082,Linux
CVE-2025-40083,Linux
CVE-2025-40084,Linux
CVE-2025-40085,Linux
CVE-2025-40086,Linux
CVE-2025-40087,Linux
CVE-2025-40088,Linux
CVE-2025-40089,Linux
CVE-2025-40090,Linux
CVE-2025-40091,Linux
CVE-2025-40092,Linux
CVE-2025-40093,Linux
CVE-2025-40094,Linux
CVE-2025-40095,Linux
CVE-2025-40096,Linux
CVE-2025-40097,Linux
CVE-2025-40098,Linux
CVE-2025-40099,Linux
CVE-2025-40100,Linux
CVE-2025-40101,Linux
CVE-2025-40102,Linux
CVE-2025-40103,Linux
CVE-2025-40104,Linux
CVE-2025-40105,Linux
CVE-2025-40106,Linux
CVE-2025-40107,Linux
CVE-2025-40108,Linux
CVE-2025-40109,Linux
CVE-2025-40110,Linux
CVE-2025-40111,Linux
CVE-2025-40112,Linux
CVE-2025-40113,Linux
CVE-2025-40114,Linux
CVE-2025-40115,Linux
CVE-2025-40116,Linux
CVE-2025-40117,Linux
CVE-2025-40118,Linux
CVE-2025-40119,Linux
CVE-2025-40120,Linux
CVE-2025-40121,Linux
CVE-2025-40122,Linux
CVE-2025-40123,Linux
CVE-2025-40124,Linux
CVE-2025-40125,Linux
CVE-2025-40126,Linux
CVE-2025-40127,Linux
CVE-2025-40129,Linux
CVE-2025-40130,Linux
CVE-2025-40131,Linux
CVE-2025-40132,Linux
CVE-2025-40133,Linux
CVE-2025-40134,Linux
CVE-2025-40135,Linux
CVE-2025-40136,Linux
CVE-2025-40137,Linux
CVE-2025-40138,Linux
CVE-2025-40139,Linux
CVE-2025-40140,Linux
CVE-2025-40141,Linux
CVE-2025-40142,Linux
CVE-2025-40143,Linux
CVE-2025-40145,Linux
CVE-2025-40146,Linux
CVE-2025-40147,Linux
CVE-2025-40148,Linux
CVE-2025-40149,Linux
CVE-2025-40150,Linux
CVE-2025-40151,Linux
CVE-2025-40152,Linux
CVE-2025-40153,Linux
CVE-2025-40154,Linux
CVE-2025-40155,Linux
CVE-2025-40156,Linux
CVE-2025-40157,Linux
CVE-2025-40158,Linux
CVE-2025-40159,Linux
CVE-2025-40160,Linux
CVE-2025-40161,Linux
CVE-2025-40162,Linux
CVE-2025-40163,Linux
CVE-2025-40164,Linux
CVE-2025-40165,Linux
CVE-2025-40166,Linux
CVE-2025-40167,Linux
CVE-2025-40168,Linux
CVE-2025-40169,Linux
CVE-2025-40170,Linux
CVE-2025-40171,Linux
CVE-2025-40172,Linux
CVE-2025-40173,Linux
CVE-2025-40174,Linux
CVE-2025-40175,Linux
CVE-2025-40176,Linux
CVE-2025-40177,Linux
CVE-2025-40178,Linux
CVE-2025-40179,Linux
CVE-2025-40180,Linux
CVE-2025-40181,Linux
CVE-2025-40182,Linux
CVE-2025-40183,Linux
CVE-2025-40184,Linux
CVE-2025-40185,Linux
CVE-2025-40186,Linux
CVE-2025-40187,Linux
CVE-2025-40188,Linux
CVE-2025-40189,Linux
CVE-2025-40190,Linux
CVE-2025-40191,Linux
CVE-2025-40192,Linux
CVE-2025-40193,Linux
CVE-2025-40194,Linux
CVE-2025-40195,Linux
CVE-2025-40196,Linux
CVE-2025-40197,Linux
CVE-2025-40198,Linux
CVE-2025-40199,Linux
CVE-2025-40200,Linux
CVE-2025-40201,Linux
CVE-2025-40202,Linux
CVE-2025-40203,Linux
CVE-2025-40204,Linux
CVE-2025-40205,Linux
CVE-2025-40206,Linux
CVE-2025-40207,Linux
CVE-2025-40208,Linux
CVE-2025-40209,Linux
CVE-2025-40210,Linux
CVE-2025-40211,Linux
CVE-2025-40212,Linux
CVE-2025-40213,Linux
CVE-2025-40214,Linux
CVE-2025-40215,Linux
CVE-2025-40216,Linux
CVE-2025-40217,Linux
CVE-2025-40218,Linux
CVE-2025-40219,Linux
CVE-2025-40220,Linux
CVE-2025-40221,Linux
CVE-2025-40222,Linux
CVE-2025-40223,Linux
CVE-2025-40224,Linux
CVE-2025-40225,Linux
CVE-2025-40226,Linux
CVE-2025-40227,Linux
CVE-2025-40228,Linux
CVE-2025-40229,Linux
CVE-2025-40230,Linux
CVE-2025-40231,Linux
CVE-2025-40232,Linux
CVE-2025-40233,Linux
CVE-2025-40234,Linux
CVE-2025-40235,Linux
CVE-2025-40236,Linux
CVE-2025-40237,Linux
CVE-2025-40238,Linux
CVE-2025-40239,Linux
CVE-2025-40240,Linux
CVE-2025-40241,Linux
CVE-2025-40242,Linux
CVE-2025-40243,Linux
CVE-2025-40244,Linux
CVE-2025-40245,Linux
CVE-2025-40246,Linux
CVE-2025-40247,Linux
CVE-2025-40248,Linux
CVE-2025-40249,Linux
CVE-2025-40250,Linux
CVE-2025-40251,Linux
CVE-2025-40252,Linux
CVE-2025-40253,Linux
CVE-2025-40254,Linux
CVE-2025-40255,Linux
CVE-2025-40256,Linux
CVE-2025-40257,Linux
CVE-2025-40258,Linux
CVE-2025-40259,Linux
CVE-2025-40260,Linux
CVE-2025-40261,Linux
CVE-2025-40262,Linux
CVE-2025-40263,Linux
CVE-2025-40264,Linux
CVE-2025-40265,Linux
CVE-2025-40266,Linux
CVE-2025-40267,Linux
CVE-2025-40268,Linux
CVE-2025-40269,Linux
CVE-2025-40270,Linux
CVE-2025-40271,Linux
CVE-2025-40272,Linux
CVE-2025-40273,Linux
CVE-2025-40274,Linux
CVE-2025-40275,Linux
CVE-2025-40276,Linux
CVE-2025-40277,Linux
CVE-2025-40278,Linux
CVE-2025-40279,Linux
CVE-2025-40280,Linux
CVE-2025-40281,Linux
CVE-2025-40282,Linux
CVE-2025-40283,Linux
CVE-2025-40284,Linux
CVE-2025-40285,Linux
CVE-2025-40286,Linux
CVE-2025-40287,Linux
CVE-2025-40288,Linux
CVE-2025-40289,Linux
CVE-2025-40290,Linux
CVE-2025-40291,Linux
CVE-2025-40292,Linux
CVE-2025-40293,Linux
CVE-2025-40294,Linux
CVE-2025-40295,Linux
CVE-2025-40296,Linux
CVE-2025-40297,Linux
CVE-2025-40298,Linux
CVE-2025-40299,Linux
CVE-2025-40300,Linux
CVE-2025-40301,Linux
CVE-2025-40302,Linux
CVE-2025-40303,Linux
CVE-2025-40304,Linux
CVE-2025-40305,Linux
CVE-2025-40306,Linux
CVE-2025-40307,Linux
CVE-2025-40308,Linux
CVE-2025-40309,Linux
CVE-2025-40310,Linux
CVE-2025-40311,Linux
CVE-2025-40312,Linux
CVE-2025-40313,Linux
CVE-2025-40314,Linux
CVE-2025-40315,Linux
CVE-2025-40316,Linux
CVE-2025-40317,Linux
CVE-2025-40318,Linux
CVE-2025-40319,Linux
CVE-2025-40320,Linux
CVE-2025-40321,Linux
CVE-2025-40322,Linux
CVE-2025-40323,Linux
CVE-2025-40324,Linux
CVE-2025-40325,Linux
CVE-2025-40326,Linux
CVE-2025-40327,Linux
CVE-2025-40328,Linux
CVE-2025-40329,Linux
CVE-2025-40330,Linux
CVE-2025-40331,Linux
CVE-2025-40332,Linux
CVE-2025-40333,Linux
CVE-2025-40334,Linux
CVE-2025-40335,Linux
CVE-2025-40336,Linux
CVE-2025-40337,Linux
CVE-2025-40338,Linux
CVE-2025-40339,Linux
CVE-2025-40340,Linux
CVE-2025-40341,Linux
CVE-2025-40342,Linux
CVE-2025-40343,Linux
CVE-2025-40344,Linux
CVE-2025-40345,Linux
CVE-2025-40346,Linux
CVE-2025-40347,Linux
CVE-2025-40348,Linux
CVE-2025-40349,Linux
CVE-2025-40350,Linux
CVE-2025-40351,Linux
CVE-2025-40352,Linux
CVE-2025-40353,Linux
CVE-2025-40354,Linux
CVE-2025-40355,Linux
CVE-2025-40356,Linux
CVE-2025-40357,Linux
CVE-2025-40358,Linux
CVE-2025-40359,Linux
CVE-2025-40360,Linux
CVE-2025-40362,Linux
CVE-2025-40363,Linux
CVE-2025-40364,Linux
CVE-2025-40536,SolarWinds
CVE-2025-40537,SolarWinds
CVE-2025-40538,SolarWinds
CVE-2025-40539,SolarWinds
CVE-2025-40540,SolarWinds
CVE-2025-40541,SolarWinds
CVE-2025-40545,SolarWinds
CVE-2025-40547,SolarWinds
CVE-2025-40548,SolarWinds
CVE-2025-40549,SolarWinds
CVE-2025-40551,SolarWinds
CVE-2025-40552,SolarWinds
CVE-2025-40553,SolarWinds
CVE-2025-40554,SolarWinds
CVE-2025-40555,Siemens
CVE-2025-40556,Siemens
CVE-2025-40566,Siemens
CVE-2025-40567,Siemens
CVE-2025-40568,Siemens
CVE-2025-40569,Siemens
CVE-2025-40570,Siemens
CVE-2025-40571,Siemens
CVE-2025-40572,Siemens
CVE-2025-40573,Siemens
CVE-2025-40574,Siemens
CVE-2025-40575,Siemens
CVE-2025-40576,Siemens
CVE-2025-40577,Siemens
CVE-2025-40578,Siemens
CVE-2025-40579,Siemens
CVE-2025-40580,Siemens
CVE-2025-40581,Siemens
CVE-2025-40582,Siemens
CVE-2025-40583,Siemens
CVE-2025-40584,Siemens
CVE-2025-40585,Siemens
CVE-2025-40587,Siemens
CVE-2025-40591,Siemens
CVE-2025-40592,Siemens
CVE-2025-40593,Siemens
CVE-2025-40594,Siemens
CVE-2025-40595,SonicWall
CVE-2025-40596,SonicWall
CVE-2025-40597,SonicWall
CVE-2025-40598,SonicWall
CVE-2025-40599,SonicWall
CVE-2025-40600,SonicWall
CVE-2025-40601,SonicWall
CVE-2025-40602,SonicWall
CVE-2025-40603,SonicWall
CVE-2025-40604,SonicWall
CVE-2025-40605,SonicWall
CVE-2025-40615,Bookgy
CVE-2025-40616,Bookgy
CVE-2025-40617,Bookgy
CVE-2025-40618,Bookgy
CVE-2025-40619,Bookgy
CVE-2025-40620,TCMAN
CVE-2025-40621,TCMAN
CVE-2025-40622,TCMAN
CVE-2025-40623,TCMAN
CVE-2025-40624,TCMAN
CVE-2025-40625,TCMAN
CVE-2025-40626,AbanteCart
CVE-2025-40627,AbanteCart
CVE-2025-40628,DomainsPRO
CVE-2025-40629,PNETLab
CVE-2025-40630,Icewarp
CVE-2025-40631,Icewarp
CVE-2025-40632,Icewarp
CVE-2025-40633,Koibox
CVE-2025-40634,TP-Link
CVE-2025-40635,Comerzzia
CVE-2025-40636,mod_vvisit_counter
CVE-2025-40638,EVENTOBOT
CVE-2025-40639,EVENTOBOT
CVE-2025-40640,Status Tracker
CVE-2025-40641,Multi-Purpose Inventory Management System
CVE-2025-40642,WebWork
CVE-2025-40643,Status Tracker
CVE-2025-40644,Riftzilla
CVE-2025-40645,ViDay
CVE-2025-40646,ViDay
CVE-2025-40647,"Issabel, issabel-agenda module"
CVE-2025-40647,issabel-pbx module
CVE-2025-40648,"Issabel, issabel-agenda module"
CVE-2025-40648,issabel-pbx module
CVE-2025-40649,BBMRI-ERIC
CVE-2025-40650,Clickedu
CVE-2025-40651,Real Easy Store
CVE-2025-40652,CoverManager
CVE-2025-40653,M3M
CVE-2025-40654,Dmacroweb
CVE-2025-40655,Dmacroweb
CVE-2025-40656,Dmacroweb
CVE-2025-40657,Dmacroweb
CVE-2025-40658,Dmacroweb
CVE-2025-40659,Dmacroweb
CVE-2025-40660,Dmacroweb
CVE-2025-40661,Dmacroweb
CVE-2025-40662,Dmacroweb
CVE-2025-40663,i2A
CVE-2025-40664,TCMAN
CVE-2025-40665,TCMAN
CVE-2025-40666,TCMAN
CVE-2025-40667,TCMAN
CVE-2025-40668,TCMAN
CVE-2025-40669,TCMAN
CVE-2025-40670,TCMAN
CVE-2025-40671,AES Multimedia
CVE-2025-40672,Grupo Espiral MS
CVE-2025-40673,DinoRANK
CVE-2025-40674,osCommerce
CVE-2025-40675,Bagisto
CVE-2025-40676,BBMRI-ERIC
CVE-2025-40677,Summar Software
CVE-2025-40678,Summar Software
CVE-2025-40679,Bdtask
CVE-2025-40680,Capillary io
CVE-2025-40681,xCally
CVE-2025-40682,Human Resource Management System
CVE-2025-40683,Human Resource Management System
CVE-2025-40684,Human Resource Management System
CVE-2025-40685,Human Resource Management System
CVE-2025-40686,Human Resource Management System
CVE-2025-40687,PHPGurukul
CVE-2025-40689,PHPGurukul
CVE-2025-40690,PHPGurukul
CVE-2025-40691,PHPGurukul
CVE-2025-40692,PHPGurukul
CVE-2025-40693,PHPGurukul
CVE-2025-40694,PHPGurukul
CVE-2025-40695,PHPGurukul
CVE-2025-40696,PHPGurukul
CVE-2025-40697,Lewe
CVE-2025-40698,Nedatec Consulting
CVE-2025-40700,IDI Eikon
CVE-2025-40701,SOTE
CVE-2025-40702,ACDH-CH
CVE-2025-40703,ACDH-CH
CVE-2025-40704,ACDH-CH
CVE-2025-40705,ACDH-CH
CVE-2025-40706,ACDH-CH
CVE-2025-40707,ACDH-CH
CVE-2025-40708,ACDH-CH
CVE-2025-40709,ACDH-CH
CVE-2025-40710,Hotspot Shield
CVE-2025-40711,Quiter
CVE-2025-40712,Quiter
CVE-2025-40713,Quiter
CVE-2025-40714,Quiter
CVE-2025-40715,Quiter
CVE-2025-40716,Quiter
CVE-2025-40717,Quiter
CVE-2025-40718,Quiter
CVE-2025-40719,Quiter
CVE-2025-40720,Quiter
CVE-2025-40721,Quiter
CVE-2025-40722,Flatboard Pro
CVE-2025-40723,Flatboard Pro
CVE-2025-40724,Pharmacy POS PHP Script
CVE-2025-40725,Azon Dominator
CVE-2025-40726,Nosto
CVE-2025-40727,Phoenix BV
CVE-2025-40728,Customer Support System
CVE-2025-40729,Customer Support System
CVE-2025-40730,Vox Media
CVE-2025-40731,Daily Expense Manager
CVE-2025-40732,Daily Expense Manager
CVE-2025-40733,Daily Expense Manager
CVE-2025-40734,Daily Expense Manager
CVE-2025-40735,Siemens
CVE-2025-40736,Siemens
CVE-2025-40737,Siemens
CVE-2025-40738,Siemens
CVE-2025-40739,Siemens
CVE-2025-40740,Siemens
CVE-2025-40741,Siemens
CVE-2025-40742,Siemens
CVE-2025-40743,Siemens
CVE-2025-40744,Siemens
CVE-2025-40745,Siemens
CVE-2025-40746,Siemens
CVE-2025-40751,Siemens
CVE-2025-40752,Siemens
CVE-2025-40753,Siemens
CVE-2025-40755,Siemens
CVE-2025-40757,Siemens
CVE-2025-40758,Siemens
CVE-2025-40759,Siemens
CVE-2025-40760,Siemens
CVE-2025-40761,Siemens
CVE-2025-40762,Siemens
CVE-2025-40763,Siemens
CVE-2025-40764,Siemens
CVE-2025-40765,Siemens
CVE-2025-40766,Siemens
CVE-2025-40767,Siemens
CVE-2025-40768,Siemens
CVE-2025-40769,Siemens
CVE-2025-40770,Siemens
CVE-2025-40771,Siemens
CVE-2025-40772,Siemens
CVE-2025-40773,Siemens
CVE-2025-40774,Siemens
CVE-2025-40775,ISC
CVE-2025-40776,ISC
CVE-2025-40777,ISC
CVE-2025-40778,ISC
CVE-2025-40779,ISC
CVE-2025-40780,ISC
CVE-2025-40795,Siemens
CVE-2025-40796,Siemens
CVE-2025-40797,Siemens
CVE-2025-40798,Siemens
CVE-2025-40800,Siemens
CVE-2025-40801,Siemens
CVE-2025-40802,Siemens
CVE-2025-40803,Siemens
CVE-2025-40804,Siemens
CVE-2025-40805,Siemens
CVE-2025-40806,Siemens
CVE-2025-40807,Siemens
CVE-2025-40808,Siemens
CVE-2025-40809,Siemens
CVE-2025-40810,Siemens
CVE-2025-40811,Siemens
CVE-2025-40812,Siemens
CVE-2025-40815,Siemens
CVE-2025-40816,Siemens
CVE-2025-40817,Siemens
CVE-2025-40818,Siemens
CVE-2025-40819,Siemens
CVE-2025-40820,Siemens
CVE-2025-40827,Siemens
CVE-2025-40829,Siemens
CVE-2025-40830,Siemens
CVE-2025-40831,Siemens
CVE-2025-40833,Siemens
CVE-2025-40834,Siemens
CVE-2025-40836,Ericsson
CVE-2025-40837,Ericsson
CVE-2025-40838,Ericsson
CVE-2025-40841,Ericsson
CVE-2025-40842,Ericsson
CVE-2025-40843,Ericsson
CVE-2025-40846,HaloITSM
CVE-2025-40885,Nozomi Networks
CVE-2025-40886,Nozomi Networks
CVE-2025-40887,Nozomi Networks
CVE-2025-40888,Nozomi Networks
CVE-2025-40889,Nozomi Networks
CVE-2025-40890,Nozomi Networks
CVE-2025-40891,Nozomi Networks
CVE-2025-40892,Nozomi Networks
CVE-2025-40893,Nozomi Networks
CVE-2025-40894,Nozomi Networks
CVE-2025-40895,Nozomi Networks
CVE-2025-40896,Nozomi Networks
CVE-2025-40897,Nozomi Networks
CVE-2025-40898,Nozomi Networks
CVE-2025-40899,Nozomi Networks
CVE-2025-40900,Nozomi Networks
CVE-2025-40901,Nozomi Networks
CVE-2025-40902,Nozomi Networks
CVE-2025-40903,Nozomi Networks
CVE-2025-40904,Nozomi Networks
CVE-2025-40905,DBOOK
CVE-2025-40906,MONGODB
CVE-2025-40907,ETHER
CVE-2025-40908,TINITA
CVE-2025-40909,perl
CVE-2025-40910,TPODER
CVE-2025-40911,RRWO
CVE-2025-40912,MIK
CVE-2025-40913,ATRODO
CVE-2025-40914,MIK
CVE-2025-40915,GRYPHON
CVE-2025-40916,GRYPHON
CVE-2025-40918,EHUELS
CVE-2025-40919,SALVA
CVE-2025-40920,ETHER
CVE-2025-40923,MIYAGAWA
CVE-2025-40924,HAARG
CVE-2025-40925,BLUEFEET
CVE-2025-40926,KAZEBURO
CVE-2025-40927,MANWAR
CVE-2025-40928,MLEHMANN
CVE-2025-40929,RURBAN
CVE-2025-40930,PJUHASZ
CVE-2025-40931,CHORNY
CVE-2025-40932,GRICHTER
CVE-2025-40933,KGOLDOV
CVE-2025-40934,TIMLEGGE
CVE-2025-40935,Siemens
CVE-2025-40936,Siemens
CVE-2025-40937,Siemens
CVE-2025-40938,Siemens
CVE-2025-40939,Siemens
CVE-2025-40940,Siemens
CVE-2025-40941,Siemens
CVE-2025-40942,Siemens
CVE-2025-40943,Siemens
CVE-2025-40944,Siemens
CVE-2025-40945,Siemens
CVE-2025-40946,Siemens
CVE-2025-40947,Siemens
CVE-2025-40948,Siemens
CVE-2025-40949,Siemens
CVE-2025-40975,WorkDo
CVE-2025-40976,WorkDo
CVE-2025-40977,WorkDo
CVE-2025-40978,WorkDo
CVE-2025-40979,Grandstream Networks
CVE-2025-40980,UltimateFosters
CVE-2025-40985,SCATI
CVE-2025-40986,PideTuCita
CVE-2025-40989,Creativeitem
CVE-2025-40990,Creativeitem
CVE-2025-40991,Creativeitem
CVE-2025-40992,Creativeitem
CVE-2025-41000,BoomCMS
CVE-2025-41001,SOPlanning
CVE-2025-41002,MANANTIAL DE IDEAS
CVE-2025-41003,Imaster
CVE-2025-41004,Imaster
CVE-2025-41005,Imaster
CVE-2025-41006,Imaster
CVE-2025-41007,Cuantis
CVE-2025-41008,Sinturno
CVE-2025-41009,Disenno de Recursos Educativos S.L
CVE-2025-41010,Hiberus
CVE-2025-41011,PHP Point Of Sale
CVE-2025-41012,TCMAN
CVE-2025-41013,TCMAN
CVE-2025-41014,TCMAN
CVE-2025-41015,TCMAN
CVE-2025-41016,Davantis
CVE-2025-41017,Davantis
CVE-2025-41018,Sergestec
CVE-2025-41019,Sergestec
CVE-2025-41020,Sergestec
CVE-2025-41021,Sergestec
CVE-2025-41023,Thesamur
CVE-2025-41024,Poultry Farm Management System
CVE-2025-41025,Poultry Farm Management System
CVE-2025-41026,GDTaller
CVE-2025-41027,GDTaller
CVE-2025-41028,Grupo Castilla
CVE-2025-41029,Zeon Global Tech
CVE-2025-41030,T-INNOVA
CVE-2025-41031,T-INNOVA
CVE-2025-41032,appRain
CVE-2025-41033,appRain
CVE-2025-41034,appRain
CVE-2025-41035,appRain
CVE-2025-41036,appRain
CVE-2025-41037,appRain
CVE-2025-41038,appRain
CVE-2025-41039,appRain
CVE-2025-41040,appRain
CVE-2025-41041,appRain
CVE-2025-41042,appRain
CVE-2025-41043,appRain
CVE-2025-41044,appRain
CVE-2025-41045,appRain
CVE-2025-41046,appRain
CVE-2025-41047,appRain
CVE-2025-41048,appRain
CVE-2025-41049,appRain
CVE-2025-41050,appRain
CVE-2025-41051,appRain
CVE-2025-41052,appRain
CVE-2025-41053,appRain
CVE-2025-41054,appRain
CVE-2025-41055,appRain
CVE-2025-41056,appRain
CVE-2025-41057,appRain
CVE-2025-41058,appRain
CVE-2025-41059,appRain
CVE-2025-41060,appRain
CVE-2025-41061,appRain
CVE-2025-41062,appRain
CVE-2025-41063,appRain
CVE-2025-41064,GTT
CVE-2025-41065,Luna Imaging
CVE-2025-41066,Horde
CVE-2025-41067,NewPlane
CVE-2025-41068,NewPlane
CVE-2025-41069,T-Innova DeporSite
CVE-2025-41070,Sanoma
CVE-2025-41073,TESI
CVE-2025-41074,LimeSurvey
CVE-2025-41075,LimeSurvey
CVE-2025-41076,LimeSurvey
CVE-2025-41077,Viafirma
CVE-2025-41078,Viafirma
CVE-2025-41079,Seafile
CVE-2025-41080,Seafile
CVE-2025-41081,Zuinq Studio
CVE-2025-41082,Altitude
CVE-2025-41083,Altitude
CVE-2025-41084,SESAME LABS S.L
CVE-2025-41085,Apidog
CVE-2025-41086,AMS Development Corp.
CVE-2025-41087,Taclia
CVE-2025-41088,Xibo Signage
CVE-2025-41089,Xibo Signage
CVE-2025-41090,CCN-CERT
CVE-2025-41091,GLOBAL PLANNING SOLUTIONS S.L (GPS)
CVE-2025-41092,GLOBAL PLANNING SOLUTIONS S.L (GPS)
CVE-2025-41093,GLOBAL PLANNING SOLUTIONS S.L (GPS)
CVE-2025-41094,GLOBAL PLANNING SOLUTIONS S.L (GPS)
CVE-2025-41095,GLOBAL PLANNING SOLUTIONS S.L (GPS)
CVE-2025-41096,GLOBAL PLANNING SOLUTIONS S.L (GPS)
CVE-2025-41097,GLOBAL PLANNING SOLUTIONS S.L (GPS)
CVE-2025-41098,GLOBAL PLANNING SOLUTIONS S.L (GPS)
CVE-2025-41099,GLOBAL PLANNING SOLUTIONS S.L (GPS)
CVE-2025-41100,ParkingDoor
CVE-2025-41101,Fairsketch
CVE-2025-41102,Fairsketch
CVE-2025-41103,Fairsketch
CVE-2025-41104,Fairsketch
CVE-2025-41105,Fairsketch
CVE-2025-41106,Fairsketch
CVE-2025-41107,QDOCS
CVE-2025-41108,Ghost Robotics
CVE-2025-41109,Ghost Robotics
CVE-2025-41110,Ghost Robotics
CVE-2025-41111,CanalDenuncia
CVE-2025-41112,CanalDenuncia
CVE-2025-41113,CanalDenuncia
CVE-2025-41114,CanalDenuncia
CVE-2025-41115,Grafana
CVE-2025-41116,Grafana Labs
CVE-2025-41117,Grafana
CVE-2025-41118,Grafana
CVE-2025-41222,Siemens
CVE-2025-41223,Siemens
CVE-2025-41224,Siemens
CVE-2025-41225,VMware
CVE-2025-41226,VMware
CVE-2025-41227,VMware
CVE-2025-41228,VMware
CVE-2025-41229,VMware
CVE-2025-41230,VMware
CVE-2025-41232,Spring
CVE-2025-41233,VMware
CVE-2025-41234,VMware
CVE-2025-41235,VMware
CVE-2025-41236,VMware
CVE-2025-41237,VMware
CVE-2025-41238,VMware
CVE-2025-41239,VMware
CVE-2025-41240,VMware
CVE-2025-41241,VMware
CVE-2025-41242,VMware
CVE-2025-41243,Spring
CVE-2025-41244,VMware
CVE-2025-41245,VMware
CVE-2025-41246,VMware
CVE-2025-41248,VMware
CVE-2025-41249,VMware
CVE-2025-41250,VMware
CVE-2025-41251,vmware
CVE-2025-41252,VMware
CVE-2025-41253,VMware
CVE-2025-41254,VMware
CVE-2025-41255,iterate GmbH
CVE-2025-41256,iterate GmbH
CVE-2025-41257,Suprema
CVE-2025-41258,danny-avila
CVE-2025-41259,sbabic
CVE-2025-41265,Waterfall
CVE-2025-41266,Waterfall
CVE-2025-41267,Waterfall
CVE-2025-41268,Waterfall
CVE-2025-41269,Waterfall
CVE-2025-41270,Waterfall
CVE-2025-41271,Waterfall
CVE-2025-41272,Waterfall
CVE-2025-41273,Waterfall
CVE-2025-41274,Waterfall
CVE-2025-41275,Waterfall
CVE-2025-41276,Waterfall
CVE-2025-41277,Waterfall
CVE-2025-41278,Waterfall
CVE-2025-41279,Waterfall
CVE-2025-41280,Waterfall
CVE-2025-41281,Waterfall
CVE-2025-41335,CanalDenuncia
CVE-2025-41336,CanalDenuncia
CVE-2025-41337,CanalDenuncia
CVE-2025-41338,CanalDenuncia
CVE-2025-41339,CanalDenuncia
CVE-2025-41340,CanalDenuncia
CVE-2025-41341,CanalDenuncia
CVE-2025-41342,CanalDenuncia
CVE-2025-41343,CanalDenuncia
CVE-2025-41344,CanalDenuncia
CVE-2025-41345,CanalDenuncia
CVE-2025-41346,Informatica del Este
CVE-2025-41347,Informatica del Este
CVE-2025-41348,Informatica del Este
CVE-2025-41349,Informatica del Este
CVE-2025-41350,Informatica del Este
CVE-2025-41351,Funambol
CVE-2025-41355,Anon Proxy Server
CVE-2025-41356,Anon Proxy Server
CVE-2025-41357,Anon Proxy Server
CVE-2025-41358,CronosWeb i2A
CVE-2025-41359,Smallsrv
CVE-2025-41360,ZIV
CVE-2025-41361,ZIV
CVE-2025-41362,ZIV
CVE-2025-41363,ZIV
CVE-2025-41364,ZIV
CVE-2025-41365,ZIV
CVE-2025-41366,ZIV
CVE-2025-41367,ZIV
CVE-2025-41368,Smallsrv
CVE-2025-41370,TESI
CVE-2025-41371,TESI
CVE-2025-41372,TESI
CVE-2025-41373,TESI
CVE-2025-41374,TESI
CVE-2025-41375,LimeSurvey
CVE-2025-41376,LimeSurvey
CVE-2025-41377,TESI
CVE-2025-41378,Intellian Technologies
CVE-2025-41379,Intellian Technologies
CVE-2025-41380,Intellian Technologies
CVE-2025-41384,SuiteCRM
CVE-2025-41385,"UCHIDA YOKO CO., LTD."
CVE-2025-41388,Fuji Electric
CVE-2025-41390,Truffle Security Co.
CVE-2025-41391,Alfasado Inc.
CVE-2025-41392,Ashlar-Vellum
CVE-2025-41393,"KONICA MINOLTA JAPAN, INC."
CVE-2025-41393,"Ricoh Company, Ltd."
CVE-2025-41395,Mattermost
CVE-2025-41396,Alfasado Inc.
CVE-2025-41399,F5
CVE-2025-41402,Gallagher
CVE-2025-41403,ManageEngine
CVE-2025-41404,"iroha Soft Co., Ltd."
CVE-2025-41406,"UCHIDA YOKO CO., LTD."
CVE-2025-41407,ManageEngine
CVE-2025-41408,LY Corporation
CVE-2025-41410,Mattermost
CVE-2025-41413,Fuji Electric
CVE-2025-41414,F5
CVE-2025-41415,AVEVA
CVE-2025-41418,TB-eye Ltd.
CVE-2025-41420,WWBN
CVE-2025-41421,TeamViewer
CVE-2025-41423,Mattermost
CVE-2025-41425,DuraComm Corporation
CVE-2025-41426,Vertiv
CVE-2025-41427,"ELECOM CO.,LTD."
CVE-2025-41428,"Keiyo System Co., LTD"
CVE-2025-41429,appleple inc.
CVE-2025-41430,F5
CVE-2025-41431,F5
CVE-2025-41432,OpenHarmony
CVE-2025-41433,F5
CVE-2025-41436,Mattermost
CVE-2025-41437,ManageEngine
CVE-2025-41438,Consilium Safety
CVE-2025-41439,"Ricoh Company, Ltd."
CVE-2025-41441,SYNCK GRAPHICA
CVE-2025-41442,Advantech
CVE-2025-41443,Mattermost
CVE-2025-41444,ManageEngine
CVE-2025-41450,Danfoss
CVE-2025-41451,Danfoss
CVE-2025-41452,Danfoss
CVE-2025-41458,Two App Studio
CVE-2025-41459,Two App Studio
CVE-2025-41645,SMA
CVE-2025-41646,Kunbus
CVE-2025-41647,Lenze
CVE-2025-41648,Pilz
CVE-2025-41649,Weidmueller
CVE-2025-41650,Weidmueller
CVE-2025-41651,Weidmueller
CVE-2025-41652,Weidmueller
CVE-2025-41653,Weidmueller
CVE-2025-41654,Pepperl+Fuchs
CVE-2025-41655,Pepperl+Fuchs
CVE-2025-41656,Pilz
CVE-2025-41657,Auma
CVE-2025-41658,CODESYS
CVE-2025-41659,CODESYS
CVE-2025-41660,CODESYS
CVE-2025-41661,Weidmueller
CVE-2025-41663,Weidmueller
CVE-2025-41664,WAGO
CVE-2025-41665,PHOENIX CONTACT
CVE-2025-41666,PHOENIX CONTACT
CVE-2025-41667,PHOENIX CONTACT
CVE-2025-41668,PHOENIX CONTACT
CVE-2025-41669,Phoenix Contact
CVE-2025-41670,Phoenix Contact
CVE-2025-41672,WAGO
CVE-2025-41673,Helmholz
CVE-2025-41673,MB connect line
CVE-2025-41674,Helmholz
CVE-2025-41674,MB connect line
CVE-2025-41675,Helmholz
CVE-2025-41675,MB connect line
CVE-2025-41676,Helmholz
CVE-2025-41676,MB connect line
CVE-2025-41677,Helmholz
CVE-2025-41677,MB connect line
CVE-2025-41678,Helmholz
CVE-2025-41678,MB connect line
CVE-2025-41679,Helmholz
CVE-2025-41679,MB connect line
CVE-2025-41681,Helmholz
CVE-2025-41681,MB connect line
CVE-2025-41682,Bender
CVE-2025-41683,Weidmueller
CVE-2025-41684,Weidmueller
CVE-2025-41685,SMA
CVE-2025-41686,Phoenix Contact
CVE-2025-41687,Weidmueller
CVE-2025-41688,Helmholz
CVE-2025-41688,MB connect line
CVE-2025-41689,Wiesemann & Theis
CVE-2025-41690,Endress+Hauser
CVE-2025-41691,CODESYS
CVE-2025-41692,Phoenix Contact
CVE-2025-41693,Phoenix Contact
CVE-2025-41694,Phoenix Contact
CVE-2025-41695,Phoenix Contact
CVE-2025-41696,Phoenix Contact
CVE-2025-41697,Phoenix Contact
CVE-2025-41698,Draeger
CVE-2025-41699,Phoenix Contact
CVE-2025-41700,CODESYS
CVE-2025-41701,Beckhoff
CVE-2025-41702,Welotec
CVE-2025-41703,Phoenix Contact
CVE-2025-41704,Phoenix Contact
CVE-2025-41705,Phoenix Contact
CVE-2025-41706,Phoenix Contact
CVE-2025-41707,Phoenix Contact
CVE-2025-41708,Bender
CVE-2025-41709,Janitza
CVE-2025-41709,Weidmueller
CVE-2025-41710,Janitza
CVE-2025-41710,Weidmueller
CVE-2025-41711,Janitza
CVE-2025-41711,Weidmueller
CVE-2025-41712,Janitza
CVE-2025-41712,Weidmueller
CVE-2025-41713,WAGO
CVE-2025-41714,Welotec
CVE-2025-41715,WAGO
CVE-2025-41716,WAGO
CVE-2025-41717,Phoenix Contact
CVE-2025-41718,Murrelektronik
CVE-2025-41719,Sauter
CVE-2025-41720,Sauter
CVE-2025-41721,Sauter
CVE-2025-41722,Sauter
CVE-2025-41723,Sauter
CVE-2025-41724,Sauter
CVE-2025-41726,Beckhoff Automation
CVE-2025-41727,Beckhoff Automation
CVE-2025-41728,Beckhoff Automation
CVE-2025-41729,Janitza
CVE-2025-41730,WAGO
CVE-2025-41731,Jumo
CVE-2025-41732,WAGO
CVE-2025-41733,METZ CONNECT
CVE-2025-41734,METZ CONNECT
CVE-2025-41735,METZ CONNECT
CVE-2025-41736,METZ CONNECT
CVE-2025-41737,METZ CONNECT
CVE-2025-41738,CODESYS
CVE-2025-41739,CODESYS
CVE-2025-41742,Sprecher Automation
CVE-2025-41743,Sprecher Automation
CVE-2025-41744,Sprecher Automation
CVE-2025-41745,Phoenix Contact
CVE-2025-41746,Phoenix Contact
CVE-2025-41747,Phoenix Contact
CVE-2025-41748,Phoenix Contact
CVE-2025-41749,Phoenix Contact
CVE-2025-41750,Phoenix Contact
CVE-2025-41751,Phoenix Contact
CVE-2025-41752,Phoenix Contact
CVE-2025-41754,MBS
CVE-2025-41755,MBS
CVE-2025-41756,MBS
CVE-2025-41757,MBS
CVE-2025-41758,MBS
CVE-2025-41759,MBS
CVE-2025-41760,MBS
CVE-2025-41761,MBS
CVE-2025-41762,MBS
CVE-2025-41763,MBS
CVE-2025-41764,MBS
CVE-2025-41765,MBS
CVE-2025-41766,MBS
CVE-2025-41767,MBS
CVE-2025-41768,Beckhoff Automation
CVE-2025-41769,Phoenix Contact
CVE-2025-41770,Phoenix Contact
CVE-2025-41771,Phoenix Contact
CVE-2025-41772,MBS
CVE-2025-42598,SEIKO EPSON CORPORATION
CVE-2025-42599,"QUALITIA CO., LTD."
CVE-2025-42600,Meon
CVE-2025-42601,Meon
CVE-2025-42602,Meon
CVE-2025-42603,Meon
CVE-2025-42604,Meon
CVE-2025-42605,Meon
CVE-2025-42611,Mikrotik
CVE-2025-42615,CIRCL
CVE-2025-42616,CIRCL
CVE-2025-42620,CIRCL
CVE-2025-42701,CrowdStrike
CVE-2025-42706,CrowdStrike
CVE-2025-42872,SAP_SE
CVE-2025-42873,SAP_SE
CVE-2025-42874,SAP_SE
CVE-2025-42875,SAP_SE
CVE-2025-42876,SAP_SE
CVE-2025-42877,SAP_SE
CVE-2025-42878,SAP_SE
CVE-2025-42880,SAP_SE
CVE-2025-42882,SAP_SE
CVE-2025-42883,SAP_SE
CVE-2025-42884,SAP_SE
CVE-2025-42885,SAP_SE
CVE-2025-42886,SAP_SE
CVE-2025-42887,SAP_SE
CVE-2025-42888,SAP_SE
CVE-2025-42889,SAP_SE
CVE-2025-42890,SAP_SE
CVE-2025-42891,SAP_SE
CVE-2025-42892,SAP_SE
CVE-2025-42893,SAP_SE
CVE-2025-42894,SAP_SE
CVE-2025-42895,SAP_SE
CVE-2025-42896,SAP_SE
CVE-2025-42897,SAP_SE
CVE-2025-42899,SAP_SE
CVE-2025-42901,SAP_SE
CVE-2025-42902,SAP_SE
CVE-2025-42903,SAP_SE
CVE-2025-42904,SAP_SE
CVE-2025-42906,SAP_SE
CVE-2025-42907,SAP_SE
CVE-2025-42908,SAP_SE
CVE-2025-42909,SAP_SE
CVE-2025-42910,SAP_SE
CVE-2025-42911,SAP_SE
CVE-2025-42912,SAP_SE
CVE-2025-42913,SAP_SE
CVE-2025-42914,SAP_SE
CVE-2025-42915,SAP_SE
CVE-2025-42916,SAP_SE
CVE-2025-42917,SAP_SE
CVE-2025-42918,SAP_SE
CVE-2025-42919,SAP_SE
CVE-2025-42920,SAP_SE
CVE-2025-42921,JetBrains
CVE-2025-42922,SAP_SE
CVE-2025-42923,SAP_SE
CVE-2025-42924,SAP_SE
CVE-2025-42925,SAP_SE
CVE-2025-42926,SAP_SE
CVE-2025-42927,SAP_SE
CVE-2025-42928,SAP_SE
CVE-2025-42929,SAP_SE
CVE-2025-42930,SAP_SE
CVE-2025-42933,SAP_SE
CVE-2025-42934,SAP_SE
CVE-2025-42935,SAP_SE
CVE-2025-42936,SAP_SE
CVE-2025-42937,SAP_SE
CVE-2025-42938,SAP_SE
CVE-2025-42939,SAP_SE
CVE-2025-42940,SAP_SE
CVE-2025-42941,SAP_SE
CVE-2025-42942,SAP_SE
CVE-2025-42943,SAP_SE
CVE-2025-42944,SAP_SE
CVE-2025-42945,SAP_SE
CVE-2025-42946,SAP_SE
CVE-2025-42947,SAP_SE
CVE-2025-42948,SAP_SE
CVE-2025-42949,SAP_SE
CVE-2025-42950,SAP_SE
CVE-2025-42951,SAP_SE
CVE-2025-42952,SAP_SE
CVE-2025-42953,SAP_SE
CVE-2025-42954,SAP_SE
CVE-2025-42955,SAP_SE
CVE-2025-42956,SAP SE
CVE-2025-42957,SAP_SE
CVE-2025-42958,SAP_SE
CVE-2025-42959,SAP_SE
CVE-2025-42960,SAP_SE
CVE-2025-42961,SAP_SE
CVE-2025-42962,SAP_SE
CVE-2025-42963,SAP_SE
CVE-2025-42964,SAP_SE
CVE-2025-42965,SAP_SE
CVE-2025-42966,SAP_SE
CVE-2025-42967,SAP_SE
CVE-2025-42968,SAP_SE
CVE-2025-42969,SAP_SE
CVE-2025-42970,SAP_SE
CVE-2025-42971,SAP_SE
CVE-2025-42973,SAP_SE
CVE-2025-42974,SAP_SE
CVE-2025-42975,SAP_SE
CVE-2025-42976,SAP_SE
CVE-2025-42977,SAP_SE
CVE-2025-42978,SAP_SE
CVE-2025-42979,SAP_SE
CVE-2025-42980,SAP_SE
CVE-2025-42981,SAP_SE
CVE-2025-42982,SAP_SE
CVE-2025-42983,SAP_SE
CVE-2025-42984,SAP_SE
CVE-2025-42985,SAP_SE
CVE-2025-42986,SAP_SE
CVE-2025-42987,SAP_SE
CVE-2025-42988,SAP_SE
CVE-2025-42989,SAP_SE
CVE-2025-42990,SAP_SE
CVE-2025-42991,SAP_SE
CVE-2025-42992,SAP_SE
CVE-2025-42993,SAP_SE
CVE-2025-42994,SAP_SE
CVE-2025-42995,SAP_SE
CVE-2025-42996,SAP_SE
CVE-2025-42997,SAP_SE
CVE-2025-42998,SAP_SE
CVE-2025-42999,SAP_SE
CVE-2025-43000,SAP_SE
CVE-2025-43001,SAP_SE
CVE-2025-43002,SAP_SE
CVE-2025-43003,SAP_SE
CVE-2025-43004,SAP_SE
CVE-2025-43005,SAP_SE
CVE-2025-43006,SAP_SE
CVE-2025-43007,SAP_SE
CVE-2025-43008,SAP_SE
CVE-2025-43009,SAP_SE
CVE-2025-43010,SAP_SE
CVE-2025-43011,SAP_SE
CVE-2025-43012,JetBrains
CVE-2025-43013,JetBrains
CVE-2025-43014,JetBrains
CVE-2025-43015,JetBrains
CVE-2025-43016,JetBrains
CVE-2025-43017,HP Inc.
CVE-2025-43018,"HP, Inc."
CVE-2025-43019,HP Inc.
CVE-2025-43020,HP Inc.
CVE-2025-43021,HP Inc.
CVE-2025-43022,HP Inc.
CVE-2025-43023,"HP, Inc."
CVE-2025-43024,HP Inc
CVE-2025-43025,HP Inc.
CVE-2025-43026,"HP, Inc."
CVE-2025-43027,Genetec Inc.
CVE-2025-43079,Qualys Inc
CVE-2025-43184,Apple
CVE-2025-43185,Apple
CVE-2025-43186,Apple
CVE-2025-43187,Apple
CVE-2025-43188,Apple
CVE-2025-43189,Apple
CVE-2025-43190,Apple
CVE-2025-43191,Apple
CVE-2025-43192,Apple
CVE-2025-43193,Apple
CVE-2025-43194,Apple
CVE-2025-43195,Apple
CVE-2025-43196,Apple
CVE-2025-43197,Apple
CVE-2025-43198,Apple
CVE-2025-43199,Apple
CVE-2025-43200,Apple
CVE-2025-43201,Apple
CVE-2025-43202,Apple
CVE-2025-43203,Apple
CVE-2025-43204,Apple
CVE-2025-43205,Apple
CVE-2025-43206,Apple
CVE-2025-43207,Apple
CVE-2025-43208,Apple
CVE-2025-43209,Apple
CVE-2025-43210,Apple
CVE-2025-43211,Apple
CVE-2025-43212,Apple
CVE-2025-43213,Apple
CVE-2025-43214,Apple
CVE-2025-43215,Apple
CVE-2025-43216,Apple
CVE-2025-43217,Apple
CVE-2025-43218,Apple
CVE-2025-43219,Apple
CVE-2025-43220,Apple
CVE-2025-43221,Apple
CVE-2025-43222,Apple
CVE-2025-43223,Apple
CVE-2025-43224,Apple
CVE-2025-43225,Apple
CVE-2025-43226,Apple
CVE-2025-43227,Apple
CVE-2025-43228,Apple
CVE-2025-43229,Apple
CVE-2025-43230,Apple
CVE-2025-43231,Apple
CVE-2025-43232,Apple
CVE-2025-43233,Apple
CVE-2025-43234,Apple
CVE-2025-43235,Apple
CVE-2025-43236,Apple
CVE-2025-43237,Apple
CVE-2025-43238,Apple
CVE-2025-43239,Apple
CVE-2025-43240,Apple
CVE-2025-43241,Apple
CVE-2025-43243,Apple
CVE-2025-43244,Apple
CVE-2025-43245,Apple
CVE-2025-43246,Apple
CVE-2025-43247,Apple
CVE-2025-43248,Apple
CVE-2025-43249,Apple
CVE-2025-43250,Apple
CVE-2025-43251,Apple
CVE-2025-43252,Apple
CVE-2025-43253,Apple
CVE-2025-43254,Apple
CVE-2025-43255,Apple
CVE-2025-43256,Apple
CVE-2025-43257,Apple
CVE-2025-43259,Apple
CVE-2025-43260,Apple
CVE-2025-43261,Apple
CVE-2025-43262,Apple
CVE-2025-43263,Apple
CVE-2025-43264,Apple
CVE-2025-43265,Apple
CVE-2025-43266,Apple
CVE-2025-43267,Apple
CVE-2025-43268,Apple
CVE-2025-43270,Apple
CVE-2025-43272,Apple
CVE-2025-43273,Apple
CVE-2025-43274,Apple
CVE-2025-43275,Apple
CVE-2025-43276,Apple
CVE-2025-43277,Apple
CVE-2025-43278,Apple
CVE-2025-43279,Apple
CVE-2025-43280,Apple
CVE-2025-43281,Apple
CVE-2025-43282,Apple
CVE-2025-43283,Apple
CVE-2025-43284,Apple
CVE-2025-43285,Apple
CVE-2025-43286,Apple
CVE-2025-43287,Apple
CVE-2025-43288,Apple
CVE-2025-43289,Apple
CVE-2025-43290,Apple
CVE-2025-43291,Apple
CVE-2025-43292,Apple
CVE-2025-43293,Apple
CVE-2025-43294,Apple
CVE-2025-43295,Apple
CVE-2025-43296,Apple
CVE-2025-43297,Apple
CVE-2025-43298,Apple
CVE-2025-43299,Apple
CVE-2025-43300,Apple
CVE-2025-43301,Apple
CVE-2025-43302,Apple
CVE-2025-43303,Apple
CVE-2025-43304,Apple
CVE-2025-43305,Apple
CVE-2025-43306,Apple
CVE-2025-43307,Apple
CVE-2025-43308,Apple
CVE-2025-43309,Apple
CVE-2025-43310,Apple
CVE-2025-43311,Apple
CVE-2025-43312,Apple
CVE-2025-43313,Apple
CVE-2025-43314,Apple
CVE-2025-43315,Apple
CVE-2025-43316,Apple
CVE-2025-43317,Apple
CVE-2025-43318,Apple
CVE-2025-43319,Apple
CVE-2025-43320,Apple
CVE-2025-43321,Apple
CVE-2025-43322,Apple
CVE-2025-43323,Apple
CVE-2025-43325,Apple
CVE-2025-43326,Apple
CVE-2025-43327,Apple
CVE-2025-43328,Apple
CVE-2025-43329,Apple
CVE-2025-43330,Apple
CVE-2025-43331,Apple
CVE-2025-43332,Apple
CVE-2025-43333,Apple
CVE-2025-43334,Apple
CVE-2025-43335,Apple
CVE-2025-43336,Apple
CVE-2025-43337,Apple
CVE-2025-43338,Apple
CVE-2025-43339,Apple
CVE-2025-43340,Apple
CVE-2025-43341,Apple
CVE-2025-43342,Apple
CVE-2025-43343,Apple
CVE-2025-43344,Apple
CVE-2025-43345,Apple
CVE-2025-43346,Apple
CVE-2025-43347,Apple
CVE-2025-43348,Apple
CVE-2025-43349,Apple
CVE-2025-43350,Apple
CVE-2025-43351,Apple
CVE-2025-43353,Apple
CVE-2025-43354,Apple
CVE-2025-43355,Apple
CVE-2025-43356,Apple
CVE-2025-43357,Apple
CVE-2025-43358,Apple
CVE-2025-43359,Apple
CVE-2025-43360,Apple
CVE-2025-43361,Apple
CVE-2025-43362,Apple
CVE-2025-43364,Apple
CVE-2025-43365,Apple
CVE-2025-43366,Apple
CVE-2025-43367,Apple
CVE-2025-43368,Apple
CVE-2025-43369,Apple
CVE-2025-43370,Apple
CVE-2025-43371,Apple
CVE-2025-43372,Apple
CVE-2025-43373,Apple
CVE-2025-43374,Apple
CVE-2025-43375,Apple
CVE-2025-43376,Apple
CVE-2025-43377,Apple
CVE-2025-43378,Apple
CVE-2025-43379,Apple
CVE-2025-43380,Apple
CVE-2025-43381,Apple
CVE-2025-43382,Apple
CVE-2025-43383,Apple
CVE-2025-43384,Apple
CVE-2025-43385,Apple
CVE-2025-43386,Apple
CVE-2025-43387,Apple
CVE-2025-43388,Apple
CVE-2025-43389,Apple
CVE-2025-43390,Apple
CVE-2025-43391,Apple
CVE-2025-43392,Apple
CVE-2025-43393,Apple
CVE-2025-43394,Apple
CVE-2025-43395,Apple
CVE-2025-43396,Apple
CVE-2025-43397,Apple
CVE-2025-43398,Apple
CVE-2025-43399,Apple
CVE-2025-43400,Apple
CVE-2025-43401,Apple
CVE-2025-43402,Apple
CVE-2025-43403,Apple
CVE-2025-43404,Apple
CVE-2025-43405,Apple
CVE-2025-43406,Apple
CVE-2025-43407,Apple
CVE-2025-43408,Apple
CVE-2025-43409,Apple
CVE-2025-43410,Apple
CVE-2025-43411,Apple
CVE-2025-43412,Apple
CVE-2025-43413,Apple
CVE-2025-43414,Apple
CVE-2025-43416,Apple
CVE-2025-43417,Apple
CVE-2025-43418,Apple
CVE-2025-43419,Apple
CVE-2025-43420,Apple
CVE-2025-43421,Apple
CVE-2025-43422,Apple
CVE-2025-43423,Apple
CVE-2025-43424,Apple
CVE-2025-43425,Apple
CVE-2025-43426,Apple
CVE-2025-43427,Apple
CVE-2025-43428,Apple
CVE-2025-43429,Apple
CVE-2025-43430,Apple
CVE-2025-43431,Apple
CVE-2025-43432,Apple
CVE-2025-43433,Apple
CVE-2025-43434,Apple
CVE-2025-43435,Apple
CVE-2025-43436,Apple
CVE-2025-43437,Apple
CVE-2025-43438,Apple
CVE-2025-43439,Apple
CVE-2025-43440,Apple
CVE-2025-43441,Apple
CVE-2025-43442,Apple
CVE-2025-43443,Apple
CVE-2025-43444,Apple
CVE-2025-43445,Apple
CVE-2025-43446,Apple
CVE-2025-43447,Apple
CVE-2025-43448,Apple
CVE-2025-43449,Apple
CVE-2025-43450,Apple
CVE-2025-43451,Apple
CVE-2025-43452,Apple
CVE-2025-43454,Apple
CVE-2025-43455,Apple
CVE-2025-43457,Apple
CVE-2025-43458,Apple
CVE-2025-43459,Apple
CVE-2025-43460,Apple
CVE-2025-43461,Apple
CVE-2025-43462,Apple
CVE-2025-43463,Apple
CVE-2025-43464,Apple
CVE-2025-43465,Apple
CVE-2025-43466,Apple
CVE-2025-43467,Apple
CVE-2025-43468,Apple
CVE-2025-43469,Apple
CVE-2025-43470,Apple
CVE-2025-43471,Apple
CVE-2025-43472,Apple
CVE-2025-43473,Apple
CVE-2025-43474,Apple
CVE-2025-43475,Apple
CVE-2025-43476,Apple
CVE-2025-43477,Apple
CVE-2025-43478,Apple
CVE-2025-43479,Apple
CVE-2025-43480,Apple
CVE-2025-43481,Apple
CVE-2025-43482,Apple
CVE-2025-43483,HP Inc.
CVE-2025-43484,HP Inc.
CVE-2025-43485,HP Inc.
CVE-2025-43486,HP Inc.
CVE-2025-43487,HP Inc.
CVE-2025-43488,HP Inc.
CVE-2025-43489,HP Inc.
CVE-2025-43490,"HP, Inc."
CVE-2025-43491,"HP, Inc."
CVE-2025-43493,Apple
CVE-2025-43494,Apple
CVE-2025-43495,Apple
CVE-2025-43496,Apple
CVE-2025-43497,Apple
CVE-2025-43498,Apple
CVE-2025-43499,Apple
CVE-2025-43500,Apple
CVE-2025-43501,Apple
CVE-2025-43502,Apple
CVE-2025-43503,Apple
CVE-2025-43504,Apple
CVE-2025-43505,Apple
CVE-2025-43506,Apple
CVE-2025-43507,Apple
CVE-2025-43508,Apple
CVE-2025-43509,Apple
CVE-2025-43510,Apple
CVE-2025-43511,Apple
CVE-2025-43512,Apple
CVE-2025-43513,Apple
CVE-2025-43514,Apple
CVE-2025-43515,Apple
CVE-2025-43516,Apple
CVE-2025-43517,Apple
CVE-2025-43518,Apple
CVE-2025-43519,Apple
CVE-2025-43520,Apple
CVE-2025-43521,Apple
CVE-2025-43522,Apple
CVE-2025-43523,Apple
CVE-2025-43524,Apple
CVE-2025-43526,Apple
CVE-2025-43527,Apple
CVE-2025-43529,Apple
CVE-2025-43530,Apple
CVE-2025-43531,Apple
CVE-2025-43532,Apple
CVE-2025-43533,Apple
CVE-2025-43534,Apple
CVE-2025-43535,Apple
CVE-2025-43536,Apple
CVE-2025-43537,Apple
CVE-2025-43538,Apple
CVE-2025-43539,Apple
CVE-2025-43541,Apple
CVE-2025-43542,Apple
CVE-2025-43545,Adobe
CVE-2025-43546,Adobe
CVE-2025-43547,Adobe
CVE-2025-43548,Adobe
CVE-2025-43549,Adobe
CVE-2025-43550,Adobe
CVE-2025-43551,Adobe
CVE-2025-43553,Adobe
CVE-2025-43554,Adobe
CVE-2025-43555,Adobe
CVE-2025-43556,Adobe
CVE-2025-43557,Adobe
CVE-2025-43558,Adobe
CVE-2025-43559,Adobe
CVE-2025-43560,Adobe
CVE-2025-43561,Adobe
CVE-2025-43562,Adobe
CVE-2025-43563,Adobe
CVE-2025-43564,Adobe
CVE-2025-43565,Adobe
CVE-2025-43566,Adobe
CVE-2025-43567,Adobe
CVE-2025-43568,Adobe
CVE-2025-43569,Adobe
CVE-2025-43570,Adobe
CVE-2025-43571,Adobe
CVE-2025-43572,Adobe
CVE-2025-43573,Adobe
CVE-2025-43574,Adobe
CVE-2025-43575,Adobe
CVE-2025-43576,Adobe
CVE-2025-43577,Adobe
CVE-2025-43578,Adobe
CVE-2025-43579,Adobe
CVE-2025-43580,Adobe
CVE-2025-43581,Adobe
CVE-2025-43582,Adobe
CVE-2025-43583,Adobe
CVE-2025-43584,Adobe
CVE-2025-43585,Adobe
CVE-2025-43586,Adobe
CVE-2025-43587,Adobe
CVE-2025-43588,Adobe
CVE-2025-43589,Adobe
CVE-2025-43590,Adobe
CVE-2025-43591,Adobe
CVE-2025-43592,Adobe
CVE-2025-43593,Adobe
CVE-2025-43594,Adobe
CVE-2025-43595,MSP360
CVE-2025-43596,MSP360
CVE-2025-43697,Salesforce
CVE-2025-43698,Salesforce
CVE-2025-43699,Salesforce
CVE-2025-43700,Salesforce
CVE-2025-43701,Salesforce
CVE-2025-43703,Ankitects
CVE-2025-43704,Veritas
CVE-2025-43708,VisiCut
CVE-2025-43711,Tunnelblick Project
CVE-2025-43712,JHipster
CVE-2025-43715,Nullsoft
CVE-2025-43716,Ivanti
CVE-2025-43717,avb
CVE-2025-43718,freedesktop
CVE-2025-43722,Dell
CVE-2025-43723,Dell
CVE-2025-43724,Dell
CVE-2025-43725,Dell
CVE-2025-43726,Dell
CVE-2025-43727,Dell
CVE-2025-43728,Dell
CVE-2025-43729,Dell
CVE-2025-43730,Dell
CVE-2025-43731,Liferay
CVE-2025-43732,Liferay
CVE-2025-43733,Liferay
CVE-2025-43734,Liferay
CVE-2025-43735,Liferay
CVE-2025-43736,Liferay
CVE-2025-43737,Liferay
CVE-2025-43738,Liferay
CVE-2025-43739,Liferay
CVE-2025-43740,Liferay
CVE-2025-43741,Liferay
CVE-2025-43742,Liferay
CVE-2025-43743,Liferay
CVE-2025-43744,Liferay
CVE-2025-43745,Liferay
CVE-2025-43746,Liferay
CVE-2025-43747,Liferay
CVE-2025-43748,Liferay
CVE-2025-43749,Liferay
CVE-2025-43750,Liferay
CVE-2025-43751,Liferay
CVE-2025-43752,Liferay
CVE-2025-43753,Liferay
CVE-2025-43754,Liferay
CVE-2025-43755,Liferay
CVE-2025-43756,Liferay
CVE-2025-43757,Liferay
CVE-2025-43758,Liferay
CVE-2025-43759,Liferay
CVE-2025-43760,Liferay
CVE-2025-43761,Liferay
CVE-2025-43762,Liferay
CVE-2025-43763,Liferay
CVE-2025-43764,Liferay
CVE-2025-43765,Liferay
CVE-2025-43766,Liferay
CVE-2025-43767,Liferay
CVE-2025-43768,Liferay
CVE-2025-43769,Liferay
CVE-2025-43770,Liferay
CVE-2025-43771,Liferay
CVE-2025-43772,Liferay
CVE-2025-43773,Liferay
CVE-2025-43775,Liferay
CVE-2025-43776,Liferay
CVE-2025-43777,Liferay
CVE-2025-43778,Liferay
CVE-2025-43779,Liferay
CVE-2025-43781,Liferay
CVE-2025-43782,Liferay
CVE-2025-43783,Liferay
CVE-2025-43784,Liferay
CVE-2025-43785,Liferay
CVE-2025-43786,Liferay
CVE-2025-43787,Liferay
CVE-2025-43788,Liferay
CVE-2025-43789,Liferay
CVE-2025-43790,Liferay
CVE-2025-43791,Liferay
CVE-2025-43792,Liferay
CVE-2025-43793,Liferay
CVE-2025-43794,Liferay
CVE-2025-43795,Liferay
CVE-2025-43796,Liferay
CVE-2025-43797,Liferay
CVE-2025-43798,Liferay
CVE-2025-43799,Liferay
CVE-2025-43800,Liferay
CVE-2025-43801,Liferay
CVE-2025-43802,Liferay
CVE-2025-43803,Liferay
CVE-2025-43804,Liferay
CVE-2025-43805,Liferay
CVE-2025-43806,Liferay
CVE-2025-43807,Liferay
CVE-2025-43808,Liferay
CVE-2025-43809,Liferay
CVE-2025-43810,Liferay
CVE-2025-43811,Liferay
CVE-2025-43812,Liferay
CVE-2025-43813,Liferay
CVE-2025-43814,Liferay
CVE-2025-43815,Liferay
CVE-2025-43816,Liferay
CVE-2025-43817,Liferay
CVE-2025-43818,Liferay
CVE-2025-43819,Liferay
CVE-2025-43820,Liferay
CVE-2025-43821,Liferay
CVE-2025-43822,Liferay
CVE-2025-43823,Liferay
CVE-2025-43824,Liferay
CVE-2025-43825,Liferay
CVE-2025-43826,Liferay
CVE-2025-43827,Liferay
CVE-2025-43829,Liferay
CVE-2025-43830,Liferay
CVE-2025-43832,andreyk
CVE-2025-43833,Amir Helzer
CVE-2025-43834,tox82
CVE-2025-43835,ktsvetkov
CVE-2025-43836,confuzzledduck
CVE-2025-43837,binti76
CVE-2025-43838,ChoPlugins.com
CVE-2025-43839,shanebp
CVE-2025-43840,ref
CVE-2025-43841,jamesdbruner
CVE-2025-43842,RVC-Project
CVE-2025-43843,RVC-Project
CVE-2025-43844,RVC-Project
CVE-2025-43845,RVC-Project
CVE-2025-43846,RVC-Project
CVE-2025-43847,RVC-Project
CVE-2025-43848,RVC-Project
CVE-2025-43849,RVC-Project
CVE-2025-43850,RVC-Project
CVE-2025-43851,RVC-Project
CVE-2025-43852,RVC-Project
CVE-2025-43853,bytecodealliance
CVE-2025-43854,langgenius
CVE-2025-43855,trpc
CVE-2025-43856,immich-app
CVE-2025-43857,ruby
CVE-2025-43858,Bluegrams
CVE-2025-43859,python-hyper
CVE-2025-43860,openemr
CVE-2025-43861,miraheze
CVE-2025-43862,langgenius
CVE-2025-43863,vantage6
CVE-2025-43864,remix-run
CVE-2025-43865,remix-run
CVE-2025-43866,vantage6
CVE-2025-43873,Johnson Control
CVE-2025-43875,Johnson Controls
CVE-2025-43876,Johnson Controls
CVE-2025-43877,"ELECOM CO.,LTD."
CVE-2025-43878,F5
CVE-2025-43879,"ELECOM CO.,LTD."
CVE-2025-43880,"GROWI, Inc."
CVE-2025-43881,SYNCK GRAPHICA
CVE-2025-43882,Dell
CVE-2025-43883,Dell
CVE-2025-43884,Dell
CVE-2025-43885,Dell
CVE-2025-43886,Dell
CVE-2025-43887,Dell
CVE-2025-43888,Dell
CVE-2025-43889,Dell
CVE-2025-43890,Dell
CVE-2025-43891,Dell
CVE-2025-43892,Fortinet
CVE-2025-43903,freedesktop
CVE-2025-43904,SchedMD
CVE-2025-43905,Dell
CVE-2025-43906,Dell
CVE-2025-43907,Dell
CVE-2025-43908,Dell
CVE-2025-43909,Dell
CVE-2025-43910,Dell
CVE-2025-43911,Dell
CVE-2025-43912,Dell
CVE-2025-43913,Dell
CVE-2025-43914,Dell
CVE-2025-43916,Sonos
CVE-2025-43917,Pritunl
CVE-2025-43918,SSL.com
CVE-2025-43919,GNU
CVE-2025-43920,GNU
CVE-2025-43921,GNU
CVE-2025-43922,FileWave
CVE-2025-43928,Infodraw
CVE-2025-43929,kitty project
CVE-2025-43934,Dell
CVE-2025-43935,Dell
CVE-2025-43937,Dell
CVE-2025-43938,Dell
CVE-2025-43939,Dell
CVE-2025-43940,Dell
CVE-2025-43941,Dell
CVE-2025-43942,Dell
CVE-2025-43943,Dell
CVE-2025-43954,Quasar
CVE-2025-43955,Convertigo
CVE-2025-43961,LibRaw
CVE-2025-43962,LibRaw
CVE-2025-43963,LibRaw
CVE-2025-43964,LibRaw
CVE-2025-43965,ImageMagick
CVE-2025-43966,struktur
CVE-2025-43967,struktur
CVE-2025-43970,GoBGP
CVE-2025-43971,GoBGP
CVE-2025-43972,GoBGP
CVE-2025-43973,GoBGP
CVE-2025-43990,Dell
CVE-2025-43991,Dell
CVE-2025-43992,Dell
CVE-2025-43993,Dell
CVE-2025-43994,Dell
CVE-2025-43995,Dell
CVE-2025-44000,MedDream
CVE-2025-44001,Mattermost
CVE-2025-44002,TeamViewer
CVE-2025-44003,Gallagher
CVE-2025-44004,Mattermost
CVE-2025-44005,smallstep
CVE-2025-44006,QNAP Systems Inc.
CVE-2025-44007,QNAP Systems Inc.
CVE-2025-44008,QNAP Systems Inc.
CVE-2025-44009,QNAP Systems Inc.
CVE-2025-44010,QNAP Systems Inc.
CVE-2025-44011,QNAP Systems Inc.
CVE-2025-44012,QNAP Systems Inc.
CVE-2025-44013,QNAP Systems Inc.
CVE-2025-44014,QNAP Systems Inc.
CVE-2025-44015,QNAP Systems Inc.
CVE-2025-44016,TeamViewer
CVE-2025-44017,Gunosy Inc.
CVE-2025-44018,GL-Inet
CVE-2025-44019,AVEVA
CVE-2025-44021,OpenStack
CVE-2025-44823,Nagios
CVE-2025-44824,Nagios
CVE-2025-44954,RUCKUS
CVE-2025-44955,RUCKUS
CVE-2025-44957,RUCKUS
CVE-2025-44958,RUCKUS
CVE-2025-44960,RUCKUS
CVE-2025-44961,RUCKUS
CVE-2025-44962,RUCKUS
CVE-2025-44963,RUCKUS
CVE-2025-45375,Dell
CVE-2025-45376,Dell
CVE-2025-45378,Dell
CVE-2025-45379,Dell
CVE-2025-45525,asvd
CVE-2025-45526,asvd
CVE-2025-45582,GNU
CVE-2025-45746,ZKTeco
CVE-2025-45764,jsrsasign project
CVE-2025-45854,JEHc
CVE-2025-46093,LiquidFiles
CVE-2025-46094,LiquidFiles
CVE-2025-46215,Fortinet
CVE-2025-46225,Michael
CVE-2025-46226,ferranfg
CVE-2025-46227,Brecht
CVE-2025-46228,Bastien Ho
CVE-2025-46229,Israpil
CVE-2025-46230,GhozyLab
CVE-2025-46231,SERVIT Software Solutions
CVE-2025-46232,alttextai
CVE-2025-46233,Sirv CDN and Image Hosting
CVE-2025-46234,Habibur Rahman Razib
CVE-2025-46235,sonalsinha21
CVE-2025-46236,Link Software LLC
CVE-2025-46237,Yannick Lefebvre
CVE-2025-46238,rbaer
CVE-2025-46239,Jeff Starr
CVE-2025-46240,Jeff Starr
CVE-2025-46241,codepeople
CVE-2025-46242,Bob
CVE-2025-46243,sonalsinha21
CVE-2025-46244,Dotstore
CVE-2025-46245,CreativeMindsSolutions
CVE-2025-46246,CreativeMindsSolutions
CVE-2025-46247,codepeople
CVE-2025-46248,M A Vinoth Kumar
CVE-2025-46249,Michael
CVE-2025-46250,Vikas Ratudi
CVE-2025-46251,e4jvikwp
CVE-2025-46252,Kofi Mokome
CVE-2025-46253,Ataur R
CVE-2025-46254,Visual Composer
CVE-2025-46255,Marketing Fire LLC
CVE-2025-46256,SigmaPlugin
CVE-2025-46257,BdThemes
CVE-2025-46258,BdThemes
CVE-2025-46259,POSIMYTH Innovation
CVE-2025-46260,wowDevs
CVE-2025-46261,Craig Hewitt
CVE-2025-46262,Zack Katz
CVE-2025-46263,Lloyd Saunders
CVE-2025-46264,blubrry
CVE-2025-46265,F5
CVE-2025-46266,TeamViewer
CVE-2025-46267,"ELECOM CO.,LTD."
CVE-2025-46268,Advantech
CVE-2025-46269,Ashlar-Vellum
CVE-2025-46270,MedDream
CVE-2025-46271,Planet Technology
CVE-2025-46272,Planet Technology
CVE-2025-46273,Planet Technology
CVE-2025-46274,Planet Technology
CVE-2025-46275,Planet Technology
CVE-2025-46276,Apple
CVE-2025-46277,Apple
CVE-2025-46278,Apple
CVE-2025-46279,Apple
CVE-2025-46280,Apple
CVE-2025-46281,Apple
CVE-2025-46282,Apple
CVE-2025-46283,Apple
CVE-2025-46284,Apple
CVE-2025-46285,Apple
CVE-2025-46286,Apple
CVE-2025-46287,Apple
CVE-2025-46288,Apple
CVE-2025-46289,Apple
CVE-2025-46290,Apple
CVE-2025-46291,Apple
CVE-2025-46292,Apple
CVE-2025-46293,Apple
CVE-2025-46294,Claris
CVE-2025-46295,Claris
CVE-2025-46296,Claris
CVE-2025-46297,Apple
CVE-2025-46298,Apple
CVE-2025-46299,Apple
CVE-2025-46300,Apple
CVE-2025-46301,Apple
CVE-2025-46302,Apple
CVE-2025-46303,Apple
CVE-2025-46304,Apple
CVE-2025-46305,Apple
CVE-2025-46306,Apple
CVE-2025-46307,Apple
CVE-2025-46308,Apple
CVE-2025-46310,Apple
CVE-2025-46311,Apple
CVE-2025-46313,Apple
CVE-2025-46315,Apple
CVE-2025-46316,Apple
CVE-2025-46320,Claris
CVE-2025-46326,snowflakedb
CVE-2025-46327,snowflakedb
CVE-2025-46328,snowflakedb
CVE-2025-46329,snowflakedb
CVE-2025-46330,snowflakedb
CVE-2025-46331,openfga
CVE-2025-46332,vercel
CVE-2025-46333,vancluever
CVE-2025-46334,j6t
CVE-2025-46335,MobSF
CVE-2025-46336,rack
CVE-2025-46337,ADOdb
CVE-2025-46338,advplyr
CVE-2025-46339,FreshRSS
CVE-2025-46340,misskey-dev
CVE-2025-46341,FreshRSS
CVE-2025-46342,kyverno
CVE-2025-46343,n8n-io
CVE-2025-46344,auth0
CVE-2025-46345,auth0-extensions
CVE-2025-46346,YesWiki
CVE-2025-46347,YesWiki
CVE-2025-46348,YesWiki
CVE-2025-46349,YesWiki
CVE-2025-46350,YesWiki
CVE-2025-46352,Consilium Safety
CVE-2025-46354,Bloomberg
CVE-2025-46355,"Keiyo System Co., LTD"
CVE-2025-46358,Emerson
CVE-2025-46359,Alfasado Inc.
CVE-2025-46362,Dell
CVE-2025-46363,Dell
CVE-2025-46364,Dell
CVE-2025-46365,Dell
CVE-2025-46366,Dell
CVE-2025-46367,Dell
CVE-2025-46368,Dell
CVE-2025-46369,Dell
CVE-2025-46370,Dell
CVE-2025-46371,Dell
CVE-2025-46373,Fortinet
CVE-2025-46382,CyberArk
CVE-2025-46383,Emby
CVE-2025-46384,Emby
CVE-2025-46385,Emby
CVE-2025-46386,Emby
CVE-2025-46387,Emby
CVE-2025-46388,Emby
CVE-2025-46389,Emby
CVE-2025-46390,Emby
CVE-2025-46391,Emby
CVE-2025-46392,Apache Software Foundation
CVE-2025-46393,ImageMagick
CVE-2025-46394,BusyBox
CVE-2025-46397,Red Hat
CVE-2025-46398,Red Hat
CVE-2025-46399,Red Hat
CVE-2025-46400,Red Hat
CVE-2025-46404,Entr'ouvert
CVE-2025-46405,F5
CVE-2025-46406,Gallagher
CVE-2025-46407,SAIL Image Decoding Library
CVE-2025-46409,"DOS Co., Ltd."
CVE-2025-46410,WWBN
CVE-2025-46411,The Biosig Project
CVE-2025-46412,Vertiv
CVE-2025-46413,BUFFALO INC.
CVE-2025-46414,EG4 Electronics
CVE-2025-46415,NixOS
CVE-2025-46416,NixOS
CVE-2025-46417,Picklescan
CVE-2025-46419,Westermo
CVE-2025-46420,Red Hat
CVE-2025-46421,Red Hat
CVE-2025-46422,Dell
CVE-2025-46423,Dell
CVE-2025-46424,Dell
CVE-2025-46425,Dell
CVE-2025-46427,Dell
CVE-2025-46428,Dell
CVE-2025-46430,Dell
CVE-2025-46432,JetBrains
CVE-2025-46433,JetBrains
CVE-2025-46434,POSIMYTH Innovation
CVE-2025-46435,Yash Binani
CVE-2025-46436,Sebastian Echeverry
CVE-2025-46437,tayoricom
CVE-2025-46438,warmwhisky
CVE-2025-46439,Vladimir Prelovac
CVE-2025-46440,Mark
CVE-2025-46441,ctltwp
CVE-2025-46442,Casey Johnson
CVE-2025-46443,Adam Pery
CVE-2025-46444,scripteo
CVE-2025-46445,pReya
CVE-2025-46446,ivanrojas
CVE-2025-46447,WPFable
CVE-2025-46448,reifsnyderb
CVE-2025-46449,Novium
CVE-2025-46450,x000x
CVE-2025-46451,Syed Balkhi
CVE-2025-46452,Olav Kolbu
CVE-2025-46453,CreatorTeam
CVE-2025-46454,svil4ok
CVE-2025-46455,IndigoThemes
CVE-2025-46456,Jason
CVE-2025-46457,Ahsanullah Akanda
CVE-2025-46458,x000x
CVE-2025-46459,Ralf Hortt
CVE-2025-46460,Detheme
CVE-2025-46461,Relentless Apps
CVE-2025-46462,Trân Minh-Quân
CVE-2025-46463,Yamna Khawaja
CVE-2025-46464,scripteo
CVE-2025-46465,John Weissberg
CVE-2025-46466,felixtz
CVE-2025-46467,Rahendra Putra K™
CVE-2025-46468,WPFable
CVE-2025-46469,Benjamin Buddle
CVE-2025-46470,Peter Raschendorfer
CVE-2025-46471,gnanavelshenll
CVE-2025-46472,webangon
CVE-2025-46473,Prisna
CVE-2025-46474,SEUR OFICIAL
CVE-2025-46475,Joe Dolson
CVE-2025-46476,nayon46
CVE-2025-46477,Carlo La Pera
CVE-2025-46478,metaloha
CVE-2025-46479,DevynCJohnson
CVE-2025-46480,Padam Shankhadev
CVE-2025-46481,Michael Cannon
CVE-2025-46482,MyThemeShop
CVE-2025-46483,Alex Moss
CVE-2025-46484,nasir179125
CVE-2025-46485,Carlo La Pera
CVE-2025-46486,totalprocessing
CVE-2025-46487,sftranna
CVE-2025-46488,dastan800
CVE-2025-46489,vinodvaswani9
CVE-2025-46490,wordwebsoftware
CVE-2025-46491,Matthew Muro
CVE-2025-46492,Pham Thanh
CVE-2025-46493,wordwebsoftware
CVE-2025-46494,Themesgrove
CVE-2025-46495,tomontoast
CVE-2025-46496,oniswap
CVE-2025-46497,Navegg
CVE-2025-46498,nghialuu
CVE-2025-46499,hccoder
CVE-2025-46500,ValvePress
CVE-2025-46501,biancardi
CVE-2025-46502,Bas Matthee
CVE-2025-46503,josheli
CVE-2025-46504,Olar Marius
CVE-2025-46505,farinspace
CVE-2025-46506,Lora77
CVE-2025-46507,ldrumm
CVE-2025-46508,kasonzhao
CVE-2025-46509,Andrey Mikhalchuk
CVE-2025-46510,harrysudana
CVE-2025-46511,Derek Springer
CVE-2025-46512,Shamim Hasan
CVE-2025-46513,Codebangers
CVE-2025-46514,milat
CVE-2025-46515,M A Vinoth Kumar
CVE-2025-46516,silencecm
CVE-2025-46517,wpdiscover
CVE-2025-46518,phpaddicted
CVE-2025-46519,M.Code
CVE-2025-46520,alphasis
CVE-2025-46521,Silver Muru
CVE-2025-46522,Billy Bryant
CVE-2025-46523,devignstudiosltd
CVE-2025-46524,stesvis
CVE-2025-46525,msmitley
CVE-2025-46526,janekniefeldt
CVE-2025-46527,LikeCoin
CVE-2025-46528,Steve
CVE-2025-46529,StressFree Sites
CVE-2025-46530,HuangYe WuDeng
CVE-2025-46531,Ankur Vishwakarma
CVE-2025-46532,Haris Zulfiqar
CVE-2025-46533,wpdrift.no
CVE-2025-46534,DanielRiera
CVE-2025-46535,AlphaEfficiencyTeam
CVE-2025-46536,RichardHarrison
CVE-2025-46537,ctltwp
CVE-2025-46538,webplanetsoft
CVE-2025-46539,WPFable
CVE-2025-46540,Chris Mok
CVE-2025-46541,elrata_
CVE-2025-46542,ThemeXpert
CVE-2025-46543,CharlyLeetham
CVE-2025-46544,Sherpa
CVE-2025-46545,Sherpa
CVE-2025-46546,Sherpa
CVE-2025-46547,Sherpa
CVE-2025-46548,Apache Software Foundation
CVE-2025-46548,Lightbend
CVE-2025-46549,YesWiki
CVE-2025-46550,YesWiki
CVE-2025-46551,jruby
CVE-2025-46552,Krypto-Hashers-Community
CVE-2025-46553,misskey-dev
CVE-2025-46554,xwiki
CVE-2025-46556,mantisbt
CVE-2025-46557,xwiki
CVE-2025-46558,xwiki-contrib
CVE-2025-46559,misskey-dev
CVE-2025-46560,vllm-project
CVE-2025-46565,vitejs
CVE-2025-46566,dataease
CVE-2025-46567,hiyouga
CVE-2025-46568,Stirling-Tools
CVE-2025-46569,open-policy-agent
CVE-2025-46570,vllm-project
CVE-2025-46571,open-webui
CVE-2025-46572,auth0
CVE-2025-46573,auth0
CVE-2025-46574,ZTE
CVE-2025-46575,ZTE
CVE-2025-46576,ZTE
CVE-2025-46577,ZTE
CVE-2025-46578,ZTE
CVE-2025-46579,ZTE
CVE-2025-46580,ZTE
CVE-2025-46581,ZTE
CVE-2025-46582,ZTE
CVE-2025-46583,ZTE
CVE-2025-46584,Huawei
CVE-2025-46585,Huawei
CVE-2025-46586,Huawei
CVE-2025-46587,Huawei
CVE-2025-46588,Huawei
CVE-2025-46589,Huawei
CVE-2025-46590,Huawei
CVE-2025-46591,Huawei
CVE-2025-46592,Huawei
CVE-2025-46593,Huawei
CVE-2025-46595,backdropcms
CVE-2025-46599,K3s
CVE-2025-46602,Dell
CVE-2025-46603,Dell
CVE-2025-46605,Dell
CVE-2025-46606,Dell
CVE-2025-46607,Dell
CVE-2025-46608,Dell
CVE-2025-46613,openplcproject
CVE-2025-46614,Snowflake
CVE-2025-46616,Quantum
CVE-2025-46617,Quantum
CVE-2025-46618,JetBrains
CVE-2025-46636,Dell
CVE-2025-46637,Dell
CVE-2025-46638,Dell
CVE-2025-46641,Dell
CVE-2025-46643,Dell
CVE-2025-46644,Dell
CVE-2025-46645,Dell
CVE-2025-46646,Artifex
CVE-2025-46647,Apache Software Foundation
CVE-2025-46652,IZArc
CVE-2025-46653,node-formidable
CVE-2025-46654,HackMD
CVE-2025-46655,HackMD
CVE-2025-46656,python-markdownify
CVE-2025-46657,Karaz
CVE-2025-46661,IPW
CVE-2025-46672,NASA
CVE-2025-46673,NASA
CVE-2025-46674,NASA
CVE-2025-46675,NASA
CVE-2025-46676,Dell
CVE-2025-46684,Dell
CVE-2025-46685,Dell
CVE-2025-46686,Redis
CVE-2025-46687,QuickJS Project
CVE-2025-46688,QuickJS Project
CVE-2025-46689,Ververica
CVE-2025-46690,Ververica
CVE-2025-46691,Dell
CVE-2025-46696,Dell
CVE-2025-46699,Dell
CVE-2025-46701,Apache Software Foundation
CVE-2025-46702,Mattermost
CVE-2025-46703,Hallo Welt! GmbH
CVE-2025-46704,Advantech
CVE-2025-46705,Entr'ouvert
CVE-2025-46706,F5
CVE-2025-46707,Imagination Technologies
CVE-2025-46708,Imagination Technologies
CVE-2025-46709,Imagination Technologies
CVE-2025-46710,Imagination Technologies
CVE-2025-46711,Imagination Technologies
CVE-2025-46712,erlang
CVE-2025-46713,sandboxie-plus
CVE-2025-46714,sandboxie-plus
CVE-2025-46715,sandboxie-plus
CVE-2025-46716,sandboxie-plus
CVE-2025-46717,trifectatechfoundation
CVE-2025-46718,trifectatechfoundation
CVE-2025-46719,open-webui
CVE-2025-46720,keystonejs
CVE-2025-46721,justinas
CVE-2025-46722,vllm-project
CVE-2025-46723,openvm-org
CVE-2025-46724,langroid
CVE-2025-46725,langroid
CVE-2025-46726,langroid
CVE-2025-46727,rack
CVE-2025-46728,yhirose
CVE-2025-46729,julmud
CVE-2025-46730,MobSF
CVE-2025-46731,craftcms
CVE-2025-46732,OpenCTI-Platform
CVE-2025-46733,OP-TEE
CVE-2025-46734,thephpleague
CVE-2025-46735,nrkno
CVE-2025-46736,umbraco
CVE-2025-46737,Schweitzer Engineering Laboratories
CVE-2025-46738,Schweitzer Engineering Laboratories
CVE-2025-46739,Schweitzer Engineering Laboratories
CVE-2025-46740,Schweitzer Engineering Laboratories
CVE-2025-46741,Schweitzer Engineering Laboratories
CVE-2025-46742,Schweitzer Engineering Laboratories
CVE-2025-46743,Schweitzer Engineering Laboratories
CVE-2025-46744,Schweitzer Engineering Laboratories
CVE-2025-46745,Schweitzer Engineering Laboratories
CVE-2025-46746,Schweitzer Engineering Laboratories
CVE-2025-46747,Schweitzer Engineering Laboratories
CVE-2025-46748,Schweitzer Engineering Laboratories
CVE-2025-46749,Schweitzer Engineering Laboratories
CVE-2025-46750,Schweitzer Engineering Laboratories
CVE-2025-46752,Fortinet
CVE-2025-46762,Apache Software Foundation
CVE-2025-46774,Fortinet
CVE-2025-46775,Fortinet
CVE-2025-46776,Fortinet
CVE-2025-46777,Fortinet
CVE-2025-46783,"Ricoh Company, Ltd."
CVE-2025-46784,Entr'ouvert
CVE-2025-46785,"Zoom Communications, Inc"
CVE-2025-46786,"Zoom Communications, Inc"
CVE-2025-46788,Zoom Communications Inc.
CVE-2025-46789,Zoom Communications Inc.
CVE-2025-46801,PgPool Global Development Group
CVE-2025-46802,SUSE
CVE-2025-46806,https://github.com/yrutschle/sslh/releases/tag/v2.2.4
CVE-2025-46807,https://github.com/yrutschle/sslh/releases/tag/v2.2.4
CVE-2025-46809,SUSE
CVE-2025-46810,openSUSE
CVE-2025-46811,SUSE
CVE-2025-46812,basecamp
CVE-2025-46813,discourse
CVE-2025-46814,rennf93
CVE-2025-46815,zitadel
CVE-2025-46816,patrickhener
CVE-2025-46817,redis
CVE-2025-46818,redis
CVE-2025-46819,redis
CVE-2025-46820,phpgt
CVE-2025-46821,envoyproxy
CVE-2025-46822,OsamaTaher
CVE-2025-46823,openmrs
CVE-2025-46824,discourse
CVE-2025-46825,kanboard
CVE-2025-46826,INSAgenda
CVE-2025-46827,Graylog2
CVE-2025-46828,LabRedesCefetRJ
CVE-2025-46833,ShashikantSingh09
CVE-2025-46834,alchemyplatform
CVE-2025-46835,j6t
CVE-2025-46836,ecki
CVE-2025-46837,Adobe
CVE-2025-46838,Adobe
CVE-2025-46840,Adobe
CVE-2025-46841,Adobe
CVE-2025-46842,Adobe
CVE-2025-46843,Adobe
CVE-2025-46844,Adobe
CVE-2025-46845,Adobe
CVE-2025-46846,Adobe
CVE-2025-46847,Adobe
CVE-2025-46848,Adobe
CVE-2025-46849,Adobe
CVE-2025-46850,Adobe
CVE-2025-46851,Adobe
CVE-2025-46852,Adobe
CVE-2025-46853,Adobe
CVE-2025-46854,Adobe
CVE-2025-46855,Adobe
CVE-2025-46856,Adobe
CVE-2025-46857,Adobe
CVE-2025-46858,Adobe
CVE-2025-46859,Adobe
CVE-2025-46860,Adobe
CVE-2025-46861,Adobe
CVE-2025-46862,Adobe
CVE-2025-46863,Adobe
CVE-2025-46864,Adobe
CVE-2025-46865,Adobe
CVE-2025-46866,Adobe
CVE-2025-46870,Adobe
CVE-2025-46871,Adobe
CVE-2025-46872,Adobe
CVE-2025-46873,Adobe
CVE-2025-46874,Adobe
CVE-2025-46875,Adobe
CVE-2025-46876,Adobe
CVE-2025-46877,Adobe
CVE-2025-46878,Adobe
CVE-2025-46879,Adobe
CVE-2025-46880,Adobe
CVE-2025-46881,Adobe
CVE-2025-46882,Adobe
CVE-2025-46883,Adobe
CVE-2025-46884,Adobe
CVE-2025-46885,Adobe
CVE-2025-46886,Adobe
CVE-2025-46887,Adobe
CVE-2025-46888,Adobe
CVE-2025-46889,Adobe
CVE-2025-46890,Adobe
CVE-2025-46891,Adobe
CVE-2025-46892,Adobe
CVE-2025-46893,Adobe
CVE-2025-46894,Adobe
CVE-2025-46895,Adobe
CVE-2025-46898,Adobe
CVE-2025-46899,Adobe
CVE-2025-46900,Adobe
CVE-2025-46901,Adobe
CVE-2025-46902,Adobe
CVE-2025-46903,Adobe
CVE-2025-46904,Adobe
CVE-2025-46905,Adobe
CVE-2025-46906,Adobe
CVE-2025-46907,Adobe
CVE-2025-46908,Adobe
CVE-2025-46909,Adobe
CVE-2025-46910,Adobe
CVE-2025-46911,Adobe
CVE-2025-46912,Adobe
CVE-2025-46913,Adobe
CVE-2025-46914,Adobe
CVE-2025-46915,Adobe
CVE-2025-46916,Adobe
CVE-2025-46917,Adobe
CVE-2025-46918,Adobe
CVE-2025-46919,Adobe
CVE-2025-46920,Adobe
CVE-2025-46922,Adobe
CVE-2025-46923,Adobe
CVE-2025-46924,Adobe
CVE-2025-46926,Adobe
CVE-2025-46927,Adobe
CVE-2025-46929,Adobe
CVE-2025-46930,Adobe
CVE-2025-46931,Adobe
CVE-2025-46932,Adobe
CVE-2025-46933,Adobe
CVE-2025-46934,Adobe
CVE-2025-46935,Adobe
CVE-2025-46936,Adobe
CVE-2025-46939,Adobe
CVE-2025-46940,Adobe
CVE-2025-46941,Adobe
CVE-2025-46942,Adobe
CVE-2025-46943,Adobe
CVE-2025-46944,Adobe
CVE-2025-46945,Adobe
CVE-2025-46946,Adobe
CVE-2025-46947,Adobe
CVE-2025-46948,Adobe
CVE-2025-46949,Adobe
CVE-2025-46950,Adobe
CVE-2025-46951,Adobe
CVE-2025-46952,Adobe
CVE-2025-46953,Adobe
CVE-2025-46954,Adobe
CVE-2025-46955,Adobe
CVE-2025-46956,Adobe
CVE-2025-46957,Adobe
CVE-2025-46958,Adobe
CVE-2025-46959,Adobe
CVE-2025-46960,Adobe
CVE-2025-46962,Adobe
CVE-2025-46963,Adobe
CVE-2025-46964,Adobe
CVE-2025-46965,Adobe
CVE-2025-46966,Adobe
CVE-2025-46967,Adobe
CVE-2025-46968,Adobe
CVE-2025-46970,Adobe
CVE-2025-46971,Adobe
CVE-2025-46972,Adobe
CVE-2025-46973,Adobe
CVE-2025-46974,Adobe
CVE-2025-46975,Adobe
CVE-2025-46976,Adobe
CVE-2025-46977,Adobe
CVE-2025-46978,Adobe
CVE-2025-46979,Adobe
CVE-2025-46981,Adobe
CVE-2025-46982,Adobe
CVE-2025-46983,Adobe
CVE-2025-46984,Adobe
CVE-2025-46985,Adobe
CVE-2025-46986,Adobe
CVE-2025-46987,Adobe
CVE-2025-46988,Adobe
CVE-2025-46989,Adobe
CVE-2025-46990,Adobe
CVE-2025-46991,Adobe
CVE-2025-46992,Adobe
CVE-2025-46993,Adobe
CVE-2025-46995,Adobe
CVE-2025-46996,Adobe
CVE-2025-46997,Adobe
CVE-2025-46998,Adobe
CVE-2025-46999,Adobe
CVE-2025-47000,Adobe
CVE-2025-47001,Adobe
CVE-2025-47002,Adobe
CVE-2025-47003,Adobe
CVE-2025-47004,Adobe
CVE-2025-47005,Adobe
CVE-2025-47006,Adobe
CVE-2025-47007,Adobe
CVE-2025-47008,Adobe
CVE-2025-47010,Adobe
CVE-2025-47011,Adobe
CVE-2025-47012,Adobe
CVE-2025-47013,Adobe
CVE-2025-47014,Adobe
CVE-2025-47015,Adobe
CVE-2025-47016,Adobe
CVE-2025-47017,Adobe
CVE-2025-47019,Adobe
CVE-2025-47020,Adobe
CVE-2025-47021,Adobe
CVE-2025-47022,Adobe
CVE-2025-47025,Adobe
CVE-2025-47026,Adobe
CVE-2025-47027,Adobe
CVE-2025-47029,Adobe
CVE-2025-47030,Adobe
CVE-2025-47031,Adobe
CVE-2025-47032,Adobe
CVE-2025-47033,Adobe
CVE-2025-47034,Adobe
CVE-2025-47035,Adobe
CVE-2025-47036,Adobe
CVE-2025-47037,Adobe
CVE-2025-47038,Adobe
CVE-2025-47039,Adobe
CVE-2025-47040,Adobe
CVE-2025-47041,Adobe
CVE-2025-47042,Adobe
CVE-2025-47044,Adobe
CVE-2025-47045,Adobe
CVE-2025-47047,Adobe
CVE-2025-47048,Adobe
CVE-2025-47049,Adobe
CVE-2025-47050,Adobe
CVE-2025-47051,Adobe
CVE-2025-47052,Adobe
CVE-2025-47053,Adobe
CVE-2025-47054,Adobe
CVE-2025-47055,Adobe
CVE-2025-47056,Adobe
CVE-2025-47057,Adobe
CVE-2025-47060,Adobe
CVE-2025-47061,Adobe
CVE-2025-47062,Adobe
CVE-2025-47063,Adobe
CVE-2025-47065,Adobe
CVE-2025-47066,Adobe
CVE-2025-47067,Adobe
CVE-2025-47068,Adobe
CVE-2025-47069,Adobe
CVE-2025-47070,Adobe
CVE-2025-47071,Adobe
CVE-2025-47072,Adobe
CVE-2025-47073,Adobe
CVE-2025-47074,Adobe
CVE-2025-47075,Adobe
CVE-2025-47076,Adobe
CVE-2025-47077,Adobe
CVE-2025-47078,Adobe
CVE-2025-47079,Adobe
CVE-2025-47080,Adobe
CVE-2025-47081,Adobe
CVE-2025-47082,Adobe
CVE-2025-47083,Adobe
CVE-2025-47084,Adobe
CVE-2025-47085,Adobe
CVE-2025-47086,Adobe
CVE-2025-47087,Adobe
CVE-2025-47088,Adobe
CVE-2025-47089,Adobe
CVE-2025-47090,Adobe
CVE-2025-47091,Adobe
CVE-2025-47092,Adobe
CVE-2025-47093,Adobe
CVE-2025-47094,Adobe
CVE-2025-47096,Adobe
CVE-2025-47097,Adobe
CVE-2025-47098,Adobe
CVE-2025-47099,Adobe
CVE-2025-47103,Adobe
CVE-2025-47104,Adobe
CVE-2025-47105,Adobe
CVE-2025-47106,Adobe
CVE-2025-47107,Adobe
CVE-2025-47108,Adobe
CVE-2025-47109,Adobe
CVE-2025-47110,Adobe
CVE-2025-47111,Adobe
CVE-2025-47112,Adobe
CVE-2025-47113,Adobe
CVE-2025-47114,Adobe
CVE-2025-47115,Adobe
CVE-2025-47116,Adobe
CVE-2025-47117,Adobe
CVE-2025-47119,Adobe
CVE-2025-47120,Adobe
CVE-2025-47121,Adobe
CVE-2025-47122,Adobe
CVE-2025-47123,Adobe
CVE-2025-47124,Adobe
CVE-2025-47125,Adobe
CVE-2025-47126,Adobe
CVE-2025-47127,Adobe
CVE-2025-47128,Adobe
CVE-2025-47129,Adobe
CVE-2025-47130,Adobe
CVE-2025-47131,Adobe
CVE-2025-47132,Adobe
CVE-2025-47133,Adobe
CVE-2025-47134,Adobe
CVE-2025-47135,Adobe
CVE-2025-47136,Adobe
CVE-2025-47147,Gallagher
CVE-2025-47148,F5
CVE-2025-47149,Digital Arts Inc.
CVE-2025-47150,F5
CVE-2025-47151,Entr'ouvert
CVE-2025-47152,PDF-XChange Co. Ltd
CVE-2025-47153,Debian
CVE-2025-47154,Ladybird
CVE-2025-47158,Microsoft
CVE-2025-47159,Microsoft
CVE-2025-47160,Microsoft
CVE-2025-47161,Microsoft
CVE-2025-47162,Microsoft
CVE-2025-47163,Microsoft
CVE-2025-47164,Microsoft
CVE-2025-47165,Microsoft
CVE-2025-47166,Microsoft
CVE-2025-47167,Microsoft
CVE-2025-47168,Microsoft
CVE-2025-47169,Microsoft
CVE-2025-47170,Microsoft
CVE-2025-47171,Microsoft
CVE-2025-47172,Microsoft
CVE-2025-47173,Microsoft
CVE-2025-47174,Microsoft
CVE-2025-47175,Microsoft
CVE-2025-47176,Microsoft
CVE-2025-47178,Microsoft
CVE-2025-47179,Microsoft
CVE-2025-47181,Microsoft
CVE-2025-47182,Microsoft
CVE-2025-47201,Intrexx
CVE-2025-47203,Dropbear SSH Project
CVE-2025-47205,QNAP Systems Inc.
CVE-2025-47206,QNAP Systems Inc.
CVE-2025-47207,QNAP Systems Inc.
CVE-2025-47208,QNAP Systems Inc.
CVE-2025-47209,QNAP Systems Inc.
CVE-2025-47210,QNAP Systems Inc.
CVE-2025-47211,QNAP Systems Inc.
CVE-2025-47212,QNAP Systems Inc.
CVE-2025-47213,QNAP Systems Inc.
CVE-2025-47214,QNAP Systems Inc.
CVE-2025-47226,snipeitapp
CVE-2025-47227,ScriptCase
CVE-2025-47228,ScriptCase
CVE-2025-47229,GNU
CVE-2025-47241,browser-use
CVE-2025-47244,Inedo
CVE-2025-47245,BlueWave
CVE-2025-47256,Libxmp
CVE-2025-47268,iputils
CVE-2025-47269,coder
CVE-2025-47270,nimiq
CVE-2025-47271,OZI-Project
CVE-2025-47272,CE-PhoenixCart
CVE-2025-47273,pypa
CVE-2025-47274,stacklok
CVE-2025-47275,auth0
CVE-2025-47276,ChewKeanHo
CVE-2025-47277,vllm-project
CVE-2025-47278,pallets
CVE-2025-47279,nodejs
CVE-2025-47280,umbraco
CVE-2025-47281,kyverno
CVE-2025-47282,gardener
CVE-2025-47283,gardener
CVE-2025-47284,gardener
CVE-2025-47285,vyperlang
CVE-2025-47286,Combodo
CVE-2025-47287,tornadoweb
CVE-2025-47288,discourse
CVE-2025-47289,CE-PhoenixCart
CVE-2025-47290,containerd
CVE-2025-47291,containerd
CVE-2025-47292,cap-collectif
CVE-2025-47293,powsybl
CVE-2025-47294,Fortinet
CVE-2025-47295,Fortinet
CVE-2025-47314,"Qualcomm, Inc."
CVE-2025-47315,"Qualcomm, Inc."
CVE-2025-47316,"Qualcomm, Inc."
CVE-2025-47317,"Qualcomm, Inc."
CVE-2025-47318,"Qualcomm, Inc."
CVE-2025-47319,"Qualcomm, Inc."
CVE-2025-47320,"Qualcomm, Inc."
CVE-2025-47321,"Qualcomm, Inc."
CVE-2025-47322,"Qualcomm, Inc."
CVE-2025-47323,"Qualcomm, Inc."
CVE-2025-47324,"Qualcomm, Inc."
CVE-2025-47325,"Qualcomm, Inc."
CVE-2025-47326,"Qualcomm, Inc."
CVE-2025-47327,"Qualcomm, Inc."
CVE-2025-47328,"Qualcomm, Inc."
CVE-2025-47329,"Qualcomm, Inc."
CVE-2025-47330,"Qualcomm, Inc."
CVE-2025-47331,"Qualcomm, Inc."
CVE-2025-47332,"Qualcomm, Inc."
CVE-2025-47333,"Qualcomm, Inc."
CVE-2025-47334,"Qualcomm, Inc."
CVE-2025-47335,"Qualcomm, Inc."
CVE-2025-47336,"Qualcomm, Inc."
CVE-2025-47337,"Qualcomm, Inc."
CVE-2025-47338,"Qualcomm, Inc."
CVE-2025-47339,"Qualcomm, Inc."
CVE-2025-47340,"Qualcomm, Inc."
CVE-2025-47341,"Qualcomm, Inc."
CVE-2025-47342,"Qualcomm, Inc."
CVE-2025-47343,"Qualcomm, Inc."
CVE-2025-47344,"Qualcomm, Inc."
CVE-2025-47345,"Qualcomm, Inc."
CVE-2025-47346,"Qualcomm, Inc."
CVE-2025-47347,"Qualcomm, Inc."
CVE-2025-47348,"Qualcomm, Inc."
CVE-2025-47349,"Qualcomm, Inc."
CVE-2025-47350,"Qualcomm, Inc."
CVE-2025-47351,"Qualcomm, Inc."
CVE-2025-47352,"Qualcomm, Inc."
CVE-2025-47353,"Qualcomm, Inc."
CVE-2025-47354,"Qualcomm, Inc."
CVE-2025-47355,"Qualcomm, Inc."
CVE-2025-47356,"Qualcomm, Inc."
CVE-2025-47357,"Qualcomm, Inc."
CVE-2025-47358,"Qualcomm, Inc."
CVE-2025-47359,"Qualcomm, Inc."
CVE-2025-47360,"Qualcomm, Inc."
CVE-2025-47361,"Qualcomm, Inc."
CVE-2025-47362,"Qualcomm, Inc."
CVE-2025-47363,"Qualcomm, Inc."
CVE-2025-47364,"Qualcomm, Inc."
CVE-2025-47365,"Qualcomm, Inc."
CVE-2025-47366,"Qualcomm, Inc."
CVE-2025-47367,"Qualcomm, Inc."
CVE-2025-47368,"Qualcomm, Inc."
CVE-2025-47369,"Qualcomm, Inc."
CVE-2025-47370,"Qualcomm, Inc."
CVE-2025-47371,"Qualcomm, Inc."
CVE-2025-47372,"Qualcomm, Inc."
CVE-2025-47373,"Qualcomm, Inc."
CVE-2025-47374,"Qualcomm, Inc."
CVE-2025-47375,"Qualcomm, Inc."
CVE-2025-47376,"Qualcomm, Inc."
CVE-2025-47377,"Qualcomm, Inc."
CVE-2025-47378,"Qualcomm, Inc."
CVE-2025-47379,"Qualcomm, Inc."
CVE-2025-47380,"Qualcomm, Inc."
CVE-2025-47381,"Qualcomm, Inc."
CVE-2025-47382,"Qualcomm, Inc."
CVE-2025-47383,"Qualcomm, Inc."
CVE-2025-47384,"Qualcomm, Inc."
CVE-2025-47385,"Qualcomm, Inc."
CVE-2025-47386,"Qualcomm, Inc."
CVE-2025-47387,"Qualcomm, Inc."
CVE-2025-47388,"Qualcomm, Inc."
CVE-2025-47389,"Qualcomm, Inc."
CVE-2025-47390,"Qualcomm, Inc."
CVE-2025-47391,"Qualcomm, Inc."
CVE-2025-47392,"Qualcomm, Inc."
CVE-2025-47393,"Qualcomm, Inc."
CVE-2025-47394,"Qualcomm, Inc."
CVE-2025-47395,"Qualcomm, Inc."
CVE-2025-47396,"Qualcomm, Inc."
CVE-2025-47397,"Qualcomm, Inc."
CVE-2025-47398,"Qualcomm, Inc."
CVE-2025-47399,"Qualcomm, Inc."
CVE-2025-47400,"Qualcomm, Inc."
CVE-2025-47401,"Qualcomm, Inc."
CVE-2025-47402,"Qualcomm, Inc."
CVE-2025-47403,"Qualcomm, Inc."
CVE-2025-47404,"Qualcomm, Inc."
CVE-2025-47405,"Qualcomm, Inc."
CVE-2025-47406,"Qualcomm, Inc."
CVE-2025-47407,"Qualcomm, Inc."
CVE-2025-47408,"Qualcomm, Inc."
CVE-2025-47410,Apache Software Foundation
CVE-2025-47411,Apache Software Foundation
CVE-2025-47415,CRESTRON
CVE-2025-47416,CRESTRON
CVE-2025-47417,Crestron
CVE-2025-47418,Crestron
CVE-2025-47419,Crestron
CVE-2025-47420,Crestron
CVE-2025-47421,CRESTRON
CVE-2025-47423,pwsdashboard
CVE-2025-47424,Retool
CVE-2025-47436,Apache Software Foundation
CVE-2025-47437,LiteSpeed Technologies
CVE-2025-47438,wpjobportal
CVE-2025-47439,WP Chill
CVE-2025-47440,Greg Winiarski
CVE-2025-47441,Chris Reynolds
CVE-2025-47442,CC
CVE-2025-47443,wpdevart
CVE-2025-47444,Damian Góra
CVE-2025-47445,Arraytics
CVE-2025-47446,listamester
CVE-2025-47447,Hossni Mubarak
CVE-2025-47448,ThimPress
CVE-2025-47449,Jordy Meow
CVE-2025-47450,Mitchell Bennis
CVE-2025-47451,silverplugins217
CVE-2025-47452,RexTheme
CVE-2025-47453,Xylus Themes
CVE-2025-47454,CRM Perks
CVE-2025-47455,CRM Perks
CVE-2025-47456,CRM Perks
CVE-2025-47457,dgamoni
CVE-2025-47458,B2itech
CVE-2025-47459,Roxnor
CVE-2025-47460,TrackShip
CVE-2025-47461,mediaticus
CVE-2025-47462,WebAppick
CVE-2025-47463,Fahad Mahmood
CVE-2025-47464,solacewp
CVE-2025-47465,creativethemeshq
CVE-2025-47466,Rustaurius
CVE-2025-47467,GS Plugins
CVE-2025-47468,hashthemes
CVE-2025-47469,slui
CVE-2025-47470,senols
CVE-2025-47471,EnvoThemes
CVE-2025-47472,codepeople
CVE-2025-47473,pimwick
CVE-2025-47474,Ninetheme
CVE-2025-47475,artbees
CVE-2025-47476,add-ons.org
CVE-2025-47477,revmakx
CVE-2025-47478,Metagauss
CVE-2025-47479,AresIT
CVE-2025-47480,Iqonic Design
CVE-2025-47481,GS Plugins
CVE-2025-47482,sonalsinha21
CVE-2025-47483,Iulia Cazan
CVE-2025-47484,Oliver Campion
CVE-2025-47485,CozyThemes
CVE-2025-47486,CyberChimps
CVE-2025-47487,Moreconvert Team
CVE-2025-47488,boldthemes
CVE-2025-47489,markkinchin
CVE-2025-47490,Rustaurius
CVE-2025-47491,A WP Life
CVE-2025-47492,add-ons.org
CVE-2025-47493,Ultimate Blocks
CVE-2025-47494,Ashan Perera
CVE-2025-47495,Blockspare
CVE-2025-47496,PublishPress
CVE-2025-47497,Themepoints
CVE-2025-47498,nicdark
CVE-2025-47499,Jeff Starr
CVE-2025-47500,Benjamin Intal
CVE-2025-47501,Daniel Iser
CVE-2025-47502,Nick van Wobbie
CVE-2025-47503,wpo-HR
CVE-2025-47504,WPFactory
CVE-2025-47505,ProWCPlugins
CVE-2025-47506,Ajay
CVE-2025-47507,Ajay
CVE-2025-47508,Ruben Garcia
CVE-2025-47509,Ajay
CVE-2025-47510,fullworks
CVE-2025-47511,info@welcart
CVE-2025-47512,tainacan
CVE-2025-47513,James Laforge
CVE-2025-47514,Eli
CVE-2025-47515,Seb
CVE-2025-47516,Scott Paterson
CVE-2025-47517,Scott Paterson
CVE-2025-47518,Scott Paterson
CVE-2025-47519,Scott Paterson
CVE-2025-47520,Syed Balkhi
CVE-2025-47521,robosoft
CVE-2025-47522,AWEOS GmbH
CVE-2025-47523,Lukáš Hartmann
CVE-2025-47524,karim42
CVE-2025-47525,boldthemes
CVE-2025-47526,GS Plugins
CVE-2025-47527,Icegram
CVE-2025-47528,pewilliams
CVE-2025-47529,UX Design Experts
CVE-2025-47530,WPFunnels
CVE-2025-47531,Xylus Themes
CVE-2025-47532,CoinPayments
CVE-2025-47533,Iqonic Design
CVE-2025-47534,ValvePress
CVE-2025-47535,wpopal
CVE-2025-47536,keywordrush
CVE-2025-47537,add-ons.org
CVE-2025-47538,wpdever
CVE-2025-47539,Arraytics
CVE-2025-47540,weDevs
CVE-2025-47541,WPFunnels
CVE-2025-47542,Michael
CVE-2025-47543,themetechmount
CVE-2025-47544,acowebs
CVE-2025-47545,Ays Pro
CVE-2025-47546,AresIT
CVE-2025-47547,SendPulse
CVE-2025-47548,Varun Dubey
CVE-2025-47549,Themefic
CVE-2025-47550,Themefic
CVE-2025-47551,ctltwp
CVE-2025-47552,Digital zoom studio
CVE-2025-47553,Digital zoom studio
CVE-2025-47554,QuanticaLabs
CVE-2025-47555,Themeum
CVE-2025-47556,QuanticaLabs
CVE-2025-47557,RomanCode
CVE-2025-47558,RomanCode
CVE-2025-47559,RomanCode
CVE-2025-47560,RomanCode
CVE-2025-47561,RomanCode
CVE-2025-47562,RomanCode
CVE-2025-47563,villatheme
CVE-2025-47564,ashanjay
CVE-2025-47565,ashanjay
CVE-2025-47566,ZoomSounds
CVE-2025-47567,LambertGroup
CVE-2025-47568,ZoomIt
CVE-2025-47569,WPSwings
CVE-2025-47570,villatheme
CVE-2025-47571,highwarden
CVE-2025-47572,mojoomla
CVE-2025-47573,mojoomla
CVE-2025-47574,mojoomla
CVE-2025-47575,mojoomla
CVE-2025-47576,Bringthepixel
CVE-2025-47577,templateinvaders
CVE-2025-47578,Edward Caissie
CVE-2025-47579,ThemeGoods
CVE-2025-47580,Rustaurius
CVE-2025-47581,elbisnero
CVE-2025-47582,QuantumCloud
CVE-2025-47583,Dimitri Grassi
CVE-2025-47584,ThemeGoods
CVE-2025-47585,magepeopleteam
CVE-2025-47586,StylemixThemes
CVE-2025-47587,YayCommerce
CVE-2025-47588,acowebs
CVE-2025-47589,motov.net
CVE-2025-47590,JExtensions Store
CVE-2025-47591,CreedAlly
CVE-2025-47592,Árpád Lehel Mátyus
CVE-2025-47593,Jonas Hjalmarsson
CVE-2025-47594,DAEXT
CVE-2025-47595,Darshan Saroya
CVE-2025-47596,Syed Balkhi
CVE-2025-47597,Maulik Vora
CVE-2025-47598,click5
CVE-2025-47599,facturante
CVE-2025-47600,xtemos
CVE-2025-47601,Christiaan Pieterse
CVE-2025-47602,ammarahmad786
CVE-2025-47603,Belingo
CVE-2025-47604,"Data443 Risk Mitigation, Inc."
CVE-2025-47605,AppJetty
CVE-2025-47606,Igor Benic
CVE-2025-47607,AppJetty
CVE-2025-47608,sonalsinha21
CVE-2025-47609,easymebiz
CVE-2025-47610,Wetail
CVE-2025-47611,Khaled
CVE-2025-47612,ClickWhale
CVE-2025-47613,mojoomla
CVE-2025-47614,Chris Clark
CVE-2025-47615,flowdee
CVE-2025-47616,Kodezen LLC
CVE-2025-47617,aharonyan
CVE-2025-47618,Mortgage Calculator
CVE-2025-47619,6Storage
CVE-2025-47620,bundgaard
CVE-2025-47621,Meks
CVE-2025-47622,apasionados
CVE-2025-47623,Scott Paterson
CVE-2025-47624,apasionados
CVE-2025-47625,apasionados
CVE-2025-47626,apasionados
CVE-2025-47627,LCweb
CVE-2025-47628,quomodosoft
CVE-2025-47629,Mario Peshev
CVE-2025-47630,Darren Cooney
CVE-2025-47631,mojoomla
CVE-2025-47632,Raihanul Islam
CVE-2025-47633,Awin
CVE-2025-47634,Keylor Mendoza
CVE-2025-47635,WPWebinarSystem
CVE-2025-47636,Fernando Briano
CVE-2025-47637,STAGGS
CVE-2025-47638,Sarvesh M Rao
CVE-2025-47639,Supertext
CVE-2025-47640,printcart
CVE-2025-47641,printcart
CVE-2025-47642,Ajar Productions
CVE-2025-47643,ELEXtensions
CVE-2025-47644,formsintegrations
CVE-2025-47645,ELEXtensions
CVE-2025-47646,Gilblas Ngunte Possi
CVE-2025-47647,OTWthemes
CVE-2025-47648,axima
CVE-2025-47649,StackWC
CVE-2025-47650,Infility
CVE-2025-47651,Infility
CVE-2025-47652,Infility
CVE-2025-47653,tggfref
CVE-2025-47654,Adrian Tobey
CVE-2025-47655,themarketer2023
CVE-2025-47656,Spiracle Themes
CVE-2025-47657,Productive Minds
CVE-2025-47658,ELEXtensions
CVE-2025-47659,voidcoders
CVE-2025-47660,"Codexpert, Inc"
CVE-2025-47661,codemstory
CVE-2025-47662,woobox
CVE-2025-47663,mojoomla
CVE-2025-47664,ThimPress
CVE-2025-47665,bistromatic
CVE-2025-47666,LambertGroup
CVE-2025-47667,qusupport
CVE-2025-47668,cookiecode
CVE-2025-47669,Sabuj Kundu
CVE-2025-47670,miniOrange
CVE-2025-47671,LETSCMS MLM Software
CVE-2025-47672,miniOrange
CVE-2025-47673,tychesoftwares
CVE-2025-47674,Credova Financial
CVE-2025-47675,woobox
CVE-2025-47676,Faiyaz Alam
CVE-2025-47677,gt3themes
CVE-2025-47678,FunnelCockpit
CVE-2025-47679,RS WP THEMES
CVE-2025-47680,Michel - xiligroup dev
CVE-2025-47681,"Ability, Inc"
CVE-2025-47682,Cozy Vision
CVE-2025-47683,Florent Maillefaud
CVE-2025-47684,Smaily
CVE-2025-47685,Moloni
CVE-2025-47686,DELUCKS
CVE-2025-47687,StoreKeeper B.V.
CVE-2025-47688,Saad Iqbal
CVE-2025-47689,johnh10
CVE-2025-47690,"Smackcoders Inc.,"
CVE-2025-47691,Ultimate Member
CVE-2025-47692,contentstudio
CVE-2025-47693,roninwp
CVE-2025-47694,solwin
CVE-2025-47695,solwin
CVE-2025-47696,solwin
CVE-2025-47697,"UCHIDA YOKO CO., LTD."
CVE-2025-47698,Cognex
CVE-2025-47699,Gallagher
CVE-2025-47700,Mattermost
CVE-2025-47701,Drupal
CVE-2025-47702,Drupal
CVE-2025-47703,Drupal
CVE-2025-47704,Drupal
CVE-2025-47705,Drupal
CVE-2025-47706,Drupal
CVE-2025-47707,Drupal
CVE-2025-47708,Drupal
CVE-2025-47709,Drupal
CVE-2025-47710,Drupal
CVE-2025-47711,Red Hat
CVE-2025-47712,Red Hat
CVE-2025-47713,Apache Software Foundation
CVE-2025-47724,Delta Electronics
CVE-2025-47725,Delta Electronics
CVE-2025-47726,Delta Electronics
CVE-2025-47727,Delta Electronics
CVE-2025-47728,Delta Electronics
CVE-2025-47729,TeleMessage
CVE-2025-47730,TeleMessage
CVE-2025-47732,Microsoft
CVE-2025-47733,Microsoft
CVE-2025-47735,Nugine
CVE-2025-47736,gwenn
CVE-2025-47737,Geal
CVE-2025-47749,"FUJI ELECTRIC CO., LTD."
CVE-2025-47750,"FUJI ELECTRIC CO., LTD."
CVE-2025-47751,"FUJI ELECTRIC CO., LTD."
CVE-2025-47752,"FUJI ELECTRIC CO., LTD."
CVE-2025-47753,"FUJI ELECTRIC CO., LTD."
CVE-2025-47754,"FUJI ELECTRIC CO., LTD."
CVE-2025-47755,"FUJI ELECTRIC CO., LTD."
CVE-2025-47756,"FUJI ELECTRIC CO., LTD."
CVE-2025-47757,"FUJI ELECTRIC CO., LTD."
CVE-2025-47758,"FUJI ELECTRIC CO., LTD."
CVE-2025-47759,"FUJI ELECTRIC CO., LTD."
CVE-2025-47760,"FUJI ELECTRIC CO., LTD."
CVE-2025-47761,Fortinet
CVE-2025-47771,powsybl
CVE-2025-47773,Combodo
CVE-2025-47774,vyperlang
CVE-2025-47775,bullfrogsec
CVE-2025-47776,mantisbt
CVE-2025-47777,nanbingxyz
CVE-2025-47778,sulu
CVE-2025-47779,asterisk
CVE-2025-47780,asterisk
CVE-2025-47781,lukevella
CVE-2025-47782,motioneye-project
CVE-2025-47783,HumanSignal
CVE-2025-47784,emlog
CVE-2025-47785,emlog
CVE-2025-47786,emlog
CVE-2025-47787,emlog
CVE-2025-47788,Atheos
CVE-2025-47789,horilla-opensource
CVE-2025-47790,nextcloud
CVE-2025-47791,nextcloud
CVE-2025-47792,nextcloud
CVE-2025-47793,nextcloud
CVE-2025-47794,nextcloud
CVE-2025-47809,Wibu
CVE-2025-47811,wftpserver
CVE-2025-47812,wftpserver
CVE-2025-47813,wftpserver
CVE-2025-47814,GNU
CVE-2025-47815,GNU
CVE-2025-47816,GNU
CVE-2025-47817,BlueWave
CVE-2025-47818,Flock Safety
CVE-2025-47819,Flock Safety
CVE-2025-47820,Flock Safety
CVE-2025-47821,Flock Safety
CVE-2025-47822,Flock Safety
CVE-2025-47823,Flock Safety
CVE-2025-47824,Flock Safety
CVE-2025-47828,Lumi
CVE-2025-47849,Apache Software Foundation
CVE-2025-47850,JetBrains
CVE-2025-47851,JetBrains
CVE-2025-47852,JetBrains
CVE-2025-47853,JetBrains
CVE-2025-47854,JetBrains
CVE-2025-47855,Fortinet
CVE-2025-47856,Fortinet
CVE-2025-47857,Fortinet
CVE-2025-47865,"Trend Micro, Inc."
CVE-2025-47866,"Trend Micro, Inc."
CVE-2025-47867,"Trend Micro, Inc."
CVE-2025-47868,Apache Software Foundation
CVE-2025-47869,Apache Software Foundation
CVE-2025-47870,Mattermost
CVE-2025-47871,Mattermost
CVE-2025-47872,EG4 Electronics
CVE-2025-47873,Canva
CVE-2025-47884,Jenkins Project
CVE-2025-47885,Jenkins Project
CVE-2025-47886,Jenkins Project
CVE-2025-47887,Jenkins Project
CVE-2025-47888,Jenkins Project
CVE-2025-47889,Jenkins Project
CVE-2025-47890,Fortinet
CVE-2025-47900,Microchip
CVE-2025-47901,Microchip
CVE-2025-47902,Microchip
CVE-2025-47904,Microchip
CVE-2025-47905,varnish-software
CVE-2025-47906,Go standard library
CVE-2025-47907,Go standard library
CVE-2025-47908,github.com/rs/cors
CVE-2025-47909,github.com/gorilla/csrf
CVE-2025-47910,Go standard library
CVE-2025-47911,golang.org/x/net
CVE-2025-47912,Go standard library
CVE-2025-47913,golang.org/x/crypto
CVE-2025-47914,golang.org/x/crypto
CVE-2025-47916,invisioncommunity
CVE-2025-47917,Mbed
CVE-2025-47928,spotipy-dev
CVE-2025-47929,DumbWareio
CVE-2025-47930,zulip
CVE-2025-47931,librenms
CVE-2025-47932,Combodo
CVE-2025-47933,argoproj
CVE-2025-47934,openpgpjs
CVE-2025-47935,expressjs
CVE-2025-47936,TYPO3
CVE-2025-47937,TYPO3
CVE-2025-47938,TYPO3
CVE-2025-47939,TYPO3
CVE-2025-47940,TYPO3
CVE-2025-47941,TYPO3
CVE-2025-47942,openedx
CVE-2025-47943,gogs
CVE-2025-47944,expressjs
CVE-2025-47945,donetick
CVE-2025-47946,symfony
CVE-2025-47947,owasp-modsecurity
CVE-2025-47948,cocotais
CVE-2025-47949,tngan
CVE-2025-47950,coredns
CVE-2025-47951,WeblateOrg
CVE-2025-47952,traefik
CVE-2025-47953,Microsoft
CVE-2025-47954,Microsoft
CVE-2025-47955,Microsoft
CVE-2025-47956,Microsoft
CVE-2025-47957,Microsoft
CVE-2025-47959,Microsoft
CVE-2025-47962,Microsoft
CVE-2025-47963,Microsoft
CVE-2025-47964,Microsoft
CVE-2025-47966,Microsoft
CVE-2025-47967,Microsoft
CVE-2025-47968,Microsoft
CVE-2025-47969,Microsoft
CVE-2025-47971,Microsoft
CVE-2025-47972,Microsoft
CVE-2025-47973,Microsoft
CVE-2025-47975,Microsoft
CVE-2025-47976,Microsoft
CVE-2025-47977,Microsoft
CVE-2025-47978,Microsoft
CVE-2025-47979,Microsoft
CVE-2025-47980,Microsoft
CVE-2025-47981,Microsoft
CVE-2025-47982,Microsoft
CVE-2025-47984,Microsoft
CVE-2025-47985,Microsoft
CVE-2025-47986,Microsoft
CVE-2025-47987,Microsoft
CVE-2025-47988,Microsoft
CVE-2025-47989,Microsoft
CVE-2025-47991,Microsoft
CVE-2025-47993,Microsoft
CVE-2025-47994,Microsoft
CVE-2025-47995,Microsoft
CVE-2025-47996,Microsoft
CVE-2025-47997,Microsoft
CVE-2025-47998,Microsoft
CVE-2025-47999,Microsoft
CVE-2025-48000,Microsoft
CVE-2025-48001,Microsoft
CVE-2025-48002,Microsoft
CVE-2025-48003,Microsoft
CVE-2025-48004,Microsoft
CVE-2025-48005,The Biosig Project
CVE-2025-48006,"Saison Technology Co.,Ltd."
CVE-2025-48007,Hallo Welt! GmbH
CVE-2025-48008,F5
CVE-2025-48009,Drupal
CVE-2025-48010,Drupal
CVE-2025-48011,Drupal
CVE-2025-48012,Drupal
CVE-2025-48013,Drupal
CVE-2025-48014,Schweitzer Engineering Laboratories
CVE-2025-48015,Schweitzer Engineering Laboratories
CVE-2025-48016,Schweitzer Engineering Laboratories
CVE-2025-48017,Schweitzer Engineering Laboratories
CVE-2025-48018,Schweitzer Engineering Laboratories
CVE-2025-48019,Yokogawa Electric Corporation
CVE-2025-48020,Yokogawa Electric Corporation
CVE-2025-48021,Yokogawa Electric Corporation
CVE-2025-48022,Yokogawa Electric Corporation
CVE-2025-48023,Yokogawa Electric Corporation
CVE-2025-48024,BlueWave
CVE-2025-48027,MutonUfoAI
CVE-2025-48038,Erlang
CVE-2025-48039,Erlang
CVE-2025-48040,Erlang
CVE-2025-48041,Erlang
CVE-2025-48042,ash-project
CVE-2025-48043,ash-project
CVE-2025-48044,ash-project
CVE-2025-48045,MICI Network Co. Ltd.
CVE-2025-48046,MICI Network Co. Ltd.
CVE-2025-48047,MICI Network Co. Ltd.
CVE-2025-48050,Cure53
CVE-2025-48051,Lichess
CVE-2025-48053,discourse
CVE-2025-48054,radashi-org
CVE-2025-48055,Combodo
CVE-2025-48056,cilium
CVE-2025-48057,Icinga
CVE-2025-48058,powsybl
CVE-2025-48059,powsybl
CVE-2025-48060,jqlang
CVE-2025-48061,wireapp
CVE-2025-48062,discourse
CVE-2025-48063,xwiki
CVE-2025-48064,desktop
CVE-2025-48065,Combodo
CVE-2025-48066,wireapp
CVE-2025-48067,OctoPrint
CVE-2025-48068,vercel
CVE-2025-48069,Shopify
CVE-2025-48070,makeplane
CVE-2025-48071,AcademySoftwareFoundation
CVE-2025-48072,AcademySoftwareFoundation
CVE-2025-48073,AcademySoftwareFoundation
CVE-2025-48074,AcademySoftwareFoundation
CVE-2025-48075,gofiber
CVE-2025-48076,galette
CVE-2025-48077,nitinmaurya12
CVE-2025-48078,Norbert
CVE-2025-48079,Metagauss
CVE-2025-48080,Uncanny Owl
CVE-2025-48081,Printeers
CVE-2025-48082,Progress Planner
CVE-2025-48083,andriassundskard
CVE-2025-48085,ZIPANG
CVE-2025-48086,wpdreams
CVE-2025-48087,Jason C.
CVE-2025-48088,Brainstorm_Force
CVE-2025-48089,Rainbow-Themes
CVE-2025-48090,CocoBasic
CVE-2025-48091,Alexander
CVE-2025-48092,jurajpuchky
CVE-2025-48093,Calvaweb
CVE-2025-48094,LambertGroup
CVE-2025-48095,Ays Pro
CVE-2025-48096,FRESHFACE
CVE-2025-48097,Shiva
CVE-2025-48098,Ays Pro
CVE-2025-48099,Code Amp
CVE-2025-48100,extremeidea
CVE-2025-48101,webdevstudios
CVE-2025-48102,gourl
CVE-2025-48103,mulscully
CVE-2025-48104,ericzane
CVE-2025-48105,Vincent Boiardt
CVE-2025-48106,CMSSuperHeroes
CVE-2025-48107,undsgn
CVE-2025-48108,Mojoomla
CVE-2025-48109,Xavier Media
CVE-2025-48110,mibuthu
CVE-2025-48111,YITHEMES
CVE-2025-48112,karimmughal
CVE-2025-48113,Broadstreet
CVE-2025-48114,Shayan Farhang Pazhooh
CVE-2025-48115,Javier Revilla
CVE-2025-48116,Ashan Perera
CVE-2025-48117,kilbot
CVE-2025-48118,WpExperts Hub
CVE-2025-48119,RS WP THEMES
CVE-2025-48120,RomanCode
CVE-2025-48121,Steve Puddick
CVE-2025-48122,Holest Engineering
CVE-2025-48123,Holest Engineering
CVE-2025-48124,Holest Engineering
CVE-2025-48125,WP Event Manager
CVE-2025-48126,g5theme
CVE-2025-48127,App Cheap
CVE-2025-48128,Sharespine
CVE-2025-48129,Holest Engineering
CVE-2025-48130,spicethemes
CVE-2025-48131,Saiful Islam
CVE-2025-48132,pencilwp
CVE-2025-48133,Uncanny Owl
CVE-2025-48134,ShapedPlugin LLC
CVE-2025-48135,aptivadadev
CVE-2025-48136,Estatik
CVE-2025-48137,proxymis
CVE-2025-48138,Bertha AI – Andrew Palmer
CVE-2025-48139,relentlo
CVE-2025-48140,metalpriceapi
CVE-2025-48141,Alex Zaytseff
CVE-2025-48142,Saad Iqbal
CVE-2025-48143,salesup2019
CVE-2025-48144,sidngr
CVE-2025-48145,Michal Jaworski
CVE-2025-48146,Michael Lups
CVE-2025-48147,Crypto Cloud
CVE-2025-48148,StoreKeeper B.V.
CVE-2025-48149,dedalx
CVE-2025-48150,sminozzi
CVE-2025-48151,CreativeMindsSolutions
CVE-2025-48152,dimafreund
CVE-2025-48153,Atakan Au
CVE-2025-48154,LambertGroup
CVE-2025-48155,enituretechnology
CVE-2025-48156,Parakoos
CVE-2025-48157,Michele Giorgi
CVE-2025-48158,Alex Githatu
CVE-2025-48159,LambertGroup
CVE-2025-48160,CocoBasic
CVE-2025-48161,YayCommerce
CVE-2025-48162,quantumcloud
CVE-2025-48163,LambertGroup
CVE-2025-48164,Brainstorm Force
CVE-2025-48165,DELUCKS
CVE-2025-48166,sminozzi
CVE-2025-48167,alexvtn
CVE-2025-48168,LambertGroup
CVE-2025-48169,Jordy Meow
CVE-2025-48170,LambertGroup
CVE-2025-48171,thembay
CVE-2025-48172,CHMLib
CVE-2025-48174,aomedia
CVE-2025-48175,aomedia
CVE-2025-48187,infiniflow
CVE-2025-48188,GNU
CVE-2025-48200,TYPO3
CVE-2025-48201,TYPO3
CVE-2025-48202,TYPO3
CVE-2025-48203,TYPO3
CVE-2025-48204,TYPO3
CVE-2025-48205,TYPO3
CVE-2025-48206,TYPO3
CVE-2025-48207,TYPO3
CVE-2025-48208,Apache Software Foundation
CVE-2025-48219,O2 UK
CVE-2025-48231,codepeople
CVE-2025-48232,Xpro
CVE-2025-48233,affmngr
CVE-2025-48234,Ultimate Blocks
CVE-2025-48235,Bogdan Bendziukov
CVE-2025-48236,bunny.net
CVE-2025-48237,WPFactory
CVE-2025-48238,awcode
CVE-2025-48239,WPFactory
CVE-2025-48240,WPFactory
CVE-2025-48241,Soft8Soft LLC
CVE-2025-48242,wpWax
CVE-2025-48243,sminozzi
CVE-2025-48244,Tim Strifler
CVE-2025-48245,Saad Iqbal
CVE-2025-48246,StellarWP
CVE-2025-48247,Blair Williams
CVE-2025-48248,WPFactory
CVE-2025-48249,WPFactory
CVE-2025-48250,WPFactory
CVE-2025-48251,WPFactory
CVE-2025-48252,WPFactory
CVE-2025-48253,WPFactory
CVE-2025-48254,WPFactory
CVE-2025-48255,videowhisper
CVE-2025-48256,Xylus Themes
CVE-2025-48257,Projectopia
CVE-2025-48258,jetmonsters
CVE-2025-48259,Juan Carlos
CVE-2025-48260,Ninja Team
CVE-2025-48261,MultiVendorX
CVE-2025-48262,M.Code
CVE-2025-48263,MultiVendorX
CVE-2025-48264,artiosmedia
CVE-2025-48265,Pektsekye
CVE-2025-48266,RealMag777
CVE-2025-48267,ThimPress
CVE-2025-48268,Guru Team
CVE-2025-48269,Greg Winiarski
CVE-2025-48270,sonalsinha21
CVE-2025-48271,Leadinfo
CVE-2025-48272,wpjobportal
CVE-2025-48273,wpjobportal
CVE-2025-48274,wpjobportal
CVE-2025-48275,dastan800
CVE-2025-48276,Visual Composer
CVE-2025-48277,Stylemix
CVE-2025-48278,davidfcarr
CVE-2025-48279,Richard Perdaan
CVE-2025-48280,Ruben Garcia
CVE-2025-48281,mystyleplatform
CVE-2025-48282,Majestic Support
CVE-2025-48283,Majestic Support
CVE-2025-48284,shohei.tanaka
CVE-2025-48285,sbouey
CVE-2025-48286,catkin
CVE-2025-48287,Pagaleve
CVE-2025-48288,Element Invader
CVE-2025-48289,AncoraThemes
CVE-2025-48290,bslthemes
CVE-2025-48291,Wasiliy Strecker / ContestGallery developer
CVE-2025-48292,GoodLayers
CVE-2025-48293,Dylan Kuhn
CVE-2025-48294,Kerfred
CVE-2025-48295,hashthemes
CVE-2025-48296,skygroup
CVE-2025-48297,quantumcloud
CVE-2025-48298,Benjamin Denis
CVE-2025-48299,YayCommerce
CVE-2025-48300,Adrian Tobey
CVE-2025-48301,YayCommerce
CVE-2025-48302,Roxnor
CVE-2025-48303,Kevin Langley Jr.
CVE-2025-48304,Gary Illyes
CVE-2025-48305,vikingjs
CVE-2025-48306,developers savyour
CVE-2025-48307,kasonzhao
CVE-2025-48308,nonletter
CVE-2025-48309,web-able
CVE-2025-48310,wptableeditor
CVE-2025-48311,OffClicks
CVE-2025-48312,文派翻译（WP Chinese Translation）
CVE-2025-48313,kevin heath
CVE-2025-48314,salubrio
CVE-2025-48315,stanton119
CVE-2025-48316,ItayXD
CVE-2025-48317,Stefan Keller
CVE-2025-48318,shen2
CVE-2025-48319,gslauraspeck
CVE-2025-48320,cuckoohello
CVE-2025-48321,dyiosah
CVE-2025-48322,Finn Dohrn
CVE-2025-48323,Md Abunaser Khan
CVE-2025-48324,khashabawy
CVE-2025-48325,shmish111
CVE-2025-48326,Acclectic Media
CVE-2025-48327,inkthemes
CVE-2025-48328,Daman Jeet
CVE-2025-48329,Daman Jeet
CVE-2025-48330,Daman Jeet
CVE-2025-48331,vanquish
CVE-2025-48332,PublishPress
CVE-2025-48333,WPQuark
CVE-2025-48334,BinaryCarpenter
CVE-2025-48335,CyberChimps
CVE-2025-48336,ThimPress
CVE-2025-48337,QuickcabWP
CVE-2025-48338,Kevon Adonis
CVE-2025-48339,activity-log.com
CVE-2025-48340,Danny Vink
CVE-2025-48341,10Web
CVE-2025-48342,RedefiningTheWeb
CVE-2025-48343,Aaron Axelsen
CVE-2025-48344,ed4becky
CVE-2025-48345,arisoft
CVE-2025-48346,Embed360
CVE-2025-48347,Vincent Mimoun-Prat
CVE-2025-48348,chandrashekharsahu
CVE-2025-48349,origincode
CVE-2025-48350,Basar Ventures
CVE-2025-48351,PluginsPoint
CVE-2025-48352,sitesearch-yandex
CVE-2025-48353,dactum
CVE-2025-48354,WP Smart Widgets
CVE-2025-48355,ProveSource LTD
CVE-2025-48356,Isra
CVE-2025-48357,Theme Century
CVE-2025-48358,everythingwp
CVE-2025-48359,thaihavnn07
CVE-2025-48360,Razvan Stanga
CVE-2025-48361,Saeed Sattar Beglou
CVE-2025-48362,Saeed Sattar Beglou
CVE-2025-48363,Metin Saraç
CVE-2025-48364,vEnCa-X
CVE-2025-48365,imaprogrammer
CVE-2025-48366,Intermesh
CVE-2025-48367,redis
CVE-2025-48368,Intermesh
CVE-2025-48369,Intermesh
CVE-2025-48370,supabase
CVE-2025-48371,openfga
CVE-2025-48372,schule111
CVE-2025-48373,schule111
CVE-2025-48374,project-zot
CVE-2025-48375,schule111
CVE-2025-48376,dnnsoftware
CVE-2025-48377,dnnsoftware
CVE-2025-48378,dnnsoftware
CVE-2025-48379,python-pillow
CVE-2025-48381,cvat-ai
CVE-2025-48382,codelibs
CVE-2025-48383,codingjoe
CVE-2025-48384,git
CVE-2025-48385,git
CVE-2025-48386,git
CVE-2025-48387,mafintosh
CVE-2025-48388,freescout-help-desk
CVE-2025-48389,freescout-help-desk
CVE-2025-48390,freescout-help-desk
CVE-2025-48391,JetBrains
CVE-2025-48392,Apache Software Foundation
CVE-2025-48393,Eaton
CVE-2025-48394,Eaton
CVE-2025-48395,Eaton
CVE-2025-48396,Eaton
CVE-2025-48397,Eaton
CVE-2025-48413,eCharge Hardy Barth
CVE-2025-48414,eCharge Hardy Barth
CVE-2025-48415,eCharge Hardy Barth
CVE-2025-48416,eCharge Hardy Barth
CVE-2025-48417,eCharge Hardy Barth
CVE-2025-48418,Fortinet
CVE-2025-48428,Gallagher
CVE-2025-48429,Grassroot DICOM
CVE-2025-48430,Gallagher
CVE-2025-48431,Apache Software Foundation
CVE-2025-48432,djangoproject
CVE-2025-48443,"Trend Micro, Inc."
CVE-2025-48444,Drupal
CVE-2025-48445,Drupal
CVE-2025-48446,Drupal
CVE-2025-48447,Drupal
CVE-2025-48448,Drupal
CVE-2025-48459,Apache Software Foundation
CVE-2025-48461,Advantech
CVE-2025-48462,Advantech
CVE-2025-48463,Advantech
CVE-2025-48464,DuckDuckGo
CVE-2025-48466,Advantech
CVE-2025-48467,Advantech
CVE-2025-48468,Advantech
CVE-2025-48469,Advantech
CVE-2025-48470,Advantech
CVE-2025-48471,freescout-help-desk
CVE-2025-48472,freescout-help-desk
CVE-2025-48473,freescout-help-desk
CVE-2025-48474,freescout-help-desk
CVE-2025-48475,freescout-help-desk
CVE-2025-48476,freescout-help-desk
CVE-2025-48477,freescout-help-desk
CVE-2025-48478,freescout-help-desk
CVE-2025-48479,freescout-help-desk
CVE-2025-48480,freescout-help-desk
CVE-2025-48481,freescout-help-desk
CVE-2025-48482,freescout-help-desk
CVE-2025-48483,freescout-help-desk
CVE-2025-48484,freescout-help-desk
CVE-2025-48485,freescout-help-desk
CVE-2025-48486,freescout-help-desk
CVE-2025-48487,freescout-help-desk
CVE-2025-48488,freescout-help-desk
CVE-2025-48489,freescout-help-desk
CVE-2025-48490,Lomkit
CVE-2025-48491,aryan6673
CVE-2025-48492,GetSimpleCMS-CE
CVE-2025-48493,yiisoft
CVE-2025-48494,Forceu
CVE-2025-48495,Forceu
CVE-2025-48496,Emerson
CVE-2025-48497,"iroha Soft Co., Ltd."
CVE-2025-48498,Bloomberg
CVE-2025-48499,FUJIFILM Business Innovation Corp.
CVE-2025-48500,F5
CVE-2025-48501,Nimesa
CVE-2025-48502,AMD
CVE-2025-48503,AMD
CVE-2025-48505,AMD
CVE-2025-48506,AMD
CVE-2025-48507,AMD
CVE-2025-48508,AMD
CVE-2025-48509,AMD
CVE-2025-48510,AMD
CVE-2025-48511,AMD
CVE-2025-48512,AMD
CVE-2025-48513,AMD
CVE-2025-48514,AMD
CVE-2025-48515,AMD
CVE-2025-48516,AMD
CVE-2025-48517,AMD
CVE-2025-48518,AMD
CVE-2025-48519,AMD
CVE-2025-48520,AMD
CVE-2025-48521,AMD
CVE-2025-48522,Google
CVE-2025-48523,Google
CVE-2025-48524,Google
CVE-2025-48525,Google
CVE-2025-48526,Google
CVE-2025-48527,Google
CVE-2025-48528,Google
CVE-2025-48529,Google
CVE-2025-48530,Google
CVE-2025-48531,Google
CVE-2025-48532,Google
CVE-2025-48533,Google
CVE-2025-48534,Google
CVE-2025-48535,Google
CVE-2025-48536,Google
CVE-2025-48537,Google
CVE-2025-48538,Google
CVE-2025-48539,Google
CVE-2025-48540,Google
CVE-2025-48541,Google
CVE-2025-48542,Google
CVE-2025-48543,Google
CVE-2025-48544,Google
CVE-2025-48545,Google
CVE-2025-48546,Google
CVE-2025-48547,Google
CVE-2025-48548,Google
CVE-2025-48549,Google
CVE-2025-48550,Google
CVE-2025-48551,Google
CVE-2025-48552,Google
CVE-2025-48553,Google
CVE-2025-48554,Google
CVE-2025-48555,Google
CVE-2025-48556,Google
CVE-2025-48558,Google
CVE-2025-48559,Google
CVE-2025-48560,Google
CVE-2025-48561,Google
CVE-2025-48562,Google
CVE-2025-48563,Google
CVE-2025-48564,Google
CVE-2025-48565,Google
CVE-2025-48566,Google
CVE-2025-48567,Google
CVE-2025-48568,Google
CVE-2025-48569,Google
CVE-2025-48570,Google
CVE-2025-48571,Google
CVE-2025-48572,Google
CVE-2025-48573,Google
CVE-2025-48574,Google
CVE-2025-48575,Google
CVE-2025-48576,Google
CVE-2025-48577,Google
CVE-2025-48578,Google
CVE-2025-48579,Google
CVE-2025-48580,Google
CVE-2025-48581,Google
CVE-2025-48582,Google
CVE-2025-48583,Google
CVE-2025-48584,Google
CVE-2025-48585,Google
CVE-2025-48586,Google
CVE-2025-48587,Google
CVE-2025-48588,Google
CVE-2025-48589,Google
CVE-2025-48590,Google
CVE-2025-48591,Google
CVE-2025-48592,Google
CVE-2025-48593,Google
CVE-2025-48594,Google
CVE-2025-48595,Google
CVE-2025-48596,Google
CVE-2025-48597,Google
CVE-2025-48598,Google
CVE-2025-48599,Google
CVE-2025-48600,Google
CVE-2025-48601,Google
CVE-2025-48602,Google
CVE-2025-48603,Google
CVE-2025-48604,Google
CVE-2025-48605,Google
CVE-2025-48606,Google
CVE-2025-48607,Google
CVE-2025-48608,Google
CVE-2025-48609,Google
CVE-2025-48610,Google
CVE-2025-48611,Google
CVE-2025-48612,Google
CVE-2025-48613,Google
CVE-2025-48614,Google
CVE-2025-48615,Google
CVE-2025-48616,Google
CVE-2025-48617,Google
CVE-2025-48618,Google
CVE-2025-48619,Google
CVE-2025-48620,Google
CVE-2025-48621,Google
CVE-2025-48622,Google
CVE-2025-48623,Google
CVE-2025-48624,Google
CVE-2025-48625,Google
CVE-2025-48626,Google
CVE-2025-48627,Google
CVE-2025-48628,Google
CVE-2025-48629,Google
CVE-2025-48630,Google
CVE-2025-48631,Google
CVE-2025-48632,Google
CVE-2025-48633,Google
CVE-2025-48634,Google
CVE-2025-48635,Google
CVE-2025-48636,Google
CVE-2025-48637,Google
CVE-2025-48638,Google
CVE-2025-48639,Google
CVE-2025-48640,Google
CVE-2025-48641,Google
CVE-2025-48642,Google
CVE-2025-48643,Google
CVE-2025-48644,Google
CVE-2025-48645,Google
CVE-2025-48646,Google
CVE-2025-48647,Google
CVE-2025-48648,Google
CVE-2025-48649,Google
CVE-2025-48650,Google
CVE-2025-48651,Google
CVE-2025-48652,Google
CVE-2025-48653,Google
CVE-2025-48654,Google
CVE-2025-48695,CyberDAVA
CVE-2025-48701,openDCIM
CVE-2025-48703,centos-webpanel
CVE-2025-48704,Pexip
CVE-2025-48708,Artifex
CVE-2025-48709,BMC
CVE-2025-48710,kro.run
CVE-2025-48721,QNAP Systems Inc.
CVE-2025-48722,QNAP Systems Inc.
CVE-2025-48723,QNAP Systems Inc.
CVE-2025-48724,QNAP Systems Inc.
CVE-2025-48725,QNAP Systems Inc.
CVE-2025-48726,QNAP Systems Inc.
CVE-2025-48727,QNAP Systems Inc.
CVE-2025-48728,QNAP Systems Inc.
CVE-2025-48729,QNAP Systems Inc.
CVE-2025-48730,QNAP Systems Inc.
CVE-2025-48731,Mattermost
CVE-2025-48732,WWBN
CVE-2025-48733,DuraComm Corporation
CVE-2025-48734,Apache Software Foundation
CVE-2025-48735,BOS
CVE-2025-48738,StrangeBee
CVE-2025-48739,StrangeBee
CVE-2025-48740,StrangeBee
CVE-2025-48741,StrangeBee
CVE-2025-48742,SIGB
CVE-2025-48743,SIGB
CVE-2025-48744,SIGB
CVE-2025-48751,tickbh
CVE-2025-48752,Forestryks
CVE-2025-48753,obsidiandynamics
CVE-2025-48754,FractalFir
CVE-2025-48755,blyssprivacy
CVE-2025-48756,maboroshinokiseki
CVE-2025-48757,Lovable
CVE-2025-48768,Apache Software Foundation
CVE-2025-48769,Apache Software Foundation
CVE-2025-48780,"Soar Cloud System CO., LTD."
CVE-2025-48781,"Soar Cloud System CO., LTD."
CVE-2025-48782,"Soar Cloud System CO., LTD."
CVE-2025-48783,"Soar Cloud System CO., LTD."
CVE-2025-48784,"Soar Cloud System CO., LTD."
CVE-2025-48795,Apache Software Foundation
CVE-2025-48796,Red Hat
CVE-2025-48797,Red Hat
CVE-2025-48798,Red Hat
CVE-2025-48799,Microsoft
CVE-2025-48800,Microsoft
CVE-2025-48802,Microsoft
CVE-2025-48803,Microsoft
CVE-2025-48804,Microsoft
CVE-2025-48805,Microsoft
CVE-2025-48806,Microsoft
CVE-2025-48807,Microsoft
CVE-2025-48808,Microsoft
CVE-2025-48809,Microsoft
CVE-2025-48810,Microsoft
CVE-2025-48811,Microsoft
CVE-2025-48812,Microsoft
CVE-2025-48813,Microsoft
CVE-2025-48814,Microsoft
CVE-2025-48815,Microsoft
CVE-2025-48816,Microsoft
CVE-2025-48817,Microsoft
CVE-2025-48818,Microsoft
CVE-2025-48819,Microsoft
CVE-2025-48820,Microsoft
CVE-2025-48821,Microsoft
CVE-2025-48822,Microsoft
CVE-2025-48823,Microsoft
CVE-2025-48824,Microsoft
CVE-2025-48825,"Ricoh Company, Ltd."
CVE-2025-48826,Planet
CVE-2025-48827,vBulletin
CVE-2025-48828,vBulletin
CVE-2025-48839,Fortinet
CVE-2025-48840,Fortinet
CVE-2025-48860,Bosch Rexroth AG
CVE-2025-48861,Bosch Rexroth AG
CVE-2025-48862,Bosch Rexroth AG
CVE-2025-48865,fabiolb
CVE-2025-48866,owasp-modsecurity
CVE-2025-48867,horilla-opensource
CVE-2025-48868,horilla-opensource
CVE-2025-48869,horilla-opensource
CVE-2025-48875,freescout-help-desk
CVE-2025-48877,discourse
CVE-2025-48878,Combodo
CVE-2025-48879,OctoPrint
CVE-2025-48880,freescout-help-desk
CVE-2025-48881,valtimo-platform
CVE-2025-48882,PHPOffice
CVE-2025-48883,chrome-php
CVE-2025-48884,galette
CVE-2025-48885,xwikisas
CVE-2025-48886,cardano-scaling
CVE-2025-48887,vllm-project
CVE-2025-48888,denoland
CVE-2025-48889,gradio-app
CVE-2025-48890,"ELECOM CO.,LTD."
CVE-2025-48891,Advantech
CVE-2025-48902,Huawei
CVE-2025-48903,Huawei
CVE-2025-48904,Huawei
CVE-2025-48905,Huawei
CVE-2025-48906,Huawei
CVE-2025-48907,Huawei
CVE-2025-48908,Huawei
CVE-2025-48909,Huawei
CVE-2025-48910,Huawei
CVE-2025-48911,Huawei
CVE-2025-48912,Apache Software Foundation
CVE-2025-48913,Apache Software Foundation
CVE-2025-48914,Drupal
CVE-2025-48915,Drupal
CVE-2025-48916,Drupal
CVE-2025-48917,Drupal
CVE-2025-48918,Drupal
CVE-2025-48919,Drupal
CVE-2025-48920,Drupal
CVE-2025-48921,Drupal
CVE-2025-48922,Drupal
CVE-2025-48923,Drupal
CVE-2025-48924,Apache Software Foundation
CVE-2025-48925,TeleMessage
CVE-2025-48926,TeleMessage
CVE-2025-48927,TeleMessage
CVE-2025-48928,TeleMessage
CVE-2025-48929,TeleMessage
CVE-2025-48930,TeleMessage
CVE-2025-48931,TeleMessage
CVE-2025-48934,denoland
CVE-2025-48935,denoland
CVE-2025-48936,zitadel
CVE-2025-48937,matrix-org
CVE-2025-48938,cli
CVE-2025-48939,AmauriC
CVE-2025-48940,mybb
CVE-2025-48941,mybb
CVE-2025-48942,vllm-project
CVE-2025-48943,vllm-project
CVE-2025-48944,vllm-project
CVE-2025-48945,aio-libs
CVE-2025-48946,open-quantum-safe
CVE-2025-48947,auth0
CVE-2025-48948,navidrome
CVE-2025-48949,navidrome
CVE-2025-48950,1Panel-dev
CVE-2025-48951,auth0
CVE-2025-48952,jokob-sk
CVE-2025-48953,umbraco
CVE-2025-48954,discourse
CVE-2025-48955,Erudika
CVE-2025-48956,vllm-project
CVE-2025-48957,AstrBotDevs
CVE-2025-48958,froxlor
CVE-2025-48959,Acronis
CVE-2025-48960,Acronis
CVE-2025-48961,Acronis
CVE-2025-48962,Acronis
CVE-2025-48963,Acronis
CVE-2025-48964,iputils
CVE-2025-48965,Mbed
CVE-2025-48976,Apache Software Foundation
CVE-2025-48977,Apache Software Foundation
CVE-2025-48978,Ubiquiti Inc
CVE-2025-48979,Ubiquiti Inc
CVE-2025-48980,Brave
CVE-2025-48981,CompuGroup Medical
CVE-2025-48982,Veeam
CVE-2025-48983,Veeam
CVE-2025-48984,Veeam
CVE-2025-48985,Vercel
CVE-2025-48986,Revive
CVE-2025-48987,Revive
CVE-2025-48988,Apache Software Foundation
CVE-2025-48989,Apache Software Foundation
CVE-2025-48990,nekernel-org
CVE-2025-48991,Enalean
CVE-2025-48992,Intermesh
CVE-2025-48993,Intermesh
CVE-2025-48994,XML-Security
CVE-2025-48995,XML-Security
CVE-2025-48996,haxtheweb
CVE-2025-48997,expressjs
CVE-2025-48998,dataease
CVE-2025-48999,dataease
CVE-2025-49000,inventree
CVE-2025-49001,dataease
CVE-2025-49002,dataease
CVE-2025-49003,dataease
CVE-2025-49004,caido
CVE-2025-49005,vercel
CVE-2025-49006,wasp-lang
CVE-2025-49007,rack
CVE-2025-49008,Atheos
CVE-2025-49009,Erudika
CVE-2025-49010,OpenSC
CVE-2025-49011,authzed
CVE-2025-49012,himmelblau-idm
CVE-2025-49013,WilderForge
CVE-2025-49014,jqlang
CVE-2025-49028,Zoho Mail
CVE-2025-49029,bitto.kazi
CVE-2025-49031,Stefan M.
CVE-2025-49032,PublishPress
CVE-2025-49033,Metagauss
CVE-2025-49034,Aman
CVE-2025-49035,chaimchaikin
CVE-2025-49036,octagonwebstudio
CVE-2025-49037,Federico Rota
CVE-2025-49038,Soflyy
CVE-2025-49039,mibuthu
CVE-2025-49040,Backup Bolt
CVE-2025-49041,The African Boss
CVE-2025-49042,Automattic
CVE-2025-49043,LambertGroup
CVE-2025-49044,tosend.it
CVE-2025-49045,highwarden
CVE-2025-49046,LambertGroup
CVE-2025-49047,keeross
CVE-2025-49048,inspectlet
CVE-2025-49049,ZoomIt
CVE-2025-49050,kamleshyadav
CVE-2025-49051,biscia7
CVE-2025-49052,Dariolee
CVE-2025-49053,kadesthemes
CVE-2025-49054,mrdenny
CVE-2025-49055,kamleshyadav
CVE-2025-49056,shen2
CVE-2025-49057,Ko Min
CVE-2025-49058,Sound Strategies
CVE-2025-49059,CleverReach®
CVE-2025-49060,CMSSuperHeroes
CVE-2025-49061,perteus
CVE-2025-49062,cornfeed
CVE-2025-49063,i3geek
CVE-2025-49064,Webilop
CVE-2025-49065,BestiaDurmiente
CVE-2025-49066,LambertGroup
CVE-2025-49067,NasaTheme
CVE-2025-49068,oceanwp
CVE-2025-49069,cimatti
CVE-2025-49070,NasaTheme
CVE-2025-49071,NasaTheme
CVE-2025-49072,AncoraThemes
CVE-2025-49073,axiomthemes
CVE-2025-49074,Abu Huraira Bin Aman
CVE-2025-49075,PickPlugins
CVE-2025-49076,POSIMYTH
CVE-2025-49077,ThemeHigh
CVE-2025-49080,Absolute Security
CVE-2025-49081,Absolute Security
CVE-2025-49082,Absolute Security
CVE-2025-49083,Absolute Security
CVE-2025-49084,Absolutee Security
CVE-2025-49087,Mbed
CVE-2025-49088,Pexip
CVE-2025-49090,Matrix
CVE-2025-49091,KDE
CVE-2025-49112,Valkey
CVE-2025-49113,Roundcube
CVE-2025-49124,Apache Software Foundation
CVE-2025-49125,Apache Software Foundation
CVE-2025-49126,Visionatrix
CVE-2025-49127,kafbat
CVE-2025-49128,FasterXML
CVE-2025-49130,barryvdh
CVE-2025-49131,labring
CVE-2025-49132,pterodactyl
CVE-2025-49133,stefanberger
CVE-2025-49134,WeblateOrg
CVE-2025-49135,cvat-ai
CVE-2025-49136,knadh
CVE-2025-49137,haxtheweb
CVE-2025-49138,haxtheweb
CVE-2025-49139,haxtheweb
CVE-2025-49140,pion
CVE-2025-49141,haxtheweb
CVE-2025-49142,nautobot
CVE-2025-49143,nautobot
CVE-2025-49144,notepad-plus-plus
CVE-2025-49145,Combodo
CVE-2025-49146,pgjdbc
CVE-2025-49147,umbraco
CVE-2025-49148,thevindu-w
CVE-2025-49149,langgenius
CVE-2025-49150,getcursor
CVE-2025-49151,Microsens
CVE-2025-49152,Microsens
CVE-2025-49153,Microsens
CVE-2025-49154,"Trend Micro, Inc."
CVE-2025-49155,"Trend Micro, Inc."
CVE-2025-49156,"Trend Micro, Inc."
CVE-2025-49157,"Trend Micro, Inc."
CVE-2025-49158,"Trend Micro, Inc."
CVE-2025-49162,Arris
CVE-2025-49163,Arris
CVE-2025-49164,Arris
CVE-2025-49175,Red Hat
CVE-2025-49175,X.Org
CVE-2025-49176,Red Hat
CVE-2025-49176,X.Org
CVE-2025-49177,Red Hat
CVE-2025-49177,X.Org
CVE-2025-49178,Red Hat
CVE-2025-49178,X.Org
CVE-2025-49179,Red Hat
CVE-2025-49179,X.Org
CVE-2025-49180,Red Hat
CVE-2025-49180,X.Org
CVE-2025-49181,SICK AG
CVE-2025-49182,SICK AG
CVE-2025-49183,SICK AG
CVE-2025-49184,SICK AG
CVE-2025-49185,SICK AG
CVE-2025-49186,SICK AG
CVE-2025-49187,SICK AG
CVE-2025-49188,SICK AG
CVE-2025-49189,SICK AG
CVE-2025-49190,SICK AG
CVE-2025-49191,SICK AG
CVE-2025-49192,SICK AG
CVE-2025-49193,SICK AG
CVE-2025-49194,SICK AG
CVE-2025-49195,SICK AG
CVE-2025-49196,SICK AG
CVE-2025-49197,SICK AG
CVE-2025-49198,SICK AG
CVE-2025-49199,SICK AG
CVE-2025-49200,SICK AG
CVE-2025-49201,Fortinet
CVE-2025-49211,"Trend Micro, Inc."
CVE-2025-49212,"Trend Micro, Inc."
CVE-2025-49213,"Trend Micro, Inc."
CVE-2025-49214,"Trend Micro, Inc."
CVE-2025-49215,"Trend Micro, Inc."
CVE-2025-49216,"Trend Micro, Inc."
CVE-2025-49217,"Trend Micro, Inc."
CVE-2025-49218,"Trend Micro, Inc."
CVE-2025-49219,"Trend Micro, Inc."
CVE-2025-49220,"Trend Micro, Inc."
CVE-2025-49221,Mattermost
CVE-2025-49222,Mattermost
CVE-2025-49223,NAVER
CVE-2025-49234,Deepak anand
CVE-2025-49235,Rometheme
CVE-2025-49236,raychat
CVE-2025-49237,POEditor
CVE-2025-49238,everestthemes
CVE-2025-49239,tychesoftwares
CVE-2025-49240,nK
CVE-2025-49241,bobbingwide
CVE-2025-49242,sevenspark
CVE-2025-49243,sevenspark
CVE-2025-49244,Vova
CVE-2025-49245,cmoreira
CVE-2025-49246,cmoreira
CVE-2025-49247,cmoreira
CVE-2025-49248,cmoreira
CVE-2025-49249,ApusTheme
CVE-2025-49250,cmoreira
CVE-2025-49251,thembay
CVE-2025-49252,thembay
CVE-2025-49253,thembay
CVE-2025-49254,thembay
CVE-2025-49255,thembay
CVE-2025-49256,thembay
CVE-2025-49257,thembay
CVE-2025-49258,thembay
CVE-2025-49259,thembay
CVE-2025-49260,thembay
CVE-2025-49261,thembay
CVE-2025-49262,shaonsina
CVE-2025-49263,WCVendors
CVE-2025-49264,Cloud Infrastructure Services
CVE-2025-49265,WP Swings
CVE-2025-49266,Rustaurius
CVE-2025-49267,Shabti Kaplan
CVE-2025-49268,Soft8Soft LLC
CVE-2025-49269,Anton Vanyukov
CVE-2025-49270,Mario Peshev
CVE-2025-49271,GravityWP
CVE-2025-49272,sergiotrinity
CVE-2025-49273,sminozzi
CVE-2025-49274,awordpresslife
CVE-2025-49275,unfoldwp
CVE-2025-49276,unfoldwp
CVE-2025-49277,unfoldwp
CVE-2025-49278,unfoldwp
CVE-2025-49279,unfoldwp
CVE-2025-49280,unfoldwp
CVE-2025-49281,unfoldwp
CVE-2025-49282,unfoldwp
CVE-2025-49283,Matthias Nordwig
CVE-2025-49284,wp-buy
CVE-2025-49285,WP Legal Pages
CVE-2025-49286,WP Table Builder
CVE-2025-49287,WebToffee
CVE-2025-49288,Rustaurius
CVE-2025-49289,add-ons.org
CVE-2025-49290,Jory Hogeveen
CVE-2025-49291,codepeople
CVE-2025-49292,Cozmoslabs
CVE-2025-49293,CodeRevolution
CVE-2025-49294,CodeRevolution
CVE-2025-49295,Mikado-Themes
CVE-2025-49296,Mikado-Themes
CVE-2025-49297,Mikado-Themes
CVE-2025-49298,Bastien Ho
CVE-2025-49299,WPlugged.com
CVE-2025-49300,shinetheme
CVE-2025-49301,wpsoul
CVE-2025-49302,Scott Paterson
CVE-2025-49303,Shabti Kaplan
CVE-2025-49304,CodeManas
CVE-2025-49305,impleCode
CVE-2025-49306,catchsquare
CVE-2025-49307,Magazine3
CVE-2025-49308,WP Travel Engine
CVE-2025-49309,HT Plugins
CVE-2025-49310,M A Vinoth Kumar
CVE-2025-49311,CoolHappy
CVE-2025-49312,CodeRevolution
CVE-2025-49313,ovatheme
CVE-2025-49314,ovatheme
CVE-2025-49315,PersianScript
CVE-2025-49316,Saleswonder Team: Tobias
CVE-2025-49317,NTC
CVE-2025-49318,WPtouch
CVE-2025-49319,WPFactory
CVE-2025-49320,fraudlabspro
CVE-2025-49321,Arraytics
CVE-2025-49322,SeedProd
CVE-2025-49323,Themefic
CVE-2025-49324,PickPlugins
CVE-2025-49325,Automattic
CVE-2025-49326,Ruben Garcia
CVE-2025-49327,Ruben Garcia
CVE-2025-49328,Agile Logix
CVE-2025-49329,Agile Logix
CVE-2025-49330,CRM Perks
CVE-2025-49331,impleCode
CVE-2025-49332,codepeople
CVE-2025-49333,wp.insider
CVE-2025-49334,Eduardo Villão
CVE-2025-49335,minnur
CVE-2025-49336,pondol
CVE-2025-49337,janhenckens
CVE-2025-49338,Flowbox
CVE-2025-49339,Digages
CVE-2025-49340,Digages
CVE-2025-49341,Alex Furr
CVE-2025-49342,merzedes
CVE-2025-49343,socialprofilr
CVE-2025-49344,reneade
CVE-2025-49345,mg12
CVE-2025-49346,peterwsterling
CVE-2025-49347,Jupitercow
CVE-2025-49348,Hype
CVE-2025-49349,Reuters News Agency
CVE-2025-49350,marcoingraiti
CVE-2025-49351,Valentin Agachi
CVE-2025-49352,YoOhw Studio
CVE-2025-49353,Marcin Kijak
CVE-2025-49354,Mindstien Technologies
CVE-2025-49355,ikaes
CVE-2025-49356,Mykola Lukin
CVE-2025-49357,audiomack
CVE-2025-49358,Ruhul Amin
CVE-2025-49359,AncoraThemes
CVE-2025-49360,AncoraThemes
CVE-2025-49361,AncoraThemes
CVE-2025-49362,AncoraThemes
CVE-2025-49363,AncoraThemes
CVE-2025-49364,AncoraThemes
CVE-2025-49365,AncoraThemes
CVE-2025-49366,AncoraThemes
CVE-2025-49367,AncoraThemes
CVE-2025-49368,AncoraThemes
CVE-2025-49369,AncoraThemes
CVE-2025-49370,AncoraThemes
CVE-2025-49371,AncoraThemes
CVE-2025-49372,VillaTheme
CVE-2025-49373,Evergreen Content Poster
CVE-2025-49374,captcha.eu
CVE-2025-49375,cozythemes
CVE-2025-49376,DELUCKS
CVE-2025-49377,Themefic
CVE-2025-49378,Themefic
CVE-2025-49379,silverplugins217
CVE-2025-49380,wpinstinct
CVE-2025-49381,ads.txt Guru
CVE-2025-49382,DexignZone
CVE-2025-49383,CocoBasic
CVE-2025-49384,"Trend Micro, Inc."
CVE-2025-49385,"Trend Micro, Inc."
CVE-2025-49386,Scott Reilly
CVE-2025-49387,add-ons.org
CVE-2025-49388,kamleshyadav
CVE-2025-49389,WEN Solutions
CVE-2025-49390,christophrado
CVE-2025-49391,Fetch Designs
CVE-2025-49392,themifyme
CVE-2025-49393,Fetch Designs
CVE-2025-49394,bPlugins
CVE-2025-49395,themifyme
CVE-2025-49396,themifyme
CVE-2025-49397,Noor Alam
CVE-2025-49398,Easy Appointments
CVE-2025-49399,Basix
CVE-2025-49400,osama.esh
CVE-2025-49401,axiomthemes
CVE-2025-49402,scriptsbundle
CVE-2025-49403,AA-Team
CVE-2025-49404,purethemes
CVE-2025-49405,Favethemes
CVE-2025-49406,favethemes
CVE-2025-49407,favethemes
CVE-2025-49408,WPDeveloper
CVE-2025-49409,brewlabs
CVE-2025-49410,Imran Emu
CVE-2025-49411,Vikas Sharma
CVE-2025-49412,numixtech
CVE-2025-49413,highwarden
CVE-2025-49414,Fastw3b LLC
CVE-2025-49415,Fastw3b LLC
CVE-2025-49416,Fastw3b LLC
CVE-2025-49417,BestWpDeveloper
CVE-2025-49418,TeconceTheme
CVE-2025-49419,esigngenie
CVE-2025-49420,themepassion
CVE-2025-49421,Andrei Filonov
CVE-2025-49422,themepassion
CVE-2025-49423,Syed Tahir Ali Jan
CVE-2025-49424,themepassion
CVE-2025-49425,Adrian Hanft
CVE-2025-49426,Dahz
CVE-2025-49427,Ryan Burnette
CVE-2025-49428,Dourou
CVE-2025-49429,Ryan Burnette
CVE-2025-49430,FWDesign
CVE-2025-49431,Gnuget
CVE-2025-49432,FWDesign
CVE-2025-49433,ThanhD
CVE-2025-49434,axiomthemes
CVE-2025-49435,Hasina77
CVE-2025-49436,CocoBasic
CVE-2025-49437,worstguy
CVE-2025-49438,Max Chirkov
CVE-2025-49439,mariusz88atelierweb
CVE-2025-49440,Vuong Nguyen
CVE-2025-49441,WP Map Plugins
CVE-2025-49442,Mostafa Shahiri
CVE-2025-49443,Chris McCoy
CVE-2025-49444,merkulove
CVE-2025-49445,WP Map Plugins
CVE-2025-49446,minhlaobao
CVE-2025-49447,Fastw3b LLC
CVE-2025-49448,Fastw3b LLC
CVE-2025-49449,WP Map Plugins
CVE-2025-49450,mhallmann
CVE-2025-49451,yannisraft
CVE-2025-49452,Adrian Ladó
CVE-2025-49453,Jatinder Pal Singh
CVE-2025-49454,LoftOcean
CVE-2025-49455,ClickandPledge
CVE-2025-49456,Zoom Communications Inc
CVE-2025-49457,Zoom Communications Inc
CVE-2025-49458,"Zoom Communications, Inc"
CVE-2025-49459,"Zoom Communications, Inc"
CVE-2025-49460,"Zoom Communications, Inc"
CVE-2025-49461,"Zoom Communications, Inc"
CVE-2025-49462,Zoom Communications Inc.
CVE-2025-49463,Zoom Communications Inc.
CVE-2025-49464,Zoom Communications Inc.
CVE-2025-49466,rjarry
CVE-2025-49467,jevents.net / GWE Systems Ltd
CVE-2025-49468,nobossextensions.com
CVE-2025-49480,ASR
CVE-2025-49481,ASR
CVE-2025-49482,ASR
CVE-2025-49483,ASR
CVE-2025-49484,joomsky.com
CVE-2025-49485,balbooa.com
CVE-2025-49486,balbooa.com
CVE-2025-49487,"Trend Micro, Inc."
CVE-2025-49488,ASR
CVE-2025-49489,ASR
CVE-2025-49490,ASR
CVE-2025-49491,ASR
CVE-2025-49492,ASR
CVE-2025-49493,Akamai
CVE-2025-49506,Apache Software Foundation
CVE-2025-49507,LoftOcean
CVE-2025-49508,LoftOcean
CVE-2025-49509,Roland Beaussant
CVE-2025-49510,WPFactory
CVE-2025-49511,uxper
CVE-2025-49520,Red Hat
CVE-2025-49521,Red Hat
CVE-2025-49524,Adobe
CVE-2025-49525,Adobe
CVE-2025-49526,Adobe
CVE-2025-49527,Adobe
CVE-2025-49528,Adobe
CVE-2025-49529,Adobe
CVE-2025-49530,Adobe
CVE-2025-49531,Adobe
CVE-2025-49532,Adobe
CVE-2025-49533,Adobe
CVE-2025-49534,Adobe
CVE-2025-49535,Adobe
CVE-2025-49536,Adobe
CVE-2025-49537,Adobe
CVE-2025-49538,Adobe
CVE-2025-49539,Adobe
CVE-2025-49540,Adobe
CVE-2025-49541,Adobe
CVE-2025-49542,Adobe
CVE-2025-49543,Adobe
CVE-2025-49544,Adobe
CVE-2025-49545,Adobe
CVE-2025-49546,Adobe
CVE-2025-49547,Adobe
CVE-2025-49549,Adobe
CVE-2025-49550,Adobe
CVE-2025-49551,Adobe
CVE-2025-49552,Adobe
CVE-2025-49553,Adobe
CVE-2025-49554,Adobe
CVE-2025-49555,Adobe
CVE-2025-49556,Adobe
CVE-2025-49557,Adobe
CVE-2025-49558,Adobe
CVE-2025-49559,Adobe
CVE-2025-49560,Adobe
CVE-2025-49561,Adobe
CVE-2025-49562,Adobe
CVE-2025-49563,Adobe
CVE-2025-49564,Adobe
CVE-2025-49567,Adobe
CVE-2025-49568,Adobe
CVE-2025-49569,Adobe
CVE-2025-49570,Adobe
CVE-2025-49571,Adobe
CVE-2025-49572,Adobe
CVE-2025-49573,Adobe
CVE-2025-49574,quarkusio
CVE-2025-49575,StarCitizenTools
CVE-2025-49576,StarCitizenTools
CVE-2025-49577,StarCitizenTools
CVE-2025-49578,StarCitizenTools
CVE-2025-49579,StarCitizenTools
CVE-2025-49580,xwiki
CVE-2025-49581,xwiki
CVE-2025-49582,xwiki
CVE-2025-49583,xwiki
CVE-2025-49584,xwiki
CVE-2025-49585,xwiki
CVE-2025-49586,xwiki
CVE-2025-49587,xwiki
CVE-2025-49588,linkwarden
CVE-2025-49589,PCSX2
CVE-2025-49590,cryptpad
CVE-2025-49591,cryptpad
CVE-2025-49592,n8n-io
CVE-2025-49593,portainer
CVE-2025-49594,xwiki-contrib
CVE-2025-49595,n8n-io
CVE-2025-49596,modelcontextprotocol
CVE-2025-49597,handcraftedinthealps
CVE-2025-49598,conda-forge
CVE-2025-49599,Huawei
CVE-2025-49600,Mbed
CVE-2025-49601,Mbed
CVE-2025-49618,Plesk
CVE-2025-49619,Skyvern
CVE-2025-49630,Apache Software Foundation
CVE-2025-49641,Zabbix
CVE-2025-49642,Zabbix
CVE-2025-49643,Zabbix
CVE-2025-49651,Lablup
CVE-2025-49652,Lablup
CVE-2025-49653,Lablup
CVE-2025-49655,Keras
CVE-2025-49656,Apache Software Foundation
CVE-2025-49657,Microsoft
CVE-2025-49658,Microsoft
CVE-2025-49659,Microsoft
CVE-2025-49660,Microsoft
CVE-2025-49661,Microsoft
CVE-2025-49663,Microsoft
CVE-2025-49664,Microsoft
CVE-2025-49665,Microsoft
CVE-2025-49666,Microsoft
CVE-2025-49667,Microsoft
CVE-2025-49668,Microsoft
CVE-2025-49669,Microsoft
CVE-2025-49670,Microsoft
CVE-2025-49671,Microsoft
CVE-2025-49672,Microsoft
CVE-2025-49673,Microsoft
CVE-2025-49674,Microsoft
CVE-2025-49675,Microsoft
CVE-2025-49676,Microsoft
CVE-2025-49677,Microsoft
CVE-2025-49678,Microsoft
CVE-2025-49679,Microsoft
CVE-2025-49680,Microsoft
CVE-2025-49681,Microsoft
CVE-2025-49682,Microsoft
CVE-2025-49683,Microsoft
CVE-2025-49684,Microsoft
CVE-2025-49685,Microsoft
CVE-2025-49686,Microsoft
CVE-2025-49687,Microsoft
CVE-2025-49688,Microsoft
CVE-2025-49689,Microsoft
CVE-2025-49690,Microsoft
CVE-2025-49691,Microsoft
CVE-2025-49692,Microsoft
CVE-2025-49693,Microsoft
CVE-2025-49694,Microsoft
CVE-2025-49695,Microsoft
CVE-2025-49696,Microsoft
CVE-2025-49697,Microsoft
CVE-2025-49698,Microsoft
CVE-2025-49699,Microsoft
CVE-2025-49700,Microsoft
CVE-2025-49701,Microsoft
CVE-2025-49702,Microsoft
CVE-2025-49703,Microsoft
CVE-2025-49704,Microsoft
CVE-2025-49705,Microsoft
CVE-2025-49706,Microsoft
CVE-2025-49707,Microsoft
CVE-2025-49708,Microsoft
CVE-2025-49709,Mozilla
CVE-2025-49710,Mozilla
CVE-2025-49711,Microsoft
CVE-2025-49712,Microsoft
CVE-2025-49713,Microsoft
CVE-2025-49714,Microsoft
CVE-2025-49715,Microsoft
CVE-2025-49716,Microsoft
CVE-2025-49717,Microsoft
CVE-2025-49718,Microsoft
CVE-2025-49719,Microsoft
CVE-2025-49721,Microsoft
CVE-2025-49722,Microsoft
CVE-2025-49723,Microsoft
CVE-2025-49724,Microsoft
CVE-2025-49725,Microsoft
CVE-2025-49726,Microsoft
CVE-2025-49727,Microsoft
CVE-2025-49728,Microsoft
CVE-2025-49729,Microsoft
CVE-2025-49730,Microsoft
CVE-2025-49731,Microsoft
CVE-2025-49732,Microsoft
CVE-2025-49733,Microsoft
CVE-2025-49734,Microsoft
CVE-2025-49735,Microsoft
CVE-2025-49736,Microsoft
CVE-2025-49737,Microsoft
CVE-2025-49738,Microsoft
CVE-2025-49739,Microsoft
CVE-2025-49740,Microsoft
CVE-2025-49741,Microsoft
CVE-2025-49742,Microsoft
CVE-2025-49743,Microsoft
CVE-2025-49744,Microsoft
CVE-2025-49745,Microsoft
CVE-2025-49746,Microsoft
CVE-2025-49747,Microsoft
CVE-2025-49751,Microsoft
CVE-2025-49752,Microsoft
CVE-2025-49753,Microsoft
CVE-2025-49755,Microsoft
CVE-2025-49756,Microsoft
CVE-2025-49757,Microsoft
CVE-2025-49758,Microsoft
CVE-2025-49759,Microsoft
CVE-2025-49760,Microsoft
CVE-2025-49761,Microsoft
CVE-2025-49762,Microsoft
CVE-2025-49763,Apache Software Foundation
CVE-2025-49784,Fortinet
CVE-2025-49794,Red Hat
CVE-2025-49795,GNOME
CVE-2025-49795,Red Hat
CVE-2025-49796,Red Hat
CVE-2025-49797,"BROTHER INDUSTRIES, LTD."
CVE-2025-49797,"Ricoh Company, Ltd."
CVE-2025-49797,Toshiba Tec Corporation
CVE-2025-49809,mtr
CVE-2025-49810,Mattermost
CVE-2025-49812,Apache Software Foundation
CVE-2025-49813,Fortinet
CVE-2025-49823,conda
CVE-2025-49824,conda-forge
CVE-2025-49825,gravitational
CVE-2025-49826,vercel
CVE-2025-49827,cyberark
CVE-2025-49828,cyberark
CVE-2025-49829,cyberark
CVE-2025-49830,cyberark
CVE-2025-49831,cyberark
CVE-2025-49832,asterisk
CVE-2025-49833,RVC-Boss
CVE-2025-49834,RVC-Boss
CVE-2025-49835,RVC-Boss
CVE-2025-49836,RVC-Boss
CVE-2025-49837,RVC-Boss
CVE-2025-49838,RVC-Boss
CVE-2025-49839,RVC-Boss
CVE-2025-49840,RVC-Boss
CVE-2025-49841,RVC-Boss
CVE-2025-49842,conda-forge
CVE-2025-49843,conda-forge
CVE-2025-49844,redis
CVE-2025-49845,discourse
CVE-2025-49846,wireapp
CVE-2025-49847,ggml-org
CVE-2025-49848,LS Electric
CVE-2025-49849,LS Electric
CVE-2025-49850,LS Electric
CVE-2025-49851,ControlID
CVE-2025-49852,ControlID
CVE-2025-49853,ControlID
CVE-2025-49854,Anh Tran
CVE-2025-49855,Meks
CVE-2025-49856,CyberChimps
CVE-2025-49857,Saad Iqbal
CVE-2025-49858,tychesoftwares
CVE-2025-49859,etruel
CVE-2025-49860,Majestic Support
CVE-2025-49861,Timur Kamaev
CVE-2025-49862,motov.net
CVE-2025-49863,WP CodeUs
CVE-2025-49864,AFS Analytics
CVE-2025-49865,Helmut Wandl
CVE-2025-49866,Nikel
CVE-2025-49867,InspiryThemes
CVE-2025-49868,Aman
CVE-2025-49869,Arraytics
CVE-2025-49870,Cozmoslabs
CVE-2025-49871,Noptin Newsletter Team
CVE-2025-49872,Saad Iqbal
CVE-2025-49873,NasaTheme
CVE-2025-49874,tychesoftwares
CVE-2025-49875,If-So Dynamic Content
CVE-2025-49876,Metagauss
CVE-2025-49877,Metagauss
CVE-2025-49878,Greg Winiarski
CVE-2025-49879,themezaa
CVE-2025-49880,Imran Tauqeer
CVE-2025-49881,CyberChimps
CVE-2025-49882,Imran Tauqeer
CVE-2025-49883,thembay
CVE-2025-49884,alexvtn
CVE-2025-49885,HaruTheme
CVE-2025-49886,WebGeniusLab
CVE-2025-49887,WPFactory
CVE-2025-49888,pimwick
CVE-2025-49889,Edge-Themes
CVE-2025-49890,ThemeREX
CVE-2025-49891,uxper
CVE-2025-49892,uxper
CVE-2025-49893,uxper
CVE-2025-49894,uxper
CVE-2025-49895,iThemes
CVE-2025-49896,wptasker
CVE-2025-49897,gopiplus
CVE-2025-49898,Xolluteon
CVE-2025-49899,jjlemstra
CVE-2025-49900,bPlugins
CVE-2025-49901,quantumcloud
CVE-2025-49902,A WP Life
CVE-2025-49903,bdthemes
CVE-2025-49904,magepeopleteam
CVE-2025-49905,PluginsCafe
CVE-2025-49906,StellarWP
CVE-2025-49907,RealMag777
CVE-2025-49908,WPClever
CVE-2025-49909,PenciDesign
CVE-2025-49910,AmentoTech Private Limited
CVE-2025-49911,wpinstinct
CVE-2025-49912,Nks
CVE-2025-49913,CoSchedule
CVE-2025-49914,jetmonsters
CVE-2025-49915,Cozy Vision
CVE-2025-49916,MultiVendorX
CVE-2025-49917,Icegram
CVE-2025-49918,e4jvikwp
CVE-2025-49919,DigitalME
CVE-2025-49920,accessiBe
CVE-2025-49921,Crocoblock
CVE-2025-49922,etruel
CVE-2025-49923,Craig Hewitt
CVE-2025-49924,Josh Kohlbach
CVE-2025-49925,VibeThemes
CVE-2025-49926,Laborator
CVE-2025-49927,Crocoblock
CVE-2025-49928,Crocoblock
CVE-2025-49929,Ultimate Blocks
CVE-2025-49930,Crocoblock
CVE-2025-49931,Crocoblock
CVE-2025-49932,Crocoblock
CVE-2025-49933,Crocoblock
CVE-2025-49934,Crocoblock
CVE-2025-49935,xtemos
CVE-2025-49936,xtemos
CVE-2025-49937,Syed Balkhi
CVE-2025-49938,Crocoblock
CVE-2025-49939,Crocoblock
CVE-2025-49940,ThemeFusion
CVE-2025-49941,AncoraThemes
CVE-2025-49942,AncoraThemes
CVE-2025-49943,AncoraThemes
CVE-2025-49944,Jonatan Jumbert
CVE-2025-49945,kylegetson
CVE-2025-49946,Cynob IT Consultancy
CVE-2025-49947,extendons
CVE-2025-49948,Ahmad Awais
CVE-2025-49949,templazee
CVE-2025-49950,billingo
CVE-2025-49951,wpcrunch
CVE-2025-49952,favethemes
CVE-2025-49953,themeinity
CVE-2025-49954,mithra62
CVE-2025-49955,Rajan Vijayan
CVE-2025-49956,Anandaraj Balu
CVE-2025-49957,Weboccult Technologies Pvt Ltd
CVE-2025-49958,robokassa
CVE-2025-49959,Pascal Casier
CVE-2025-49960,leadbi
CVE-2025-49961,Breeze Team
CVE-2025-49962,useStrict
CVE-2025-49963,growniche
CVE-2025-49964,indgeek
CVE-2025-49965,Oganro
CVE-2025-49966,Oganro
CVE-2025-49967,marcusjansen
CVE-2025-49968,Oganro
CVE-2025-49969,Zara 4
CVE-2025-49970,sparklewpthemes
CVE-2025-49971,aThemeArt Translations
CVE-2025-49972,David Wood
CVE-2025-49973,GrandPlugins
CVE-2025-49974,upstreamplugin
CVE-2025-49975,Hossni Mubarak
CVE-2025-49976,WANotifier
CVE-2025-49977,WP Inventory
CVE-2025-49978,eyecix
CVE-2025-49979,slui
CVE-2025-49980,WP Event Manager
CVE-2025-49981,mahabub81
CVE-2025-49982,aguilatechnologies
CVE-2025-49983,Joe Hoyle
CVE-2025-49984,blubrry
CVE-2025-49985,Ali Irani
CVE-2025-49986,thanhtungtnt
CVE-2025-49987,WPFactory
CVE-2025-49988,Renzo Johnson
CVE-2025-49989,App Cheap
CVE-2025-49990,contentstudio
CVE-2025-49991,tggfref
CVE-2025-49992,ThimPress
CVE-2025-49993,csarturas
CVE-2025-49994,ovatheme
CVE-2025-49995,dFactory
CVE-2025-49996,osama.esh
CVE-2025-49997,Syed Balkhi
CVE-2025-49998,Wetail
CVE-2025-50001,tagDiv
CVE-2025-50002,Farost
CVE-2025-50003,axiomthemes
CVE-2025-50004,artbees
CVE-2025-50005,tagDiv
CVE-2025-50006,Jthemes
CVE-2025-50007,Jthemes
CVE-2025-50008,cscode
CVE-2025-50009,Climax Themes
CVE-2025-50010,Zapier
CVE-2025-50011,Félix Martínez
CVE-2025-50012,fridaysystems
CVE-2025-50013,Jason Judge
CVE-2025-50014,iamapinan
CVE-2025-50015,Rodrigo Bastos
CVE-2025-50016,brijeshk89
CVE-2025-50017,Matt
CVE-2025-50018,Tealium
CVE-2025-50019,Sandor Kovacs
CVE-2025-50020,Nitin Yawalkar
CVE-2025-50021,Robert Peake
CVE-2025-50022,JK
CVE-2025-50023,Chris Coyier
CVE-2025-50024,Truong Thanh
CVE-2025-50025,codepeople
CVE-2025-50026,spoki
CVE-2025-50027,xootix
CVE-2025-50028,CodeSolz
CVE-2025-50029,Ashish
CVE-2025-50030,sparklewpthemes
CVE-2025-50031,syedamirhussain91
CVE-2025-50032,Paytiko - Payment Orchestration Platform
CVE-2025-50033,sparklewpthemes
CVE-2025-50034,Mahmudul Hasan Arif
CVE-2025-50035,CyrilG
CVE-2025-50036,Yamna Khawaja
CVE-2025-50037,Buying Buddy
CVE-2025-50038,anantaddons
CVE-2025-50039,vgwort
CVE-2025-50040,moshensky
CVE-2025-50041,WP Engine
CVE-2025-50042,aviplugins.com
CVE-2025-50043,Jordy Meow
CVE-2025-50044,Rameez Iqbal
CVE-2025-50045,ProWCPlugins
CVE-2025-50046,StellarWP
CVE-2025-50047,webvitaly
CVE-2025-50048,Atakan Au
CVE-2025-50049,prismtechstudios
CVE-2025-50050,BlueGlass Interactive AG
CVE-2025-50051,Chad Butler
CVE-2025-50052,flexostudio
CVE-2025-50053,nebelhorn
CVE-2025-50054,OpenVPN
CVE-2025-50055,OpenVPN
CVE-2025-50056,rsjoomla.com
CVE-2025-50057,rsjoomla.com
CVE-2025-50058,rsjoomla.com
CVE-2025-50059,Oracle Corporation
CVE-2025-50060,Oracle Corporation
CVE-2025-50061,Oracle Corporation
CVE-2025-50062,Oracle Corporation
CVE-2025-50063,Oracle Corporation
CVE-2025-50064,Oracle Corporation
CVE-2025-50065,Oracle Corporation
CVE-2025-50066,Oracle Corporation
CVE-2025-50067,Oracle Corporation
CVE-2025-50068,Oracle Corporation
CVE-2025-50069,Oracle Corporation
CVE-2025-50070,Oracle Corporation
CVE-2025-50071,Oracle Corporation
CVE-2025-50072,Oracle Corporation
CVE-2025-50073,Oracle Corporation
CVE-2025-50074,Oracle Corporation
CVE-2025-50075,Oracle Corporation
CVE-2025-50076,Oracle Corporation
CVE-2025-50077,Oracle Corporation
CVE-2025-50078,Oracle Corporation
CVE-2025-50079,Oracle Corporation
CVE-2025-50080,Oracle Corporation
CVE-2025-50081,Oracle Corporation
CVE-2025-50082,Oracle Corporation
CVE-2025-50083,Oracle Corporation
CVE-2025-50084,Oracle Corporation
CVE-2025-50085,Oracle Corporation
CVE-2025-50086,Oracle Corporation
CVE-2025-50087,Oracle Corporation
CVE-2025-50088,Oracle Corporation
CVE-2025-50089,Oracle Corporation
CVE-2025-50090,Oracle Corporation
CVE-2025-50091,Oracle Corporation
CVE-2025-50092,Oracle Corporation
CVE-2025-50093,Oracle Corporation
CVE-2025-50094,Oracle Corporation
CVE-2025-50095,Oracle Corporation
CVE-2025-50096,Oracle Corporation
CVE-2025-50097,Oracle Corporation
CVE-2025-50098,Oracle Corporation
CVE-2025-50099,Oracle Corporation
CVE-2025-50100,Oracle Corporation
CVE-2025-50101,Oracle Corporation
CVE-2025-50102,Oracle Corporation
CVE-2025-50103,Oracle Corporation
CVE-2025-50104,Oracle Corporation
CVE-2025-50105,Oracle Corporation
CVE-2025-50106,Oracle Corporation
CVE-2025-50107,Oracle Corporation
CVE-2025-50108,Oracle Corporation
CVE-2025-50109,Emerson
CVE-2025-50121,Schneider Electric
CVE-2025-50122,Schneider Electric
CVE-2025-50123,Schneider Electric
CVE-2025-50124,Schneider Electric
CVE-2025-50125,Schneider Electric
CVE-2025-50126,rsjoomla.com
CVE-2025-50127,dj-extensions.com
CVE-2025-50128,WWBN
CVE-2025-50129,SAIL Image Decoding Library
CVE-2025-50130,"FUJI ELECTRIC CO., LTD. / Hakko Electronics Co., Ltd."
CVE-2025-50151,Apache Software Foundation
CVE-2025-50152,Microsoft
CVE-2025-50153,Microsoft
CVE-2025-50154,Microsoft
CVE-2025-50155,Microsoft
CVE-2025-50156,Microsoft
CVE-2025-50157,Microsoft
CVE-2025-50158,Microsoft
CVE-2025-50159,Microsoft
CVE-2025-50160,Microsoft
CVE-2025-50161,Microsoft
CVE-2025-50162,Microsoft
CVE-2025-50163,Microsoft
CVE-2025-50164,Microsoft
CVE-2025-50165,Microsoft
CVE-2025-50166,Microsoft
CVE-2025-50167,Microsoft
CVE-2025-50168,Microsoft
CVE-2025-50169,Microsoft
CVE-2025-50170,Microsoft
CVE-2025-50171,Microsoft
CVE-2025-50172,Microsoft
CVE-2025-50173,Microsoft
CVE-2025-50174,Microsoft
CVE-2025-50175,Microsoft
CVE-2025-50176,Microsoft
CVE-2025-50177,Microsoft
CVE-2025-50178,JuliaWeb
CVE-2025-50179,Enalean
CVE-2025-50180,esm-dev
CVE-2025-50181,urllib3
CVE-2025-50182,urllib3
CVE-2025-50183,OpenListTeam
CVE-2025-50184,dbgate
CVE-2025-50185,dbgate
CVE-2025-50186,chamilo
CVE-2025-50187,chamilo
CVE-2025-50188,chamilo
CVE-2025-50189,chamilo
CVE-2025-50190,chamilo
CVE-2025-50191,chamilo
CVE-2025-50192,chamilo
CVE-2025-50193,chamilo
CVE-2025-50194,chamilo
CVE-2025-50195,chamilo
CVE-2025-50196,chamilo
CVE-2025-50197,chamilo
CVE-2025-50198,chamilo
CVE-2025-50199,chamilo
CVE-2025-50200,rabbitmq
CVE-2025-50201,LabRedesCefetRJ
CVE-2025-50202,LycheeOrg
CVE-2025-50213,Apache Software Foundation
CVE-2025-50422,cairographics
CVE-2025-50538,FlowiseAI
CVE-2025-50891,Adform
CVE-2025-50989,OPNsense
CVE-2025-51381,KAON
CVE-2025-51602,VideoLAN
CVE-2025-51846,CryptPad
CVE-2025-52131,xwiki-contrib
CVE-2025-52132,xwiki-contrib
CVE-2025-52133,xwiki-contrib
CVE-2025-52136,EMQX
CVE-2025-52207,MIKO
CVE-2025-52424,QNAP Systems Inc.
CVE-2025-52425,QNAP Systems Inc.
CVE-2025-52426,QNAP Systems Inc.
CVE-2025-52427,QNAP Systems Inc.
CVE-2025-52428,QNAP Systems Inc.
CVE-2025-52429,QNAP Systems Inc.
CVE-2025-52430,QNAP Systems Inc.
CVE-2025-52431,QNAP Systems Inc.
CVE-2025-52432,QNAP Systems Inc.
CVE-2025-52433,QNAP Systems Inc.
CVE-2025-52434,Apache Software Foundation
CVE-2025-52435,Apache Software Foundation
CVE-2025-52436,Fortinet
CVE-2025-52446,Salesforce
CVE-2025-52447,Salesforce
CVE-2025-52448,Salesforce
CVE-2025-52449,Salesforce
CVE-2025-52450,Salesforce
CVE-2025-52451,Salesforce
CVE-2025-52452,Salesforce
CVE-2025-52453,Salesforce
CVE-2025-52454,Salesforce
CVE-2025-52455,Salesforce
CVE-2025-52456,SAIL Image Decoding Library
CVE-2025-52457,Gallagher
CVE-2025-52458,OpenHarmony
CVE-2025-52459,Advantech
CVE-2025-52460,"DOS Co., Ltd."
CVE-2025-52461,The Biosig Project
CVE-2025-52462,"QUALITIA CO., LTD."
CVE-2025-52463,"QUALITIA CO., LTD."
CVE-2025-52464,meshtastic
CVE-2025-52465,geoserver
CVE-2025-52467,timescale
CVE-2025-52468,chamilo
CVE-2025-52469,chamilo
CVE-2025-52470,chamilo
CVE-2025-52471,espressif
CVE-2025-52472,xwiki
CVE-2025-52473,open-quantum-safe
CVE-2025-52474,LabRedesCefetRJ
CVE-2025-52475,chamilo
CVE-2025-52476,chamilo
CVE-2025-52477,octo-sts
CVE-2025-52478,n8n-io
CVE-2025-52479,JuliaWeb
CVE-2025-52480,JuliaRegistries
CVE-2025-52482,chamilo
CVE-2025-52483,JuliaRegistries
CVE-2025-52484,risc0
CVE-2025-52485,dnnsoftware
CVE-2025-52486,dnnsoftware
CVE-2025-52487,dnnsoftware
CVE-2025-52488,dnnsoftware
CVE-2025-52491,Akamai
CVE-2025-52496,Mbed
CVE-2025-52497,Mbed
CVE-2025-52520,Apache Software Foundation
CVE-2025-52521,"Trend Micro, Inc."
CVE-2025-52532,AMD
CVE-2025-52533,AMD
CVE-2025-52534,AMD
CVE-2025-52536,AMD
CVE-2025-52538,AMD
CVE-2025-52539,AMD
CVE-2025-52540,AMD
CVE-2025-52541,AMD
CVE-2025-52543,Copeland LP
CVE-2025-52544,Copeland LP
CVE-2025-52545,Copeland LP
CVE-2025-52546,Copeland LP
CVE-2025-52547,Copeland LP
CVE-2025-52548,Copeland LP
CVE-2025-52549,Copeland LP
CVE-2025-52550,Copeland LP
CVE-2025-52551,Copeland LP
CVE-2025-52552,labring
CVE-2025-52553,goauthentik
CVE-2025-52554,n8n-io
CVE-2025-52555,ceph
CVE-2025-52556,trailofbits
CVE-2025-52557,Mail-0
CVE-2025-52558,dgtlmoon
CVE-2025-52559,zulip
CVE-2025-52560,kanboard
CVE-2025-52561,JuliaComputing
CVE-2025-52562,ConvoyPanel
CVE-2025-52563,chamilo
CVE-2025-52564,chamilo
CVE-2025-52565,opencontainers
CVE-2025-52566,ggml-org
CVE-2025-52567,glpi-project
CVE-2025-52568,nekernel-org
CVE-2025-52569,JuliaWeb
CVE-2025-52570,mbuesch
CVE-2025-52571,hikariatama
CVE-2025-52572,hikariatama
CVE-2025-52573,joshuayoes
CVE-2025-52574,bocaletto-luca
CVE-2025-52575,espocrm
CVE-2025-52576,kanboard
CVE-2025-52577,Advantech
CVE-2025-52578,Gallagher
CVE-2025-52579,Emerson
CVE-2025-52580,"Gift Pad Co.,Ltd."
CVE-2025-52581,The Biosig Project
CVE-2025-52582,Grassroot DICOM
CVE-2025-52583,NEOJAPAN Inc.
CVE-2025-52584,Ashlar-Vellum
CVE-2025-52585,F5
CVE-2025-52586,EG4 Electronics
CVE-2025-52598,"Hanwha Vision Co., Ltd."
CVE-2025-52599,"Hanwha Vision Co., Ltd."
CVE-2025-52600,"Hanwha Vision Co., Ltd."
CVE-2025-52601,"Hanwha Vision Co., Ltd."
CVE-2025-52602,HCL Software
CVE-2025-52603,HCLSoftware
CVE-2025-52606,HCL
CVE-2025-52608,HCL
CVE-2025-52609,HCL
CVE-2025-52611,HCL
CVE-2025-52612,HCL
CVE-2025-52613,HCL
CVE-2025-52614,HCL Software
CVE-2025-52615,HCL Software
CVE-2025-52616,HCL Software
CVE-2025-52618,HCL Software
CVE-2025-52619,HCL Software
CVE-2025-52620,HCL Software
CVE-2025-52621,HCL Software
CVE-2025-52622,HCL Software
CVE-2025-52623,HCL
CVE-2025-52624,HCL
CVE-2025-52625,HCL
CVE-2025-52626,HCL
CVE-2025-52627,HCL
CVE-2025-52628,HCL
CVE-2025-52629,HCL
CVE-2025-52630,HCL
CVE-2025-52631,HCL
CVE-2025-52632,HCL
CVE-2025-52633,HCL
CVE-2025-52634,HCL
CVE-2025-52635,HCL
CVE-2025-52636,HCL
CVE-2025-52637,HCL
CVE-2025-52638,HCL
CVE-2025-52639,HCL Software
CVE-2025-52640,HCL Software
CVE-2025-52641,HCL
CVE-2025-52642,HCL
CVE-2025-52643,HCL
CVE-2025-52644,HCL
CVE-2025-52645,HCL
CVE-2025-52646,HCL
CVE-2025-52647,HCL Software
CVE-2025-52648,HCL
CVE-2025-52649,HCL
CVE-2025-52650,HCL
CVE-2025-52653,HCL
CVE-2025-52654,HCL Software
CVE-2025-52655,HCL
CVE-2025-52656,HCL
CVE-2025-52658,HCL Software
CVE-2025-52659,HCL Software
CVE-2025-52660,HCL Software
CVE-2025-52661,HCL Software
CVE-2025-52662,Vercel
CVE-2025-52663,Ubiquiti Inc
CVE-2025-52664,Revive
CVE-2025-52665,Ubiquiti Inc
CVE-2025-52666,Revive
CVE-2025-52667,Revive
CVE-2025-52668,Revive
CVE-2025-52669,Revive
CVE-2025-52670,Revive
CVE-2025-52671,Revive
CVE-2025-52687,Alcatel-Lucent
CVE-2025-52688,Alcatel-Lucent
CVE-2025-52689,Alcatel-Lucent
CVE-2025-52690,Alcatel-Lucent
CVE-2025-52691,SmarterTools
CVE-2025-52692,Linksys
CVE-2025-52694,Advantech
CVE-2025-52707,Firelight
CVE-2025-52708,RealMag777
CVE-2025-52710,Ninja Team
CVE-2025-52711,BoldGrid
CVE-2025-52712,BoldGrid
CVE-2025-52713,BoldGrid
CVE-2025-52714,shinetheme
CVE-2025-52715,RadiusTheme
CVE-2025-52716,Acato
CVE-2025-52717,chrisbadgett
CVE-2025-52718,Beplusthemes
CVE-2025-52719,Metagauss
CVE-2025-52720,highwarden
CVE-2025-52721,LCweb
CVE-2025-52722,JoinWebs
CVE-2025-52723,codesupplyco
CVE-2025-52724,BoldThemes
CVE-2025-52725,pebas
CVE-2025-52726,pebas
CVE-2025-52727,QuanticaLabs
CVE-2025-52728,WebCodingPlace
CVE-2025-52729,thembay
CVE-2025-52730,themefunction
CVE-2025-52731,themefunction
CVE-2025-52732,RealMag777
CVE-2025-52733,Anonform Ab
CVE-2025-52734,ERA404
CVE-2025-52735,XLPlugins
CVE-2025-52736,Daman Jeet
CVE-2025-52737,Tijmen Smit
CVE-2025-52738,Wikimedia Foundation
CVE-2025-52739,uxper
CVE-2025-52740,Hernan Villanueva
CVE-2025-52741,Barry Kooij
CVE-2025-52742,Igor Benic
CVE-2025-52743,bobbingwide
CVE-2025-52744,inpersttion
CVE-2025-52745,AncoraThemes
CVE-2025-52746,ayecode
CVE-2025-52747,Jthemes
CVE-2025-52748,e-plugins
CVE-2025-52749,Activity Track
CVE-2025-52750,Juergen Schulze
CVE-2025-52751,colome
CVE-2025-52752,ThemeAtelier
CVE-2025-52753,supsystic
CVE-2025-52754,selloio
CVE-2025-52755,Chris Taylor
CVE-2025-52756,Sayan Datta
CVE-2025-52757,FantasticPlugins
CVE-2025-52758,Gesundheit Bewegt GmbH
CVE-2025-52759,UnboundStudio
CVE-2025-52760,Globalis
CVE-2025-52761,manfcarlo
CVE-2025-52762,flexostudio
CVE-2025-52763,NickDuncan
CVE-2025-52764,marielav
CVE-2025-52765,lisensee
CVE-2025-52766,Printeers
CVE-2025-52767,lisensee
CVE-2025-52768,AncoraThemes
CVE-2025-52769,flexostudio
CVE-2025-52770,appscreo
CVE-2025-52771,bcupham
CVE-2025-52772,Adnan Haque (a11n)
CVE-2025-52773,hiecor
CVE-2025-52774,Infility
CVE-2025-52775,Ronik@UnlimitedWP
CVE-2025-52776,thanhtungtnt
CVE-2025-52777,cmsMinds
CVE-2025-52778,Michel - xiligroup dev
CVE-2025-52779,karimmughal
CVE-2025-52780,Mohammad Parsa
CVE-2025-52781,Beee
CVE-2025-52782,King Rayhan
CVE-2025-52783,themelocation
CVE-2025-52784,hideoguchi
CVE-2025-52785,softnwords
CVE-2025-52786,Kingdom Creation
CVE-2025-52787,EZiHosting
CVE-2025-52788,Russell Jamieson
CVE-2025-52789,George Lewe
CVE-2025-52790,r-win
CVE-2025-52791,devfelixmoira
CVE-2025-52792,vgstef
CVE-2025-52793,Esselink.nu
CVE-2025-52794,Creative-Solutions
CVE-2025-52795,aharonyan
CVE-2025-52796,tggfref
CVE-2025-52797,josepsitjar
CVE-2025-52798,eyecix
CVE-2025-52799,designthemes
CVE-2025-52800,Unity Business Technology Pty Ltd
CVE-2025-52801,VonStroheim
CVE-2025-52802,enguerranws
CVE-2025-52803,uxper
CVE-2025-52804,uxper
CVE-2025-52805,VaultDweller
CVE-2025-52806,eyecix
CVE-2025-52807,ApusWP
CVE-2025-52808,real-web
CVE-2025-52809,John Russell
CVE-2025-52810,TMRW-studio
CVE-2025-52811,Creanncy
CVE-2025-52812,ApusWP
CVE-2025-52813,pietro
CVE-2025-52814,ovatheme
CVE-2025-52815,AncoraThemes
CVE-2025-52816,themehunk
CVE-2025-52817,ZealousWeb
CVE-2025-52818,Dejan Jasnic
CVE-2025-52819,pakkemx
CVE-2025-52820,infosoftplugin
CVE-2025-52821,thanhtungtnt
CVE-2025-52822,Iqonic Design
CVE-2025-52823,ovatheme
CVE-2025-52824,MDJM
CVE-2025-52825,Rameez Iqbal
CVE-2025-52826,uxper
CVE-2025-52827,uxper
CVE-2025-52828,designthemes
CVE-2025-52829,DirectIQ
CVE-2025-52830,bSecure – Your Universal Checkout
CVE-2025-52831,thanhtungtnt
CVE-2025-52832,wpo-HR
CVE-2025-52833,designthemes
CVE-2025-52834,favethemes
CVE-2025-52835,ConoHa by GMO
CVE-2025-52836,Unity Business Technology Pty Ltd
CVE-2025-52837,"Trend Micro, Inc."
CVE-2025-52841,Laundry
CVE-2025-52842,Laundry
CVE-2025-52853,QNAP Systems Inc.
CVE-2025-52854,QNAP Systems Inc.
CVE-2025-52855,QNAP Systems Inc.
CVE-2025-52856,QNAP Systems Inc.
CVE-2025-52857,QNAP Systems Inc.
CVE-2025-52858,QNAP Systems Inc.
CVE-2025-52859,QNAP Systems Inc.
CVE-2025-52860,QNAP Systems Inc.
CVE-2025-52861,QNAP Systems Inc.
CVE-2025-52862,QNAP Systems Inc.
CVE-2025-52863,QNAP Systems Inc.
CVE-2025-52864,QNAP Systems Inc.
CVE-2025-52865,QNAP Systems Inc.
CVE-2025-52866,QNAP Systems Inc.
CVE-2025-52867,QNAP Systems Inc.
CVE-2025-52868,QNAP Systems Inc.
CVE-2025-52869,QNAP Systems Inc.
CVE-2025-52870,QNAP Systems Inc.
CVE-2025-52871,QNAP Systems Inc.
CVE-2025-52872,QNAP Systems Inc.
CVE-2025-52873,Cognex
CVE-2025-52875,JetBrains
CVE-2025-52876,JetBrains
CVE-2025-52877,JetBrains
CVE-2025-52878,JetBrains
CVE-2025-52879,JetBrains
CVE-2025-52880,gotson
CVE-2025-52881,opencontainers
CVE-2025-52882,anthropics
CVE-2025-52883,meshtastic
CVE-2025-52884,risc0
CVE-2025-52885,poppler
CVE-2025-52886,poppler
CVE-2025-52887,yhirose
CVE-2025-52888,allure-framework
CVE-2025-52889,lxc
CVE-2025-52890,lxc
CVE-2025-52891,owasp-modsecurity
CVE-2025-52892,espocrm
CVE-2025-52893,openbao
CVE-2025-52894,openbao
CVE-2025-52895,frappe
CVE-2025-52896,frappe
CVE-2025-52897,glpi-project
CVE-2025-52898,frappe
CVE-2025-52899,Enalean
CVE-2025-52900,filebrowser
CVE-2025-52901,filebrowser
CVE-2025-52902,filebrowser
CVE-2025-52903,filebrowser
CVE-2025-52904,filebrowser
CVE-2025-52905,TOTOLINK
CVE-2025-52906,TOTOLINK
CVE-2025-52907,TOTOLINK
CVE-2025-52916,Yealink
CVE-2025-52917,Yealink
CVE-2025-52918,Yealink
CVE-2025-52919,Yealink
CVE-2025-52920,InnoShop
CVE-2025-52921,InnoShop
CVE-2025-52922,InnoShop
CVE-2025-52923,Sangfor
CVE-2025-52924,One Identity
CVE-2025-52925,OneLogin
CVE-2025-52926,spytrap-org
CVE-2025-52930,SAIL Image Decoding Library
CVE-2025-52931,Mattermost
CVE-2025-52935,dragonflydb
CVE-2025-52936,yrutschle
CVE-2025-52937,PointCloudLibrary
CVE-2025-52938,dail8859
CVE-2025-52939,dail8859
CVE-2025-52946,Juniper Networks
CVE-2025-52947,Juniper Networks
CVE-2025-52948,Juniper Networks
CVE-2025-52949,Juniper Networks
CVE-2025-52950,Juniper Networks
CVE-2025-52951,Juniper Networks
CVE-2025-52952,Juniper Networks
CVE-2025-52953,Juniper Networks
CVE-2025-52954,Juniper Networks
CVE-2025-52955,Juniper Networks
CVE-2025-52958,Juniper Networks
CVE-2025-52960,Juniper Networks
CVE-2025-52961,Juniper Networks
CVE-2025-52963,Juniper Networks
CVE-2025-52964,Juniper Networks
CVE-2025-52967,lfprojects
CVE-2025-52968,freedesktop
CVE-2025-52970,Fortinet
CVE-2025-52980,Juniper Networks
CVE-2025-52981,Juniper Networks
CVE-2025-52982,Juniper Networks
CVE-2025-52983,Juniper Networks
CVE-2025-52984,Juniper Networks
CVE-2025-52985,Juniper Networks
CVE-2025-52986,Juniper Networks
CVE-2025-52987,Juniper Networks
CVE-2025-52988,Juniper Networks
CVE-2025-52989,Juniper Networks
CVE-2025-52991,NixOS
CVE-2025-52992,NixOS
CVE-2025-52993,NixOS
CVE-2025-52994,phpThumb project
CVE-2025-52995,filebrowser
CVE-2025-52996,filebrowser
CVE-2025-52997,filebrowser
CVE-2025-52998,chamilo
CVE-2025-52999,FasterXML
CVE-2025-53000,jupyter
CVE-2025-53002,hiyouga
CVE-2025-53003,JanssenProject
CVE-2025-53004,dataease
CVE-2025-53005,dataease
CVE-2025-53006,dataease
CVE-2025-53007,espressif
CVE-2025-53008,glpi-project
CVE-2025-53009,AcademySoftwareFoundation
CVE-2025-53010,AcademySoftwareFoundation
CVE-2025-53011,AcademySoftwareFoundation
CVE-2025-53012,AcademySoftwareFoundation
CVE-2025-53013,himmelblau-idm
CVE-2025-53014,ImageMagick
CVE-2025-53015,ImageMagick
CVE-2025-53018,LycheeOrg
CVE-2025-53019,ImageMagick
CVE-2025-53020,Apache Software Foundation
CVE-2025-53021,Moodle
CVE-2025-53023,Oracle Corporation
CVE-2025-53024,Oracle Corporation
CVE-2025-53025,Oracle Corporation
CVE-2025-53026,Oracle Corporation
CVE-2025-53027,Oracle Corporation
CVE-2025-53028,Oracle Corporation
CVE-2025-53029,Oracle Corporation
CVE-2025-53030,Oracle Corporation
CVE-2025-53031,Oracle Corporation
CVE-2025-53032,Oracle Corporation
CVE-2025-53034,Oracle Corporation
CVE-2025-53035,Oracle Corporation
CVE-2025-53036,Oracle Corporation
CVE-2025-53037,Oracle Corporation
CVE-2025-53040,Oracle Corporation
CVE-2025-53041,Oracle Corporation
CVE-2025-53042,Oracle Corporation
CVE-2025-53043,Oracle Corporation
CVE-2025-53044,Oracle Corporation
CVE-2025-53045,Oracle Corporation
CVE-2025-53046,Oracle Corporation
CVE-2025-53047,Oracle Corporation
CVE-2025-53048,Oracle Corporation
CVE-2025-53049,Oracle Corporation
CVE-2025-53050,Oracle Corporation
CVE-2025-53051,Oracle Corporation
CVE-2025-53052,Oracle Corporation
CVE-2025-53053,Oracle Corporation
CVE-2025-53054,Oracle Corporation
CVE-2025-53055,Oracle Corporation
CVE-2025-53056,Oracle Corporation
CVE-2025-53057,Oracle Corporation
CVE-2025-53058,Oracle Corporation
CVE-2025-53059,Oracle Corporation
CVE-2025-53060,Oracle Corporation
CVE-2025-53061,Oracle Corporation
CVE-2025-53062,Oracle Corporation
CVE-2025-53063,Oracle Corporation
CVE-2025-53064,Oracle Corporation
CVE-2025-53065,Oracle Corporation
CVE-2025-53066,Oracle Corporation
CVE-2025-53067,Oracle Corporation
CVE-2025-53068,Oracle Corporation
CVE-2025-53069,Oracle Corporation
CVE-2025-53070,Oracle Corporation
CVE-2025-53071,Oracle Corporation
CVE-2025-53072,Oracle Corporation
CVE-2025-53073,Sentry
CVE-2025-53074,Samsung Open Source
CVE-2025-53075,Samsung Open Source
CVE-2025-53076,Samsung Open Source
CVE-2025-53077,Samsung Electronics
CVE-2025-53078,Samsung Electronics
CVE-2025-53079,Samsung Electronics
CVE-2025-53080,Samsung Electronics
CVE-2025-53081,Samsung Electronics
CVE-2025-53082,Samsung Electronics
CVE-2025-53084,WWBN
CVE-2025-53085,SAIL Image Decoding Library
CVE-2025-53091,LabRedesCefetRJ
CVE-2025-53092,strapi
CVE-2025-53093,StarCitizenTools
CVE-2025-53094,ESP32Async
CVE-2025-53095,LizardByte
CVE-2025-53096,LizardByte
CVE-2025-53097,RooCodeInc
CVE-2025-53098,RooCodeInc
CVE-2025-53099,getsentry
CVE-2025-53100,RestDB
CVE-2025-53101,ImageMagick
CVE-2025-53102,discourse
CVE-2025-53103,junit-team
CVE-2025-53104,gluestack
CVE-2025-53105,glpi-project
CVE-2025-53106,Graylog2
CVE-2025-53107,cyanheads
CVE-2025-53108,sysadminsmedia
CVE-2025-53109,modelcontextprotocol
CVE-2025-53110,modelcontextprotocol
CVE-2025-53111,glpi-project
CVE-2025-53112,glpi-project
CVE-2025-53113,glpi-project
CVE-2025-53114,cometd
CVE-2025-53118,Securden
CVE-2025-53119,Securden
CVE-2025-53120,Securden
CVE-2025-53121,The OpenNMS Group
CVE-2025-53122,The OpenNMS Group
CVE-2025-53131,Microsoft
CVE-2025-53132,Microsoft
CVE-2025-53133,Microsoft
CVE-2025-53134,Microsoft
CVE-2025-53135,Microsoft
CVE-2025-53136,Microsoft
CVE-2025-53137,Microsoft
CVE-2025-53138,Microsoft
CVE-2025-53139,Microsoft
CVE-2025-53140,Microsoft
CVE-2025-53141,Microsoft
CVE-2025-53142,Microsoft
CVE-2025-53143,Microsoft
CVE-2025-53144,Microsoft
CVE-2025-53145,Microsoft
CVE-2025-53147,Microsoft
CVE-2025-53148,Microsoft
CVE-2025-53149,Microsoft
CVE-2025-53150,Microsoft
CVE-2025-53151,Microsoft
CVE-2025-53152,Microsoft
CVE-2025-53153,Microsoft
CVE-2025-53154,Microsoft
CVE-2025-53155,Microsoft
CVE-2025-53156,Microsoft
CVE-2025-53167,Huawei
CVE-2025-53168,Huawei
CVE-2025-53169,Huawei
CVE-2025-53170,Huawei
CVE-2025-53171,Huawei
CVE-2025-53172,Huawei
CVE-2025-53173,Huawei
CVE-2025-53174,Huawei
CVE-2025-53175,Huawei
CVE-2025-53176,Huawei
CVE-2025-53177,Huawei
CVE-2025-53178,Huawei
CVE-2025-53179,Huawei
CVE-2025-53180,Huawei
CVE-2025-53181,Huawei
CVE-2025-53182,Huawei
CVE-2025-53183,Huawei
CVE-2025-53184,Huawei
CVE-2025-53185,Huawei
CVE-2025-53186,Huawei
CVE-2025-53187,ABB
CVE-2025-53192,Apache Software Foundation
CVE-2025-53193,Burst Statistics B.V.
CVE-2025-53194,Crocoblock
CVE-2025-53195,Crocoblock
CVE-2025-53196,Crocoblock
CVE-2025-53197,cookiebot
CVE-2025-53198,favethemes
CVE-2025-53199,HT Plugins
CVE-2025-53200,QuantumCloud
CVE-2025-53201,NooTheme
CVE-2025-53202,CyberChimps
CVE-2025-53203,EDGARROJAS
CVE-2025-53204,ovatheme
CVE-2025-53205,LambertGroup
CVE-2025-53206,HT Plugins
CVE-2025-53207,WP Travel
CVE-2025-53208,paymayapg
CVE-2025-53209,Themeisle
CVE-2025-53210,bdthemes
CVE-2025-53211,Roland Beaussant
CVE-2025-53212,LambertGroup
CVE-2025-53213,ELEXtensions
CVE-2025-53214,sertifier
CVE-2025-53215,8bitkid
CVE-2025-53216,themeuniver
CVE-2025-53217,staviravn
CVE-2025-53218,Saad Iqbal
CVE-2025-53219,pl4g4
CVE-2025-53220,XmasB
CVE-2025-53221,codeablepress
CVE-2025-53222,tagDiv
CVE-2025-53223,undoIT
CVE-2025-53224,Koen Schuit
CVE-2025-53225,eboekhouden
CVE-2025-53226,digitalzoomstudio
CVE-2025-53227,unfoldwp
CVE-2025-53228,jezza101
CVE-2025-53229,kamleshyadav
CVE-2025-53230,honzat
CVE-2025-53231,wpdevstudio
CVE-2025-53232,inkthemes
CVE-2025-53233,RylanH
CVE-2025-53234,AndonDesign
CVE-2025-53235,osuthorpe
CVE-2025-53236,AndonDesign
CVE-2025-53237,Soflyy
CVE-2025-53238,Toast Plugins
CVE-2025-53239,bnovotny
CVE-2025-53240,adamlabs
CVE-2025-53241,kodeshpa
CVE-2025-53242,VictorThemes
CVE-2025-53243,emarket-design
CVE-2025-53244,unfoldwp
CVE-2025-53245,Afzal Multani
CVE-2025-53246,Gaurav Aggarwal
CVE-2025-53247,wpinterface
CVE-2025-53248,unfoldwp
CVE-2025-53249,hakeemnala
CVE-2025-53250,Chartbeat
CVE-2025-53251,An-Themes
CVE-2025-53252,zozothemes
CVE-2025-53253,Josh
CVE-2025-53254,Themeisle
CVE-2025-53255,Nabil Lemsieh
CVE-2025-53256,YayCommerce
CVE-2025-53257,Serhii Pasyuk
CVE-2025-53258,Wow-Company
CVE-2025-53259,nicdark
CVE-2025-53260,getredhawkstudio
CVE-2025-53261,macbookandrew
CVE-2025-53262,Writesonic
CVE-2025-53263,PluginsCafe
CVE-2025-53264,Konrád Koller
CVE-2025-53265,Virusdie
CVE-2025-53266,EdwardBock
CVE-2025-53267,Aftab Husain
CVE-2025-53268,ryanpcmcquen
CVE-2025-53269,imw3
CVE-2025-53270,Blend Media
CVE-2025-53271,Anton Bond
CVE-2025-53272,opicron
CVE-2025-53273,Slickstream
CVE-2025-53274,Hossin Asaadi
CVE-2025-53275,VaultDweller
CVE-2025-53276,omnipressteam
CVE-2025-53277,Infigo Software
CVE-2025-53278,WPeka
CVE-2025-53279,Aman
CVE-2025-53280,AntoineH
CVE-2025-53281,WPBean
CVE-2025-53282,aviplugins.com
CVE-2025-53283,borisolhor
CVE-2025-53284,pankaj.sakaria
CVE-2025-53285,The Website Flip
CVE-2025-53286,Jhainey Milevis
CVE-2025-53287,Robert Cummings
CVE-2025-53288,Adrian Ladó
CVE-2025-53289,Jason
CVE-2025-53290,MS
CVE-2025-53291,spoddev2021
CVE-2025-53292,samsk
CVE-2025-53293,Morten Dalgaard Johansen
CVE-2025-53294,Smart Agenda
CVE-2025-53295,iCount
CVE-2025-53296,ecoal95
CVE-2025-53297,AA-Team
CVE-2025-53298,gioni
CVE-2025-53299,ThemeMakers
CVE-2025-53300,douglaskarr
CVE-2025-53301,Theme Junkie
CVE-2025-53302,Anton Shevchuk
CVE-2025-53303,ThemeMove
CVE-2025-53304,Rohil
CVE-2025-53305,lucidcrew
CVE-2025-53306,lucidcrew
CVE-2025-53307,Beaver Builder
CVE-2025-53308,gopi_plus
CVE-2025-53309,ZealousWeb
CVE-2025-53310,Funnnny
CVE-2025-53311,Amol Nirmala Waman
CVE-2025-53312,Looks Awesome
CVE-2025-53313,plumwd
CVE-2025-53314,sh1zen
CVE-2025-53315,alanft
CVE-2025-53316,Shahjahan Jewel
CVE-2025-53317,AcmeeDesign
CVE-2025-53318,WPManiax
CVE-2025-53319,Raptive
CVE-2025-53320,Wp Enhanced
CVE-2025-53321,Raise The Money
CVE-2025-53322,ZealousWeb
CVE-2025-53323,danbriapps
CVE-2025-53324,CodeYatri
CVE-2025-53325,Dilip kumar
CVE-2025-53326,CodeYatri
CVE-2025-53327,rui_mashita
CVE-2025-53328,Opinion Stage
CVE-2025-53329,szajenw
CVE-2025-53330,WpEstate
CVE-2025-53331,samcharrington
CVE-2025-53332,ethoseo
CVE-2025-53334,TieLabs
CVE-2025-53335,ThemeREX
CVE-2025-53336,abditsori
CVE-2025-53337,Ashan Perera
CVE-2025-53338,dor
CVE-2025-53339,devnex
CVE-2025-53340,awesomesupport
CVE-2025-53341,Themovation
CVE-2025-53342,GoodLayers
CVE-2025-53343,GoodLayers
CVE-2025-53344,ThimPress
CVE-2025-53345,ThimPress
CVE-2025-53346,ThimPress
CVE-2025-53347,Laborator
CVE-2025-53348,Laborator
CVE-2025-53349,Laborator
CVE-2025-53350,webjunk
CVE-2025-53351,Fidelo Software GmbH
CVE-2025-53352,G5Theme
CVE-2025-53354,zauberzeug
CVE-2025-53355,Flux159
CVE-2025-53357,glpi-project
CVE-2025-53358,Cinnamon
CVE-2025-53359,rust-ethereum
CVE-2025-53360,pluginsGLPI
CVE-2025-53363,donknap
CVE-2025-53364,parse-community
CVE-2025-53365,modelcontextprotocol
CVE-2025-53366,modelcontextprotocol
CVE-2025-53367,DjvuNet
CVE-2025-53368,StarCitizenTools
CVE-2025-53369,StarCitizenTools
CVE-2025-53370,StarCitizenTools
CVE-2025-53371,miraheze
CVE-2025-53372,alfonsograziano
CVE-2025-53373,ahmed-elgaml11
CVE-2025-53374,Dokploy
CVE-2025-53375,Dokploy
CVE-2025-53376,Dokploy
CVE-2025-53377,LabRedesCefetRJ
CVE-2025-53378,"Trend Micro, Inc."
CVE-2025-53379,Fortinet
CVE-2025-53391,Debian
CVE-2025-53392,Netgate
CVE-2025-53393,Akka
CVE-2025-53396,"DOS Co., Ltd."
CVE-2025-53397,Advantech
CVE-2025-53399,Sipwise
CVE-2025-53405,QNAP Systems Inc.
CVE-2025-53406,QNAP Systems Inc.
CVE-2025-53407,QNAP Systems Inc.
CVE-2025-53408,QNAP Systems Inc.
CVE-2025-53409,QNAP Systems Inc.
CVE-2025-53410,QNAP Systems Inc.
CVE-2025-53411,QNAP Systems Inc.
CVE-2025-53412,QNAP Systems Inc.
CVE-2025-53413,QNAP Systems Inc.
CVE-2025-53414,QNAP Systems Inc.
CVE-2025-53415,Delta Electronics
CVE-2025-53416,Delta Electronics
CVE-2025-53417,Delta Electronics
CVE-2025-53418,Delta Electronics
CVE-2025-53419,Delta Electronics
CVE-2025-53420,VibeThemes
CVE-2025-53421,PickPlugins
CVE-2025-53422,ThemeWarriors
CVE-2025-53423,designthemes
CVE-2025-53424,vanquish
CVE-2025-53425,"Dokan, Inc."
CVE-2025-53426,Bob
CVE-2025-53427,Chibueze Okechukwu
CVE-2025-53428,N-Media
CVE-2025-53429,AncoraThemes
CVE-2025-53430,AncoraThemes
CVE-2025-53431,AncoraThemes
CVE-2025-53432,AncoraThemes
CVE-2025-53433,AncoraThemes
CVE-2025-53434,AncoraThemes
CVE-2025-53435,axiomthemes
CVE-2025-53436,BZOTheme
CVE-2025-53437,ApusTheme
CVE-2025-53438,axiomthemes
CVE-2025-53439,axiomthemes
CVE-2025-53440,Axiomthemes
CVE-2025-53441,axiomthemes
CVE-2025-53442,axiomthemes
CVE-2025-53443,axiomthemes
CVE-2025-53444,DeluxeThemes
CVE-2025-53445,axiomthemes
CVE-2025-53446,axiomthemes
CVE-2025-53447,axiomthemes
CVE-2025-53448,axiomthemes
CVE-2025-53449,axiomthemes
CVE-2025-53450,Pluginwale
CVE-2025-53451,mihdan
CVE-2025-53452,Barry
CVE-2025-53453,axiomthemes
CVE-2025-53454,Rustaurius
CVE-2025-53455,CashBill
CVE-2025-53456,activewebsight
CVE-2025-53457,activewebsight
CVE-2025-53458,davaxi
CVE-2025-53460,Syed Balkhi
CVE-2025-53461,Binsaifullah
CVE-2025-53462,SAPO
CVE-2025-53463,HT Plugins
CVE-2025-53464,Online Optimisation
CVE-2025-53465,raoinfotech
CVE-2025-53466,CodeSolz
CVE-2025-53467,webvitaly
CVE-2025-53468,gopiplus@hotmail.com
CVE-2025-53469,Mortgage Calculator
CVE-2025-53470,Apache Software Foundation
CVE-2025-53471,Emerson
CVE-2025-53472,"ELECOM CO.,LTD."
CVE-2025-53473,Nimesa
CVE-2025-53474,F5
CVE-2025-53475,Advantech
CVE-2025-53476,OpenPLC
CVE-2025-53477,Apache Software Foundation
CVE-2025-53478,Wikimedia Foundation
CVE-2025-53479,Wikimedia Foundation
CVE-2025-53480,Wikimedia Foundation
CVE-2025-53481,Wikimedia Foundation
CVE-2025-53482,Wikimedia Foundation
CVE-2025-53483,Wikimedia Foundation
CVE-2025-53484,Wikimedia Foundation
CVE-2025-53485,Wikimedia Foundation
CVE-2025-53486,Wikimedia Foundation
CVE-2025-53487,Wikimedia Foundation
CVE-2025-53488,Wikimedia Foundation
CVE-2025-53489,Wikimedia Foundation
CVE-2025-53490,Wikimedia Foundation
CVE-2025-53491,Wikimedia Foundation
CVE-2025-53492,Wikimedia Foundation
CVE-2025-53493,Wikimedia Foundation
CVE-2025-53494,Wikimedia Foundation
CVE-2025-53495,Wikimedia Foundation
CVE-2025-53496,Wikimedia Foundation
CVE-2025-53497,Wikimedia Foundation
CVE-2025-53498,Wikimedia Foundation
CVE-2025-53499,Wikimedia Foundation
CVE-2025-53500,Wikimedia Foundation
CVE-2025-53501,Wikimedia Foundation
CVE-2025-53502,Wikimedia Foundation
CVE-2025-53503,"Trend Micro, Inc."
CVE-2025-53504,Intermesh BV
CVE-2025-53505,Intermesh BV
CVE-2025-53506,Apache Software Foundation
CVE-2025-53507,"iND Co.,Ltd"
CVE-2025-53508,"iND Co.,Ltd"
CVE-2025-53509,Advantech
CVE-2025-53510,SAIL Image Decoding Library
CVE-2025-53511,The Biosig Project
CVE-2025-53512,Canonical
CVE-2025-53513,Canonical
CVE-2025-53514,Mattermost
CVE-2025-53515,Advantech
CVE-2025-53516,MedDream
CVE-2025-53518,The Biosig Project
CVE-2025-53519,Advantech
CVE-2025-53520,EG4 Electronics
CVE-2025-53521,F5
CVE-2025-53522,Six Apart Ltd.
CVE-2025-53523,"Japan Total System Co.,Ltd."
CVE-2025-53524,Fuji Electric
CVE-2025-53525,LabRedesCefetRJ
CVE-2025-53526,LabRedesCefetRJ
CVE-2025-53527,LabRedesCefetRJ
CVE-2025-53528,zmievsa
CVE-2025-53529,LabRedesCefetRJ
CVE-2025-53530,LabRedesCefetRJ
CVE-2025-53531,LabRedesCefetRJ
CVE-2025-53532,giscus
CVE-2025-53533,pi-hole
CVE-2025-53534,tnb-labs
CVE-2025-53535,better-auth
CVE-2025-53536,RooCodeInc
CVE-2025-53537,OISF
CVE-2025-53538,OISF
CVE-2025-53539,rennf93
CVE-2025-53540,espressif
CVE-2025-53541,Enalean
CVE-2025-53542,kubernetes-sigs
CVE-2025-53543,kestra-io
CVE-2025-53544,TriliumNext
CVE-2025-53545,frappe
CVE-2025-53546,RSSNext
CVE-2025-53547,helm
CVE-2025-53548,clerk
CVE-2025-53549,matrix-org
CVE-2025-53557,The Biosig Project
CVE-2025-53558,ZTE Japan. K.K.
CVE-2025-53559,LambertGroup
CVE-2025-53560,rascals
CVE-2025-53561,miniOrange
CVE-2025-53562,LambertGroup
CVE-2025-53563,LambertGroup
CVE-2025-53564,LambertGroup
CVE-2025-53565,RadiusTheme
CVE-2025-53566,osama.esh
CVE-2025-53567,nK
CVE-2025-53568,Tony Zeoli
CVE-2025-53569,Trust Payments
CVE-2025-53570,DELUCKS
CVE-2025-53571,VillaTheme
CVE-2025-53572,emarket-design
CVE-2025-53573,jegtheme
CVE-2025-53574,ptibogxiv
CVE-2025-53575,primersoftware
CVE-2025-53576,ovatheme
CVE-2025-53577,thehp
CVE-2025-53578,gavias
CVE-2025-53579,captcha.eu
CVE-2025-53580,quantumcloud
CVE-2025-53581,artiosmedia
CVE-2025-53582,WordLift
CVE-2025-53583,emarket-design
CVE-2025-53584,emarket-design
CVE-2025-53585,NooTheme
CVE-2025-53586,NooTheme
CVE-2025-53587,ApusTheme
CVE-2025-53588,"Dmitry V. (CEO of ""UKR Solution"")"
CVE-2025-53589,QNAP Systems Inc.
CVE-2025-53590,QNAP Systems Inc.
CVE-2025-53591,QNAP Systems Inc.
CVE-2025-53592,QNAP Systems Inc.
CVE-2025-53593,QNAP Systems Inc.
CVE-2025-53594,QNAP Systems Inc.
CVE-2025-53595,QNAP Systems Inc.
CVE-2025-53596,QNAP Systems Inc.
CVE-2025-53597,QNAP Systems Inc.
CVE-2025-53598,QNAP Systems Inc.
CVE-2025-53599,NAVER
CVE-2025-53600,NAVER
CVE-2025-53602,Open Zipkin
CVE-2025-53603,Alinto
CVE-2025-53604,pimeys
CVE-2025-53605,stepancheg
CVE-2025-53606,Apache Software Foundation
CVE-2025-53608,Fortinet
CVE-2025-53609,Fortinet
CVE-2025-53618,Grassroot DICOM
CVE-2025-53619,Grassroot DICOM
CVE-2025-53620,QwikDev
CVE-2025-53621,DSpace
CVE-2025-53622,DSpace
CVE-2025-53623,Shopify
CVE-2025-53624,webbertakken
CVE-2025-53625,Universal-Omega
CVE-2025-53626,pdfme
CVE-2025-53627,meshtastic
CVE-2025-53628,yhirose
CVE-2025-53629,yhirose
CVE-2025-53630,ggml-org
CVE-2025-53631,DogukanUrker
CVE-2025-53632,ctfer-io
CVE-2025-53633,ctfer-io
CVE-2025-53634,ctfer-io
CVE-2025-53636,OSC
CVE-2025-53637,meshtastic
CVE-2025-53638,Vectorized
CVE-2025-53639,metersphere
CVE-2025-53640,indico
CVE-2025-53641,gitroomhq
CVE-2025-53642,haxtheweb
CVE-2025-53643,aio-libs
CVE-2025-53644,opencv
CVE-2025-53648,Apache Software Foundation
CVE-2025-53649,SwitchBot
CVE-2025-53650,Jenkins Project
CVE-2025-53651,Jenkins Project
CVE-2025-53652,Jenkins Project
CVE-2025-53653,Jenkins Project
CVE-2025-53654,Jenkins Project
CVE-2025-53655,Jenkins Project
CVE-2025-53656,Jenkins Project
CVE-2025-53657,Jenkins Project
CVE-2025-53658,Jenkins Project
CVE-2025-53659,Jenkins Project
CVE-2025-53660,Jenkins Project
CVE-2025-53661,Jenkins Project
CVE-2025-53662,Jenkins Project
CVE-2025-53663,Jenkins Project
CVE-2025-53664,Jenkins Project
CVE-2025-53665,Jenkins Project
CVE-2025-53666,Jenkins Project
CVE-2025-53667,Jenkins Project
CVE-2025-53668,Jenkins Project
CVE-2025-53669,Jenkins Project
CVE-2025-53670,Jenkins Project
CVE-2025-53671,Jenkins Project
CVE-2025-53672,Jenkins Project
CVE-2025-53673,Jenkins Project
CVE-2025-53674,Jenkins Project
CVE-2025-53675,Jenkins Project
CVE-2025-53676,Jenkins Project
CVE-2025-53677,Jenkins Project
CVE-2025-53678,Jenkins Project
CVE-2025-53679,Fortinet
CVE-2025-53680,Fortinet
CVE-2025-53681,Fortinet
CVE-2025-53689,Apache Software Foundation
CVE-2025-53690,Sitecore
CVE-2025-53691,Sitecore
CVE-2025-53692,Sitecore
CVE-2025-53693,Sitecore
CVE-2025-53694,Sitecore
CVE-2025-53695,"Johnson Controls, Inc"
CVE-2025-53696,"Johnson Controls, Inc"
CVE-2025-53701,Vilar
CVE-2025-53702,Vilar
CVE-2025-53703,DuraComm Corporation
CVE-2025-53704,MAXHUB
CVE-2025-53705,Ashlar-Vellum
CVE-2025-53707,MedDream
CVE-2025-53709,Palantir
CVE-2025-53710,Palantir
CVE-2025-53711,TP Link Systems Inc.
CVE-2025-53711,TP-Link Systems INC.
CVE-2025-53712,TP-Link Systems INC.
CVE-2025-53713,TP-Link Systems INC.
CVE-2025-53714,TP-Link Systems INC.
CVE-2025-53715,TP-Link Systems INC.
CVE-2025-53716,Microsoft
CVE-2025-53717,Microsoft
CVE-2025-53718,Microsoft
CVE-2025-53719,Microsoft
CVE-2025-53720,Microsoft
CVE-2025-53721,Microsoft
CVE-2025-53722,Microsoft
CVE-2025-53723,Microsoft
CVE-2025-53724,Microsoft
CVE-2025-53725,Microsoft
CVE-2025-53726,Microsoft
CVE-2025-53727,Microsoft
CVE-2025-53728,Microsoft
CVE-2025-53729,Microsoft
CVE-2025-53730,Microsoft
CVE-2025-53731,Microsoft
CVE-2025-53732,Microsoft
CVE-2025-53733,Microsoft
CVE-2025-53734,Microsoft
CVE-2025-53735,Microsoft
CVE-2025-53736,Microsoft
CVE-2025-53737,Microsoft
CVE-2025-53738,Microsoft
CVE-2025-53739,Microsoft
CVE-2025-53740,Microsoft
CVE-2025-53741,Microsoft
CVE-2025-53742,Jenkins Project
CVE-2025-53743,Jenkins Project
CVE-2025-53744,Fortinet
CVE-2025-53754,Digisol
CVE-2025-53755,Digisol
CVE-2025-53756,Digisol
CVE-2025-53757,Digisol
CVE-2025-53758,Digisol
CVE-2025-53759,Microsoft
CVE-2025-53760,Microsoft
CVE-2025-53761,Microsoft
CVE-2025-53762,Microsoft
CVE-2025-53763,Microsoft
CVE-2025-53765,Microsoft
CVE-2025-53766,Microsoft
CVE-2025-53767,Microsoft
CVE-2025-53768,Microsoft
CVE-2025-53769,Microsoft
CVE-2025-53770,Microsoft
CVE-2025-53771,Microsoft
CVE-2025-53772,Microsoft
CVE-2025-53773,Microsoft
CVE-2025-53774,Microsoft
CVE-2025-53778,Microsoft
CVE-2025-53779,Microsoft
CVE-2025-53781,Microsoft
CVE-2025-53782,Microsoft
CVE-2025-53783,Microsoft
CVE-2025-53784,Microsoft
CVE-2025-53786,Microsoft
CVE-2025-53787,Microsoft
CVE-2025-53788,Microsoft
CVE-2025-53789,Microsoft
CVE-2025-53791,Microsoft
CVE-2025-53792,Microsoft
CVE-2025-53793,Microsoft
CVE-2025-53795,Microsoft
CVE-2025-53796,Microsoft
CVE-2025-53797,Microsoft
CVE-2025-53798,Microsoft
CVE-2025-53799,Microsoft
CVE-2025-53800,Microsoft
CVE-2025-53801,Microsoft
CVE-2025-53802,Microsoft
CVE-2025-53803,Microsoft
CVE-2025-53804,Microsoft
CVE-2025-53805,Microsoft
CVE-2025-53806,Microsoft
CVE-2025-53807,Microsoft
CVE-2025-53808,Microsoft
CVE-2025-53809,Microsoft
CVE-2025-53810,Microsoft
CVE-2025-53811,Mosh-Pro
CVE-2025-53813,Nozbe
CVE-2025-53814,GCC Productions Inc.
CVE-2025-53816,ipavlov
CVE-2025-53817,ipavlov
CVE-2025-53818,Sunwood-ai-labs
CVE-2025-53819,NixOS
CVE-2025-53820,LabRedesCefetRJ
CVE-2025-53821,LabRedesCefetRJ
CVE-2025-53822,LabRedesCefetRJ
CVE-2025-53823,LabRedesCefetRJ
CVE-2025-53824,LabRedesCefetRJ
CVE-2025-53825,Dokploy
CVE-2025-53826,filebrowser
CVE-2025-53827,owncloud
CVE-2025-53828,owncloud
CVE-2025-53829,owncloud
CVE-2025-53830,owncloud
CVE-2025-53831,owncloud
CVE-2025-53832,translated
CVE-2025-53833,saleem-hadad
CVE-2025-53834,caido
CVE-2025-53835,xwiki
CVE-2025-53836,xwiki
CVE-2025-53838,Kovah
CVE-2025-53839,dracoon
CVE-2025-53840,Icinga
CVE-2025-53841,Akamai
CVE-2025-53842,"ZEXELON CO., LTD."
CVE-2025-53843,Fortinet
CVE-2025-53844,Fortinet
CVE-2025-53845,Fortinet
CVE-2025-53847,Fortinet
CVE-2025-53853,The Biosig Project
CVE-2025-53854,MedDream
CVE-2025-53855,GCC Productions Inc.
CVE-2025-53856,F5
CVE-2025-53857,Mattermost
CVE-2025-53858,NEOJAPAN Inc.
CVE-2025-53859,F5
CVE-2025-53860,F5
CVE-2025-53861,Red Hat
CVE-2025-53862,Red Hat
CVE-2025-53864,Connect2id
CVE-2025-53865,roundup-tracker
CVE-2025-53868,F5
CVE-2025-53869,"Brother Industries, Ltd."
CVE-2025-53869,"Konica Minolta, Inc."
CVE-2025-53869,"Ricoh Company, Ltd."
CVE-2025-53870,Fortinet
CVE-2025-53880,SUSE
CVE-2025-53881,openSUSE
CVE-2025-53882,SUSE
CVE-2025-53883,SUSE
CVE-2025-53884,SUSE
CVE-2025-53885,directus
CVE-2025-53886,directus
CVE-2025-53887,directus
CVE-2025-53888,RIOT-OS
CVE-2025-53889,directus
CVE-2025-53890,pyload
CVE-2025-53891,TimeLineOfficial
CVE-2025-53892,intlify
CVE-2025-53893,filebrowser
CVE-2025-53895,zitadel
CVE-2025-53896,kiteworks
CVE-2025-53897,kiteworks
CVE-2025-53899,kiteworks
CVE-2025-53900,kiteworks
CVE-2025-53901,bytecodealliance
CVE-2025-53902,Enalean
CVE-2025-53903,The-Scratch-Channel
CVE-2025-53904,The-Scratch-Channel
CVE-2025-53905,vim
CVE-2025-53906,vim
CVE-2025-53908,rommapp
CVE-2025-53909,mailcow
CVE-2025-53910,Mattermost
CVE-2025-53912,MedDream
CVE-2025-53913,Calix
CVE-2025-53914,Calix
CVE-2025-53922,galette
CVE-2025-53923,emlog
CVE-2025-53924,emlog
CVE-2025-53925,emlog
CVE-2025-53926,emlog
CVE-2025-53927,1Panel-dev
CVE-2025-53928,1Panel-dev
CVE-2025-53929,LabRedesCefetRJ
CVE-2025-53930,LabRedesCefetRJ
CVE-2025-53931,LabRedesCefetRJ
CVE-2025-53932,LabRedesCefetRJ
CVE-2025-53933,LabRedesCefetRJ
CVE-2025-53934,LabRedesCefetRJ
CVE-2025-53935,LabRedesCefetRJ
CVE-2025-53936,LabRedesCefetRJ
CVE-2025-53937,LabRedesCefetRJ
CVE-2025-53938,LabRedesCefetRJ
CVE-2025-53939,kiteworks
CVE-2025-53940,TryQuiet
CVE-2025-53941,fedify-dev
CVE-2025-53942,goauthentik
CVE-2025-53943,Death1Clown
CVE-2025-53944,Significant-Gravitas
CVE-2025-53945,chainguard-dev
CVE-2025-53946,LabRedesCefetRJ
CVE-2025-53947,Cognex
CVE-2025-53948,Santesoft
CVE-2025-53949,Fortinet
CVE-2025-53950,Fortinet
CVE-2025-53951,Fortinet
CVE-2025-53959,JetBrains
CVE-2025-53960,Apache Software Foundation
CVE-2025-53967,Framelink
CVE-2025-53968,EVMAPA
CVE-2025-53969,Cognex
CVE-2025-53970,"DOS Co., Ltd."
CVE-2025-53971,Mattermost
CVE-2025-53982,Crocoblock
CVE-2025-53983,Crocoblock
CVE-2025-53984,Crocoblock
CVE-2025-53985,Crocoblock
CVE-2025-53986,themeisle
CVE-2025-53987,Crocoblock
CVE-2025-53988,Crocoblock
CVE-2025-53989,Crocoblock
CVE-2025-53990,jetmonsters
CVE-2025-53991,Crocoblock
CVE-2025-53992,Crocoblock
CVE-2025-53993,Crocoblock
CVE-2025-53994,Crocoblock
CVE-2025-53995,Crocoblock
CVE-2025-53996,Crocoblock
CVE-2025-53997,favethemes
CVE-2025-53998,Crocoblock
CVE-2025-53999,ThemeGoods
CVE-2025-54001,ThemeREX
CVE-2025-54002,Jthemes
CVE-2025-54003,Mikado-Themes
CVE-2025-54004,WC Lovers
CVE-2025-54005,sonalsinha21
CVE-2025-54006,boldthemes
CVE-2025-54007,PickPlugins
CVE-2025-54008,Crocoblock
CVE-2025-54009,Crocoblock
CVE-2025-54010,Shahjahan Jewel
CVE-2025-54011,SMTP2GO
CVE-2025-54012,info@welcart
CVE-2025-54013,info@welcart
CVE-2025-54014,QuanticaLabs
CVE-2025-54015,HT Plugins
CVE-2025-54016,Kyle Gilman
CVE-2025-54017,Cozmoslabs
CVE-2025-54018,CreativeMindsSolutions
CVE-2025-54019,Beplusthemes
CVE-2025-54020,Erik
CVE-2025-54021,Mitchell Bennis
CVE-2025-54022,Elliot Sowersby / RelyWP
CVE-2025-54023,WP Delicious
CVE-2025-54024,Greg Winiarski
CVE-2025-54025,Elliot Sowersby / RelyWP
CVE-2025-54026,QuanticaLabs
CVE-2025-54027,Schiocco
CVE-2025-54028,Saleswonder Team: Tobias
CVE-2025-54029,extendons
CVE-2025-54030,WesternDeal
CVE-2025-54031,Schiocco
CVE-2025-54032,WebCodingPlace
CVE-2025-54033,BlocksWP
CVE-2025-54034,Tribulant Software
CVE-2025-54035,Tribulant Software
CVE-2025-54036,Webba Appointment Booking
CVE-2025-54037,blazethemes
CVE-2025-54038,jetmonsters
CVE-2025-54039,Toast Plugins
CVE-2025-54040,Webba Appointment Booking
CVE-2025-54041,WP Swings
CVE-2025-54042,Xfinitysoft
CVE-2025-54043,YayCommerce
CVE-2025-54044,_CreativeMedia_
CVE-2025-54045,CreativeMindsSolutions
CVE-2025-54046,QuanticaLabs
CVE-2025-54047,QuanticaLabs
CVE-2025-54048,miniOrange
CVE-2025-54049,miniOrange
CVE-2025-54050,CyberChimps
CVE-2025-54051,bPlugins
CVE-2025-54052,Realtyna
CVE-2025-54053,Adrian Tobey
CVE-2025-54054,AA Web Servant
CVE-2025-54055,skygroup
CVE-2025-54056,LambertGroup
CVE-2025-54057,Apache Software Foundation
CVE-2025-54058,LabRedesCefetRJ
CVE-2025-54059,chainguard-dev
CVE-2025-54060,LabRedesCefetRJ
CVE-2025-54061,LabRedesCefetRJ
CVE-2025-54062,LabRedesCefetRJ
CVE-2025-54063,CherryHQ
CVE-2025-54064,rucio
CVE-2025-54065,ZDoom
CVE-2025-54066,DIRACGrid
CVE-2025-54068,livewire
CVE-2025-54070,OpenZeppelin
CVE-2025-54071,rommapp
CVE-2025-54072,yt-dlp
CVE-2025-54073,sammcj
CVE-2025-54074,CherryHQ
CVE-2025-54075,nuxt-modules
CVE-2025-54076,LabRedesCefetRJ
CVE-2025-54077,LabRedesCefetRJ
CVE-2025-54078,LabRedesCefetRJ
CVE-2025-54079,LabRedesCefetRJ
CVE-2025-54080,Exiv2
CVE-2025-54081,LizardByte
CVE-2025-54082,marshmallow-packages
CVE-2025-54083,Calix
CVE-2025-54084,Calix
CVE-2025-54085,Absolute Security
CVE-2025-54086,Absolute Security
CVE-2025-54087,Absolute Security
CVE-2025-54088,Absolute Security
CVE-2025-54089,Absolute Security
CVE-2025-54090,Apache Software Foundation
CVE-2025-54091,Microsoft
CVE-2025-54092,Microsoft
CVE-2025-54093,Microsoft
CVE-2025-54094,Microsoft
CVE-2025-54095,Microsoft
CVE-2025-54096,Microsoft
CVE-2025-54097,Microsoft
CVE-2025-54098,Microsoft
CVE-2025-54099,Microsoft
CVE-2025-54100,Microsoft
CVE-2025-54101,Microsoft
CVE-2025-54102,Microsoft
CVE-2025-54103,Microsoft
CVE-2025-54104,Microsoft
CVE-2025-54105,Microsoft
CVE-2025-54106,Microsoft
CVE-2025-54107,Microsoft
CVE-2025-54108,Microsoft
CVE-2025-54109,Microsoft
CVE-2025-54110,Microsoft
CVE-2025-54111,Microsoft
CVE-2025-54112,Microsoft
CVE-2025-54113,Microsoft
CVE-2025-54114,Microsoft
CVE-2025-54115,Microsoft
CVE-2025-54116,Microsoft
CVE-2025-54117,NamelessMC
CVE-2025-54118,NamelessMC
CVE-2025-54119,ADOdb
CVE-2025-54120,PCL-Community
CVE-2025-54121,encode
CVE-2025-54122,Manager-io
CVE-2025-54123,SpectoLabs
CVE-2025-54124,xwiki
CVE-2025-54125,xwiki
CVE-2025-54126,bytecodealliance
CVE-2025-54127,haxtheweb
CVE-2025-54128,haxtheweb
CVE-2025-54129,haxtheweb
CVE-2025-54130,cursor
CVE-2025-54131,cursor
CVE-2025-54132,cursor
CVE-2025-54133,cursor
CVE-2025-54134,haxtheweb
CVE-2025-54135,cursor
CVE-2025-54136,cursor
CVE-2025-54137,haxtheweb
CVE-2025-54138,librenms
CVE-2025-54139,haxtheweb
CVE-2025-54140,pyload
CVE-2025-54141,viewvc
CVE-2025-54142,Akamai
CVE-2025-54143,Mozilla
CVE-2025-54144,Mozilla
CVE-2025-54145,Mozilla
CVE-2025-54146,QNAP Systems Inc.
CVE-2025-54147,QNAP Systems Inc.
CVE-2025-54148,QNAP Systems Inc.
CVE-2025-54149,QNAP Systems Inc.
CVE-2025-54150,QNAP Systems Inc.
CVE-2025-54151,QNAP Systems Inc.
CVE-2025-54152,QNAP Systems Inc.
CVE-2025-54153,QNAP Systems Inc.
CVE-2025-54154,QNAP Systems Inc.
CVE-2025-54155,QNAP Systems Inc.
CVE-2025-54156,Santesoft
CVE-2025-54157,MedDream
CVE-2025-54158,Synology
CVE-2025-54159,Synology
CVE-2025-54160,Synology
CVE-2025-54161,QNAP Systems Inc.
CVE-2025-54162,QNAP Systems Inc.
CVE-2025-54163,QNAP Systems Inc.
CVE-2025-54164,QNAP Systems Inc.
CVE-2025-54165,QNAP Systems Inc.
CVE-2025-54166,QNAP Systems Inc.
CVE-2025-54167,QNAP Systems Inc.
CVE-2025-54168,QNAP Systems Inc.
CVE-2025-54169,QNAP Systems Inc.
CVE-2025-54170,QNAP Systems Inc.
CVE-2025-54172,OpenSolution
CVE-2025-54174,OpenSolution
CVE-2025-54175,OpenSolution
CVE-2025-54186,Adobe
CVE-2025-54187,Adobe
CVE-2025-54188,Adobe
CVE-2025-54189,Adobe
CVE-2025-54190,Adobe
CVE-2025-54191,Adobe
CVE-2025-54192,Adobe
CVE-2025-54193,Adobe
CVE-2025-54194,Adobe
CVE-2025-54195,Adobe
CVE-2025-54196,Adobe
CVE-2025-54197,Adobe
CVE-2025-54198,Adobe
CVE-2025-54199,Adobe
CVE-2025-54200,Adobe
CVE-2025-54201,Adobe
CVE-2025-54202,Adobe
CVE-2025-54203,Adobe
CVE-2025-54204,Adobe
CVE-2025-54205,Adobe
CVE-2025-54206,Adobe
CVE-2025-54207,Adobe
CVE-2025-54208,Adobe
CVE-2025-54209,Adobe
CVE-2025-54210,Adobe
CVE-2025-54211,Adobe
CVE-2025-54212,Adobe
CVE-2025-54213,Adobe
CVE-2025-54214,Adobe
CVE-2025-54215,Adobe
CVE-2025-54216,Adobe
CVE-2025-54217,Adobe
CVE-2025-54218,Adobe
CVE-2025-54219,Adobe
CVE-2025-54220,Adobe
CVE-2025-54221,Adobe
CVE-2025-54222,Adobe
CVE-2025-54223,Adobe
CVE-2025-54224,Adobe
CVE-2025-54225,Adobe
CVE-2025-54226,Adobe
CVE-2025-54227,Adobe
CVE-2025-54228,Adobe
CVE-2025-54229,Adobe
CVE-2025-54230,Adobe
CVE-2025-54231,Adobe
CVE-2025-54232,Adobe
CVE-2025-54233,Adobe
CVE-2025-54234,Adobe
CVE-2025-54235,Adobe
CVE-2025-54236,Adobe
CVE-2025-54237,Adobe
CVE-2025-54238,Adobe
CVE-2025-54239,Adobe
CVE-2025-54240,Adobe
CVE-2025-54241,Adobe
CVE-2025-54242,Adobe
CVE-2025-54243,Adobe
CVE-2025-54244,Adobe
CVE-2025-54245,Adobe
CVE-2025-54246,Adobe
CVE-2025-54247,Adobe
CVE-2025-54248,Adobe
CVE-2025-54249,Adobe
CVE-2025-54250,Adobe
CVE-2025-54251,Adobe
CVE-2025-54252,Adobe
CVE-2025-54253,Adobe
CVE-2025-54254,Adobe
CVE-2025-54255,Adobe
CVE-2025-54256,Adobe
CVE-2025-54257,Adobe
CVE-2025-54258,Adobe
CVE-2025-54259,Adobe
CVE-2025-54260,Adobe
CVE-2025-54261,Adobe
CVE-2025-54262,Adobe
CVE-2025-54263,Adobe
CVE-2025-54264,Adobe
CVE-2025-54265,Adobe
CVE-2025-54266,Adobe
CVE-2025-54267,Adobe
CVE-2025-54268,Adobe
CVE-2025-54269,Adobe
CVE-2025-54270,Adobe
CVE-2025-54271,Adobe
CVE-2025-54272,Adobe
CVE-2025-54273,Adobe
CVE-2025-54274,Adobe
CVE-2025-54275,Adobe
CVE-2025-54276,Adobe
CVE-2025-54278,Adobe
CVE-2025-54279,Adobe
CVE-2025-54280,Adobe
CVE-2025-54281,Adobe
CVE-2025-54282,Adobe
CVE-2025-54283,Adobe
CVE-2025-54284,Adobe
CVE-2025-54286,Canonical
CVE-2025-54287,Canonical
CVE-2025-54288,Canonical
CVE-2025-54289,Canonical
CVE-2025-54290,Canonical
CVE-2025-54291,Canonical
CVE-2025-54292,Canonical
CVE-2025-54293,Canonical
CVE-2025-54294,stackideas.com
CVE-2025-54295,dj-extensions.com
CVE-2025-54296,mooj.org
CVE-2025-54297,compojoom.com
CVE-2025-54298,firecoders.com
CVE-2025-54299,nobossextensions.com
CVE-2025-54300,norrnext.com
CVE-2025-54301,norrnext.com
CVE-2025-54309,CrushFTP
CVE-2025-54310,qBittorrent
CVE-2025-54313,prettier
CVE-2025-54314,rubyonrails
CVE-2025-54315,Matrix
CVE-2025-54316,Logpoint
CVE-2025-54317,Logpoint
CVE-2025-54319,Westermo
CVE-2025-54322,Xspeeder
CVE-2025-54349,ES
CVE-2025-54350,ES
CVE-2025-54351,ES
CVE-2025-54352,WordPress
CVE-2025-54353,Fortinet
CVE-2025-54363,Microsoft
CVE-2025-54364,Microsoft
CVE-2025-54365,rennf93
CVE-2025-54366,freescout-help-desk
CVE-2025-54368,astral-sh
CVE-2025-54369,node-saml
CVE-2025-54370,PHPOffice
CVE-2025-54373,openemr
CVE-2025-54374,mayneyao
CVE-2025-54376,SpectoLabs
CVE-2025-54377,RooCodeInc
CVE-2025-54378,haxtheweb
CVE-2025-54379,lf-edge
CVE-2025-54380,opencast
CVE-2025-54381,bentoml
CVE-2025-54382,CherryHQ
CVE-2025-54384,ckan
CVE-2025-54385,xwiki
CVE-2025-54386,traefik
CVE-2025-54387,unjs
CVE-2025-54388,moby
CVE-2025-54389,aide
CVE-2025-54399,Planet
CVE-2025-54400,Planet
CVE-2025-54401,Planet
CVE-2025-54402,Planet
CVE-2025-54403,Planet
CVE-2025-54404,Planet
CVE-2025-54405,Planet
CVE-2025-54406,Planet
CVE-2025-54407,"Japan Total System Co.,Ltd."
CVE-2025-54409,aide
CVE-2025-54410,moby
CVE-2025-54411,discourse
CVE-2025-54412,skops-dev
CVE-2025-54413,skops-dev
CVE-2025-54414,TecharoHQ
CVE-2025-54415,astronomer
CVE-2025-54416,tj-actions
CVE-2025-54417,craftcms
CVE-2025-54418,codeigniter4
CVE-2025-54419,node-saml
CVE-2025-54421,NamelessMC
CVE-2025-54422,sandboxie-plus
CVE-2025-54423,9001
CVE-2025-54424,1Panel-dev
CVE-2025-54425,umbraco
CVE-2025-54426,polkadot-evm
CVE-2025-54427,polkadot-evm
CVE-2025-54428,musombi123
CVE-2025-54429,polkadot-evm
CVE-2025-54430,dedupeio
CVE-2025-54433,bugsink
CVE-2025-54438,Samsung Electronics
CVE-2025-54439,Samsung Electronics
CVE-2025-54440,Samsung Electronics
CVE-2025-54441,Samsung Electronics
CVE-2025-54442,Samsung Electronics
CVE-2025-54443,Samsung Electronics
CVE-2025-54444,Samsung Electronics
CVE-2025-54445,Samsung Electronics
CVE-2025-54446,Samsung Electronics
CVE-2025-54447,Samsung Electronics
CVE-2025-54448,Samsung Electronics
CVE-2025-54449,Samsung Electronics
CVE-2025-54450,Samsung Electronics
CVE-2025-54451,Samsung Electronics
CVE-2025-54452,Samsung Electronics
CVE-2025-54453,Samsung Electronics
CVE-2025-54454,Samsung Electronics
CVE-2025-54455,Samsung Electronics
CVE-2025-54458,Mattermost
CVE-2025-54459,Vertikal Systems
CVE-2025-54460,AVEVA
CVE-2025-54461,NEOJAPAN Inc.
CVE-2025-54462,The Biosig Project
CVE-2025-54463,Mattermost
CVE-2025-54464,ZKTeco Co
CVE-2025-54465,ZKTeco Co
CVE-2025-54466,Apache Software Foundation
CVE-2025-54467,SUSE
CVE-2025-54468,SUSE
CVE-2025-54469,SUSE
CVE-2025-54470,SUSE
CVE-2025-54471,SUSE
CVE-2025-54472,Apache Software Foundation
CVE-2025-54473,phoca.cz
CVE-2025-54474,dj-extensions.com
CVE-2025-54475,joomsky.com
CVE-2025-54476,Joomla! Project
CVE-2025-54477,Joomla! Project
CVE-2025-54478,Mattermost
CVE-2025-54479,F5
CVE-2025-54480,The Biosig Project
CVE-2025-54481,The Biosig Project
CVE-2025-54482,The Biosig Project
CVE-2025-54483,The Biosig Project
CVE-2025-54484,The Biosig Project
CVE-2025-54485,The Biosig Project
CVE-2025-54486,The Biosig Project
CVE-2025-54487,The Biosig Project
CVE-2025-54488,The Biosig Project
CVE-2025-54489,The Biosig Project
CVE-2025-54490,The Biosig Project
CVE-2025-54491,The Biosig Project
CVE-2025-54492,The Biosig Project
CVE-2025-54493,The Biosig Project
CVE-2025-54494,The Biosig Project
CVE-2025-54495,MedDream
CVE-2025-54496,Fuji Electric
CVE-2025-54497,Cognex
CVE-2025-54499,Mattermost
CVE-2025-54500,F5
CVE-2025-54502,AMD
CVE-2025-54505,AMD
CVE-2025-54509,AMD
CVE-2025-54510,AMD
CVE-2025-54511,AMD
CVE-2025-54512,AMD
CVE-2025-54514,AMD
CVE-2025-54515,AMD
CVE-2025-54517,AMD
CVE-2025-54518,AMD
CVE-2025-54519,AMD
CVE-2025-54520,AMD
CVE-2025-54525,Mattermost
CVE-2025-54526,Fuji Electric
CVE-2025-54527,JetBrains
CVE-2025-54528,JetBrains
CVE-2025-54529,JetBrains
CVE-2025-54530,JetBrains
CVE-2025-54531,JetBrains
CVE-2025-54532,JetBrains
CVE-2025-54533,JetBrains
CVE-2025-54534,JetBrains
CVE-2025-54535,JetBrains
CVE-2025-54536,JetBrains
CVE-2025-54537,JetBrains
CVE-2025-54538,JetBrains
CVE-2025-54539,Apache Software Foundation
CVE-2025-54540,OpenSolution
CVE-2025-54541,OpenSolution
CVE-2025-54542,OpenSolution
CVE-2025-54543,OpenSolution
CVE-2025-54544,OpenSolution
CVE-2025-54545,Arista Networks
CVE-2025-54546,Arista Networks
CVE-2025-54547,Arista Networks
CVE-2025-54548,Arista Networks
CVE-2025-54549,Arista Networks
CVE-2025-54550,Apache Software Foundation
CVE-2025-54551,FUJIFILM Healthcare Americas Corporation
CVE-2025-54554,Tera Insights
CVE-2025-54558,OpenAI
CVE-2025-54566,QEMU
CVE-2025-54567,QEMU
CVE-2025-54568,Akamai
CVE-2025-54569,Malwarebytes
CVE-2025-54571,owasp-modsecurity
CVE-2025-54572,SAML-Toolkits
CVE-2025-54573,cvat-ai
CVE-2025-54574,squid-cache
CVE-2025-54575,SixLabors
CVE-2025-54576,oauth2-proxy
CVE-2025-54581,0x676e67
CVE-2025-54583,finos
CVE-2025-54584,finos
CVE-2025-54585,finos
CVE-2025-54586,finos
CVE-2025-54588,envoyproxy
CVE-2025-54589,9001
CVE-2025-54590,silverbucket
CVE-2025-54591,FreshRSS
CVE-2025-54592,FreshRSS
CVE-2025-54593,FreshRSS
CVE-2025-54594,callstackincubator
CVE-2025-54595,alienator88
CVE-2025-54596,Abnormal AI
CVE-2025-54597,LinuxServer
CVE-2025-54606,Huawei
CVE-2025-54607,Huawei
CVE-2025-54608,Huawei
CVE-2025-54609,Huawei
CVE-2025-54610,Huawei
CVE-2025-54611,Huawei
CVE-2025-54612,Huawei
CVE-2025-54613,Huawei
CVE-2025-54614,Huawei
CVE-2025-54615,Huawei
CVE-2025-54616,Huawei
CVE-2025-54617,Huawei
CVE-2025-54618,Huawei
CVE-2025-54619,Huawei
CVE-2025-54620,Huawei
CVE-2025-54621,Huawei
CVE-2025-54622,Huawei
CVE-2025-54623,Huawei
CVE-2025-54624,Huawei
CVE-2025-54625,Huawei
CVE-2025-54626,Huawei
CVE-2025-54627,Huawei
CVE-2025-54628,Huawei
CVE-2025-54629,Huawei
CVE-2025-54630,Huawei
CVE-2025-54631,Huawei
CVE-2025-54632,Huawei
CVE-2025-54633,Huawei
CVE-2025-54634,Huawei
CVE-2025-54635,Huawei
CVE-2025-54636,Huawei
CVE-2025-54637,Huawei
CVE-2025-54638,Huawei
CVE-2025-54639,Huawei
CVE-2025-54640,Huawei
CVE-2025-54641,Huawei
CVE-2025-54642,Huawei
CVE-2025-54643,Huawei
CVE-2025-54644,Huawei
CVE-2025-54645,Huawei
CVE-2025-54646,Huawei
CVE-2025-54647,Huawei
CVE-2025-54648,Huawei
CVE-2025-54649,Huawei
CVE-2025-54650,Huawei
CVE-2025-54651,Huawei
CVE-2025-54652,Huawei
CVE-2025-54653,Huawei
CVE-2025-54654,Huawei
CVE-2025-54655,Huawei
CVE-2025-54656,Apache Software Foundation
CVE-2025-54658,Fortinet
CVE-2025-54659,Fortinet
CVE-2025-54660,Fortinet
CVE-2025-54667,Saad Iqbal
CVE-2025-54668,Saad Iqbal
CVE-2025-54669,RomanCode
CVE-2025-54670,bobbingwide
CVE-2025-54671,bobbingwide
CVE-2025-54672,Jordy Meow
CVE-2025-54673,Ays Pro
CVE-2025-54674,mklacroix
CVE-2025-54675,YITHEMES
CVE-2025-54676,vcita
CVE-2025-54677,vcita
CVE-2025-54678,hassantafreshi
CVE-2025-54679,vertim
CVE-2025-54680,sparklewpthemes
CVE-2025-54681,CRM Perks
CVE-2025-54682,CRM Perks
CVE-2025-54683,Astoundify
CVE-2025-54684,CRM Perks
CVE-2025-54685,Brainstorm Force
CVE-2025-54686,scriptsbundle
CVE-2025-54687,Crocoblock
CVE-2025-54688,Crocoblock
CVE-2025-54689,thembay
CVE-2025-54690,themeStek
CVE-2025-54691,Stylemix
CVE-2025-54692,WP Swings
CVE-2025-54693,epiphyt
CVE-2025-54694,bPlugins
CVE-2025-54695,DevItems
CVE-2025-54696,WPFunnels
CVE-2025-54697,StellarWP
CVE-2025-54698,RadiusTheme
CVE-2025-54699,masteriyo
CVE-2025-54700,ThemeMove
CVE-2025-54701,ThemeMove
CVE-2025-54702,motov.net
CVE-2025-54703,princeahmed
CVE-2025-54704,hashthemes
CVE-2025-54705,magepeopleteam
CVE-2025-54706,Noor Alam
CVE-2025-54707,RealMag777
CVE-2025-54708,bPlugins
CVE-2025-54709,uxper
CVE-2025-54710,bPlugins
CVE-2025-54711,bPlugins
CVE-2025-54712,hashthemes
CVE-2025-54713,magepeopleteam
CVE-2025-54714,Dylan James
CVE-2025-54715,"Dmitry V. (CEO of ""UKR Solution"")"
CVE-2025-54716,ovatheme
CVE-2025-54717,e-plugins
CVE-2025-54718,NooTheme
CVE-2025-54719,NooTheme
CVE-2025-54720,SteelThemes
CVE-2025-54721,ThimPress
CVE-2025-54722,Ex-Themes
CVE-2025-54723,BoldThemes
CVE-2025-54724,uxper
CVE-2025-54725,uxper
CVE-2025-54726,Miguel Useche
CVE-2025-54727,CreativeMindsSolutions
CVE-2025-54728,CreativeMindsSolutions
CVE-2025-54729,Webba Appointment Booking
CVE-2025-54730,PARETO Digital
CVE-2025-54731,emarket-design
CVE-2025-54732,Shahjada
CVE-2025-54733,all_bootstrap_blocks
CVE-2025-54734,bPlugins
CVE-2025-54735,Imran Tauqeer
CVE-2025-54736,NordicMade
CVE-2025-54737,NooTheme
CVE-2025-54738,NooTheme
CVE-2025-54739,POSIMYTH
CVE-2025-54740,Michael Nelson
CVE-2025-54741,Tyler Moore
CVE-2025-54742,magepeopleteam
CVE-2025-54743,mkscripts
CVE-2025-54744,Stylemix
CVE-2025-54745,miniOrange
CVE-2025-54746,cartpauj
CVE-2025-54747,wpbakery
CVE-2025-54748,RomanCode
CVE-2025-54749,Crocoblock
CVE-2025-54750,Aman
CVE-2025-54751,WPXPO
CVE-2025-54752,Alfasado Inc.
CVE-2025-54754,Cognex
CVE-2025-54755,F5
CVE-2025-54756,BrightSign
CVE-2025-54757,Alfasado Inc.
CVE-2025-54759,Santesoft
CVE-2025-54760,NEOJAPAN Inc.
CVE-2025-54762,"DOS Co., Ltd."
CVE-2025-54763,"Century Systems Co., Ltd."
CVE-2025-54765,Xorux
CVE-2025-54766,Xorux
CVE-2025-54767,Xorux
CVE-2025-54768,Xorux
CVE-2025-54769,Xorux
CVE-2025-54770,GNU
CVE-2025-54770,Red Hat
CVE-2025-54771,GNU
CVE-2025-54771,Red Hat
CVE-2025-54777,"Konica Minolta, Inc."
CVE-2025-54778,MedDream
CVE-2025-54780,cconard96
CVE-2025-54781,himmelblau-idm
CVE-2025-54782,nestjs
CVE-2025-54783,SuiteCRM
CVE-2025-54784,SuiteCRM
CVE-2025-54785,SuiteCRM
CVE-2025-54786,SuiteCRM
CVE-2025-54787,SuiteCRM
CVE-2025-54788,SuiteCRM
CVE-2025-54789,humhub
CVE-2025-54790,humhub
CVE-2025-54791,ome
CVE-2025-54792,localsend
CVE-2025-54793,withastro
CVE-2025-54794,anthropics
CVE-2025-54795,anthropics
CVE-2025-54796,9001
CVE-2025-54798,raszi
CVE-2025-54799,go-acme
CVE-2025-54800,NixOS
CVE-2025-54801,gofiber
CVE-2025-54802,pyload
CVE-2025-54803,sunnyadn
CVE-2025-54804,Eugeny
CVE-2025-54805,F5
CVE-2025-54806,"GROWI, Inc."
CVE-2025-54807,Dover Fueling Solutions
CVE-2025-54808,Oxford Nanopore Technologies
CVE-2025-54809,F5
CVE-2025-54810,Cognex
CVE-2025-54811,OpenPLC_V3
CVE-2025-54812,Apache Software Foundation
CVE-2025-54813,Apache Software Foundation
CVE-2025-54814,MedDream
CVE-2025-54816,EVMAPA
CVE-2025-54817,MedDream
CVE-2025-54818,Cognex
CVE-2025-54819,"DOS Co., Ltd."
CVE-2025-54820,Fortinet
CVE-2025-54821,Fortinet
CVE-2025-54822,Fortinet
CVE-2025-54831,Apache Software Foundation
CVE-2025-54832,OPEXUS
CVE-2025-54833,OPEXUS
CVE-2025-54834,OPEXUS
CVE-2025-54838,Fortinet
CVE-2025-54848,Socomec
CVE-2025-54849,Socomec
CVE-2025-54850,Socomec
CVE-2025-54851,Socomec
CVE-2025-54852,MedDream
CVE-2025-54853,MedDream
CVE-2025-54854,F5
CVE-2025-54855,AutomationDirect
CVE-2025-54856,Six Apart Ltd.
CVE-2025-54857,Seiko Solutions Inc.
CVE-2025-54858,F5
CVE-2025-54859,NEOJAPAN Inc.
CVE-2025-54860,Cognex
CVE-2025-54861,MedDream
CVE-2025-54862,Santesoft
CVE-2025-54863,Radiometrics
CVE-2025-54864,NixOS
CVE-2025-54865,FTB-Gamepedia
CVE-2025-54866,wazuh
CVE-2025-54867,youki-dev
CVE-2025-54868,danny-avila
CVE-2025-54869,Setasign
CVE-2025-54870,leakingmemory
CVE-2025-54871,steveseguin
CVE-2025-54872,Vessel9817
CVE-2025-54873,risc0
CVE-2025-54874,uclouvain
CVE-2025-54875,FreshRSS
CVE-2025-54876,JanssenProject
CVE-2025-54877,Enalean
CVE-2025-54878,nasa
CVE-2025-54879,mastodon
CVE-2025-54880,mermaid-js
CVE-2025-54881,mermaid-js
CVE-2025-54882,himmelblau-idm
CVE-2025-54883,DavidOsipov
CVE-2025-54884,DavidOsipov
CVE-2025-54885,simbo1905
CVE-2025-54886,skops-dev
CVE-2025-54887,jwt
CVE-2025-54888,fedify-dev
CVE-2025-54889,Centreon
CVE-2025-54890,Centreon
CVE-2025-54891,Centreon
CVE-2025-54892,Centreon
CVE-2025-54893,Centreon
CVE-2025-54894,Microsoft
CVE-2025-54895,Microsoft
CVE-2025-54896,Microsoft
CVE-2025-54897,Microsoft
CVE-2025-54898,Microsoft
CVE-2025-54899,Microsoft
CVE-2025-54900,Microsoft
CVE-2025-54901,Microsoft
CVE-2025-54902,Microsoft
CVE-2025-54903,Microsoft
CVE-2025-54904,Microsoft
CVE-2025-54905,Microsoft
CVE-2025-54906,Microsoft
CVE-2025-54907,Microsoft
CVE-2025-54908,Microsoft
CVE-2025-54910,Microsoft
CVE-2025-54911,Microsoft
CVE-2025-54912,Microsoft
CVE-2025-54913,Microsoft
CVE-2025-54914,Microsoft
CVE-2025-54915,Microsoft
CVE-2025-54916,Microsoft
CVE-2025-54917,Microsoft
CVE-2025-54918,Microsoft
CVE-2025-54919,Microsoft
CVE-2025-54920,Apache Software Foundation
CVE-2025-54923,Schneider Electric
CVE-2025-54924,Schneider Electric
CVE-2025-54925,Schneider Electric
CVE-2025-54926,Schneider Electric
CVE-2025-54927,Schneider Electric
CVE-2025-54939,litespeedtech
CVE-2025-54940,"WPEngine, Inc."
CVE-2025-54941,Apache Software Foundation
CVE-2025-54942,"SUNNET Technology Co., Ltd."
CVE-2025-54943,"SUNNET Technology Co., Ltd."
CVE-2025-54944,"SUNNET Technology Co., Ltd."
CVE-2025-54945,"SUNNET Technology Co., Ltd."
CVE-2025-54946,"SUNNET Technology Co., Ltd."
CVE-2025-54947,Apache Software Foundation
CVE-2025-54948,"Trend Micro, Inc."
CVE-2025-54949,"Meta Platforms, Inc"
CVE-2025-54950,"Meta Platforms, Inc"
CVE-2025-54951,"Meta Platforms, Inc"
CVE-2025-54952,"Meta Platforms, Inc"
CVE-2025-54955,OpenNebula
CVE-2025-54956,r-lib
CVE-2025-54958,"Mubit co.,ltd."
CVE-2025-54959,"Mubit co.,ltd."
CVE-2025-54962,thiagoralves
CVE-2025-54971,Fortinet
CVE-2025-54972,Fortinet
CVE-2025-54973,Fortinet
CVE-2025-54981,Apache Software Foundation
CVE-2025-54982,Zscaler
CVE-2025-54983,Zscaler
CVE-2025-54987,"Trend Micro, Inc."
CVE-2025-54988,Apache Software Foundation
CVE-2025-54989,FirebirdSQL
CVE-2025-54990,xwikisas
CVE-2025-54992,telstra
CVE-2025-54994,akoskm
CVE-2025-54995,asterisk
CVE-2025-54996,openbao
CVE-2025-54997,openbao
CVE-2025-54998,openbao
CVE-2025-54999,openbao
CVE-2025-55000,openbao
CVE-2025-55001,openbao
CVE-2025-55003,openbao
CVE-2025-55004,ImageMagick
CVE-2025-55005,ImageMagick
CVE-2025-55006,frappe
CVE-2025-55007,KnowageLabs
CVE-2025-55008,workos
CVE-2025-55009,workos
CVE-2025-55010,kanboard
CVE-2025-55011,kanboard
CVE-2025-55012,zed-industries
CVE-2025-55013,CybercentreCanada
CVE-2025-55014,StarDict
CVE-2025-55017,Apache Software Foundation
CVE-2025-55018,Fortinet
CVE-2025-55028,Mozilla
CVE-2025-55029,Mozilla
CVE-2025-55030,Mozilla
CVE-2025-55031,Mozilla
CVE-2025-55032,Mozilla
CVE-2025-55033,Mozilla
CVE-2025-55034,General Industrial Controls
CVE-2025-55035,Mattermost
CVE-2025-55036,F5
CVE-2025-55037,kujirahand
CVE-2025-55038,AutomationDirect
CVE-2025-55039,Apache Software Foundation
CVE-2025-55047,Baicells
CVE-2025-55048,Baicells
CVE-2025-55049,Baicells
CVE-2025-55050,Baicells
CVE-2025-55051,Baicells
CVE-2025-55052,Baicells
CVE-2025-55053,Baicells
CVE-2025-55054,Baicells
CVE-2025-55055,Rumpus
CVE-2025-55056,Rumpus
CVE-2025-55057,Rumpus
CVE-2025-55058,Rumpus
CVE-2025-55059,Rumpus
CVE-2025-55060,Priority
CVE-2025-55061,Priority
CVE-2025-55062,Priority
CVE-2025-55063,Priority
CVE-2025-55064,Priority
CVE-2025-55065,Kopek Reem
CVE-2025-55067,Veeder-Root
CVE-2025-55068,Dover Fueling Solutions
CVE-2025-55069,AutomationDirect
CVE-2025-55070,Mattermost
CVE-2025-55071,MedDream
CVE-2025-55072,NEOJAPAN Inc.
CVE-2025-55073,Mattermost
CVE-2025-55074,Mattermost
CVE-2025-55075,"I-O DATA DEVICE, INC."
CVE-2025-55077,Tyler Technologies
CVE-2025-55078,Eclipse Foundation
CVE-2025-55079,Eclipse Foundation
CVE-2025-55080,Eclipse Foundation
CVE-2025-55081,Eclipse Foundation
CVE-2025-55082,Eclipse Foundation
CVE-2025-55083,Eclipse Foundation
CVE-2025-55084,Eclipse Foundation
CVE-2025-55085,Eclipse Foundation
CVE-2025-55086,Eclipse Foundation
CVE-2025-55087,Eclipse Foundation
CVE-2025-55089,Eclipse Foundation
CVE-2025-55090,Eclipse Foundation
CVE-2025-55091,Eclipse Foundation
CVE-2025-55092,Eclipse Foundation
CVE-2025-55093,Eclipse Foundation
CVE-2025-55094,Eclipse Foundation
CVE-2025-55095,Eclipse Foundation
CVE-2025-55096,Eclipse Foundation
CVE-2025-55097,Eclipse Foundation
CVE-2025-55098,Eclipse Foundation
CVE-2025-55099,Eclipse Foundation
CVE-2025-55100,Eclipse Foundation
CVE-2025-55102,Eclipse Foundation
CVE-2025-55103,Esri
CVE-2025-55104,Esri
CVE-2025-55105,Esri
CVE-2025-55106,Esri
CVE-2025-55107,Esri
CVE-2025-55108,BMC
CVE-2025-55109,BMC
CVE-2025-55110,BMC
CVE-2025-55111,BMC
CVE-2025-55112,BMC
CVE-2025-55113,BMC
CVE-2025-55114,BMC
CVE-2025-55115,BMC
CVE-2025-55116,BMC
CVE-2025-55117,BMC
CVE-2025-55118,BMC
CVE-2025-55123,Revive
CVE-2025-55124,Revive
CVE-2025-55125,Veeam
CVE-2025-55126,Revive
CVE-2025-55127,Revive
CVE-2025-55128,Revive
CVE-2025-55129,Revive
CVE-2025-55130,nodejs
CVE-2025-55131,nodejs
CVE-2025-55132,nodejs
CVE-2025-55133,Agora Foundation
CVE-2025-55134,Agora Foundation
CVE-2025-55135,Agora Foundation
CVE-2025-55136,tae898
CVE-2025-55137,Latkecrszy
CVE-2025-55138,Latkecrszy
CVE-2025-55139,Ivanti
CVE-2025-55141,Ivanti
CVE-2025-55142,Ivanti
CVE-2025-55143,Ivanti
CVE-2025-55144,Ivanti
CVE-2025-55145,Ivanti
CVE-2025-55146,Ivanti
CVE-2025-55147,Ivanti
CVE-2025-55148,Ivanti
CVE-2025-55149,ulab-uiuc
CVE-2025-55150,Stirling-Tools
CVE-2025-55151,Stirling-Tools
CVE-2025-55152,oakserver
CVE-2025-55154,ImageMagick
CVE-2025-55155,mantisbt
CVE-2025-55156,pyload
CVE-2025-55157,vim
CVE-2025-55158,vim
CVE-2025-55159,tokio-rs
CVE-2025-55160,ImageMagick
CVE-2025-55161,Stirling-Tools
CVE-2025-55162,envoyproxy
CVE-2025-55163,netty
CVE-2025-55164,helmetjs
CVE-2025-55165,gelbphoenix
CVE-2025-55166,darylldoyle
CVE-2025-55167,LabRedesCefetRJ
CVE-2025-55168,LabRedesCefetRJ
CVE-2025-55169,LabRedesCefetRJ
CVE-2025-55170,LabRedesCefetRJ
CVE-2025-55171,LabRedesCefetRJ
CVE-2025-55173,vercel
CVE-2025-55174,KDE
CVE-2025-55175,OpenSolution
CVE-2025-55177,Facebook
CVE-2025-55178,"Meta Platforms, Inc"
CVE-2025-55179,Facebook
CVE-2025-55181,Facebook
CVE-2025-55182,Meta
CVE-2025-55183,Meta
CVE-2025-55184,Meta
CVE-2025-55188,7-Zip
CVE-2025-55190,argoproj
CVE-2025-55191,argoproj
CVE-2025-55192,JurajNyiri
CVE-2025-55193,rails
CVE-2025-55194,Part-DB
CVE-2025-55195,denoland
CVE-2025-55196,external-secrets
CVE-2025-55197,py-pdf
CVE-2025-55198,helm
CVE-2025-55199,helm
CVE-2025-55200,bigbluebutton
CVE-2025-55201,copier-org
CVE-2025-55202,opencast
CVE-2025-55203,makeplane
CVE-2025-55204,staniel359
CVE-2025-55205,projectcapsule
CVE-2025-55207,withastro
CVE-2025-55208,chamilo
CVE-2025-55209,FreePBX
CVE-2025-55210,FreePBX
CVE-2025-55211,FreePBX
CVE-2025-55212,ImageMagick
CVE-2025-55213,openfga
CVE-2025-55214,copier-org
CVE-2025-55221,Socomec
CVE-2025-55222,Socomec
CVE-2025-55223,Microsoft
CVE-2025-55224,Microsoft
CVE-2025-55225,Microsoft
CVE-2025-55226,Microsoft
CVE-2025-55227,Microsoft
CVE-2025-55228,Microsoft
CVE-2025-55229,Microsoft
CVE-2025-55230,Microsoft
CVE-2025-55231,Microsoft
CVE-2025-55232,Microsoft
CVE-2025-55233,Microsoft
CVE-2025-55234,Microsoft
CVE-2025-55236,Microsoft
CVE-2025-55238,Microsoft
CVE-2025-55240,Microsoft
CVE-2025-55241,Microsoft
CVE-2025-55242,Microsoft
CVE-2025-55243,Microsoft
CVE-2025-55244,Microsoft
CVE-2025-55245,Microsoft
CVE-2025-55247,Microsoft
CVE-2025-55248,Microsoft
CVE-2025-55249,HCL Software
CVE-2025-55250,HCL Software
CVE-2025-55251,HCL Software
CVE-2025-55252,HCL Software
CVE-2025-55254,HCL Software
CVE-2025-55261,HCL
CVE-2025-55262,HCL
CVE-2025-55263,HCL
CVE-2025-55264,HCL
CVE-2025-55265,HCL
CVE-2025-55266,HCL
CVE-2025-55267,HCL
CVE-2025-55268,HCL
CVE-2025-55269,HCL
CVE-2025-55270,HCL
CVE-2025-55271,HCL
CVE-2025-55272,HCL
CVE-2025-55273,HCL
CVE-2025-55274,HCL
CVE-2025-55275,HCL
CVE-2025-55276,HCL
CVE-2025-55277,HCL
CVE-2025-55278,HCL Software
CVE-2025-55279,ZKTeco Co
CVE-2025-55280,ZKTeco Co
CVE-2025-55282,aiven
CVE-2025-55283,aiven
CVE-2025-55284,anthropics
CVE-2025-55285,backstage
CVE-2025-55286,vancluever
CVE-2025-55287,MGeurts
CVE-2025-55288,MGeurts
CVE-2025-55289,chamilo
CVE-2025-55291,shaarli
CVE-2025-55292,meshtastic
CVE-2025-55293,meshtastic
CVE-2025-55294,bencevans
CVE-2025-55295,StuffAnThings
CVE-2025-55296,librenms
CVE-2025-55297,espressif
CVE-2025-55298,ImageMagick
CVE-2025-55299,7ritn
CVE-2025-55300,komari-monitor
CVE-2025-55301,The-Scratch-Channel
CVE-2025-55303,withastro
CVE-2025-55304,Exiv2
CVE-2025-55305,electron
CVE-2025-55306,Mouy-leng
CVE-2025-55315,Microsoft
CVE-2025-55316,Microsoft
CVE-2025-55317,Microsoft
CVE-2025-55319,Microsoft
CVE-2025-55320,Microsoft
CVE-2025-55321,Microsoft
CVE-2025-55322,Microsoft
CVE-2025-55325,Microsoft
CVE-2025-55326,Microsoft
CVE-2025-55328,Microsoft
CVE-2025-55330,Microsoft
CVE-2025-55331,Microsoft
CVE-2025-55332,Microsoft
CVE-2025-55333,Microsoft
CVE-2025-55334,Microsoft
CVE-2025-55335,Microsoft
CVE-2025-55336,Microsoft
CVE-2025-55337,Microsoft
CVE-2025-55338,Microsoft
CVE-2025-55339,Microsoft
CVE-2025-55340,Microsoft
CVE-2025-55668,Apache Software Foundation
CVE-2025-55669,F5
CVE-2025-55670,F5
CVE-2025-55671,kujirahand
CVE-2025-55672,Apache Software Foundation
CVE-2025-55673,Apache Software Foundation
CVE-2025-55674,Apache Software Foundation
CVE-2025-55675,Apache Software Foundation
CVE-2025-55676,Microsoft
CVE-2025-55677,Microsoft
CVE-2025-55678,Microsoft
CVE-2025-55679,Microsoft
CVE-2025-55680,Microsoft
CVE-2025-55681,Microsoft
CVE-2025-55682,Microsoft
CVE-2025-55683,Microsoft
CVE-2025-55684,Microsoft
CVE-2025-55685,Microsoft
CVE-2025-55686,Microsoft
CVE-2025-55687,Microsoft
CVE-2025-55688,Microsoft
CVE-2025-55689,Microsoft
CVE-2025-55690,Microsoft
CVE-2025-55691,Microsoft
CVE-2025-55692,Microsoft
CVE-2025-55693,Microsoft
CVE-2025-55694,Microsoft
CVE-2025-55695,Microsoft
CVE-2025-55696,Microsoft
CVE-2025-55697,Microsoft
CVE-2025-55698,Microsoft
CVE-2025-55699,Microsoft
CVE-2025-55700,Microsoft
CVE-2025-55701,Microsoft
CVE-2025-55704,"Brother Industries, Ltd."
CVE-2025-55704,"Konica Minolta, Inc."
CVE-2025-55705,EVMAPA
CVE-2025-55706,Six Apart Ltd.
CVE-2025-55707,WPXPO
CVE-2025-55708,ExpressTech Systems
CVE-2025-55709,Visual Composer
CVE-2025-55710,Steve Burge
CVE-2025-55711,WP Table Builder
CVE-2025-55712,POSIMYTH
CVE-2025-55713,creativethemeshq
CVE-2025-55714,Crocoblock
CVE-2025-55715,Themeisle
CVE-2025-55716,VeronaLabs
CVE-2025-55717,Fortinet
CVE-2025-55727,xwikisas
CVE-2025-55728,xwikisas
CVE-2025-55729,xwikisas
CVE-2025-55730,xwikisas
CVE-2025-55731,frappe
CVE-2025-55732,frappe
CVE-2025-55733,ThinkInAIXYZ
CVE-2025-55734,DogukanUrker
CVE-2025-55735,DogukanUrker
CVE-2025-55736,DogukanUrker
CVE-2025-55737,DogukanUrker
CVE-2025-55739,FreePBX
CVE-2025-55740,Anipaleja
CVE-2025-55741,unopim
CVE-2025-55742,unopim
CVE-2025-55743,unopim
CVE-2025-55744,unopim
CVE-2025-55745,unopim
CVE-2025-55746,directus
CVE-2025-55747,xwiki
CVE-2025-55748,xwiki
CVE-2025-55749,xwiki
CVE-2025-55750,gitpod-io
CVE-2025-55751,HackUCF
CVE-2025-55752,Apache Software Foundation
CVE-2025-55753,Apache Software Foundation
CVE-2025-55754,Apache Software Foundation
CVE-2025-55757,virtuemart.net
CVE-2025-55758,jdownloads.com
CVE-2025-56558,Dyson
CVE-2025-56675,EKEN
CVE-2025-57175,Siklu
CVE-2025-57176,Ceragon Networks / Siklu Communication
CVE-2025-57699,Western Digital Corporation
CVE-2025-57700,Delta Electronics
CVE-2025-57701,Delta Electronics
CVE-2025-57702,Delta Electronics
CVE-2025-57703,Delta Electronics
CVE-2025-57704,Delta Electronics
CVE-2025-57705,QNAP Systems Inc.
CVE-2025-57706,QNAP Systems Inc.
CVE-2025-57707,QNAP Systems Inc.
CVE-2025-57708,QNAP Systems Inc.
CVE-2025-57709,QNAP Systems Inc.
CVE-2025-57710,QNAP Systems Inc.
CVE-2025-57711,QNAP Systems Inc.
CVE-2025-57712,QNAP Systems Inc.
CVE-2025-57713,QNAP Systems Inc.
CVE-2025-57714,QNAP Systems Inc.
CVE-2025-57716,Fortinet
CVE-2025-57727,JetBrains
CVE-2025-57728,JetBrains
CVE-2025-57729,JetBrains
CVE-2025-57730,JetBrains
CVE-2025-57731,JetBrains
CVE-2025-57732,JetBrains
CVE-2025-57733,JetBrains
CVE-2025-57734,JetBrains
CVE-2025-57735,Apache Software Foundation
CVE-2025-57738,Apache Software Foundation
CVE-2025-57740,Fortinet
CVE-2025-57741,Fortinet
CVE-2025-57749,n8n-io
CVE-2025-57751,pyload
CVE-2025-57752,vercel
CVE-2025-57753,sapphi-red
CVE-2025-57754,kristoferfannar
CVE-2025-57755,musistudio
CVE-2025-57756,contao
CVE-2025-57757,contao
CVE-2025-57758,contao
CVE-2025-57759,contao
CVE-2025-57760,langflow-ai
CVE-2025-57761,LabRedesCefetRJ
CVE-2025-57762,LabRedesCefetRJ
CVE-2025-57763,LabRedesCefetRJ
CVE-2025-57764,LabRedesCefetRJ
CVE-2025-57765,LabRedesCefetRJ
CVE-2025-57766,ethyca
CVE-2025-57767,asterisk
CVE-2025-57768,Alanaktion
CVE-2025-57769,FreshRSS
CVE-2025-57770,zitadel
CVE-2025-57771,RooCodeInc
CVE-2025-57772,dataease
CVE-2025-57773,dataease
CVE-2025-57774,Digilent
CVE-2025-57775,Digilent
CVE-2025-57776,Digilent
CVE-2025-57777,Digilent
CVE-2025-57778,Digilent
CVE-2025-57780,F5
CVE-2025-57781,DENSO TEN Limited.
CVE-2025-57783,Hiawatha
CVE-2025-57784,Hiawatha
CVE-2025-57785,Hiawatha
CVE-2025-57786,MedDream
CVE-2025-57787,MedDream
CVE-2025-57788,Commvault
CVE-2025-57789,Commvault
CVE-2025-57790,Commvault
CVE-2025-57791,Commvault
CVE-2025-57792,Explorance
CVE-2025-57793,Explorance
CVE-2025-57794,Explorance
CVE-2025-57795,Explorance
CVE-2025-57796,Explorance
CVE-2025-57797,PFU Limited
CVE-2025-57798,laurent22
CVE-2025-57799,lemon8866
CVE-2025-57800,advplyr
CVE-2025-57801,Consensys
CVE-2025-57802,airlinklabs
CVE-2025-57803,ImageMagick
CVE-2025-57804,python-hyper
CVE-2025-57805,The-Scratch-Channel
CVE-2025-57806,LearningCircuit
CVE-2025-57807,ImageMagick
CVE-2025-57808,esphome
CVE-2025-57809,mlc-ai
CVE-2025-57810,parallax
CVE-2025-57811,craftcms
CVE-2025-57812,OpenPrinting
CVE-2025-57813,traPtitech
CVE-2025-57814,azu
CVE-2025-57815,ethyca
CVE-2025-57816,ethyca
CVE-2025-57817,ethyca
CVE-2025-57818,firecrawl
CVE-2025-57819,FreePBX
CVE-2025-57820,sveltejs
CVE-2025-57821,basecamp
CVE-2025-57822,vercel
CVE-2025-57823,Fortinet
CVE-2025-57833,djangoproject
CVE-2025-57837,Honor
CVE-2025-57838,Honor
CVE-2025-57839,Honor
CVE-2025-57840,Honor
CVE-2025-57846,Digital Arts Inc.
CVE-2025-57846,Fujitsu Limited
CVE-2025-57846,OPTiM Corporation
CVE-2025-57847,Red Hat
CVE-2025-57848,Red Hat
CVE-2025-57849,Red Hat
CVE-2025-57850,Red Hat
CVE-2025-57851,Red Hat
CVE-2025-57852,Red Hat
CVE-2025-57853,Red Hat
CVE-2025-57854,Red Hat
CVE-2025-57870,Esri
CVE-2025-57871,Esri
CVE-2025-57872,Esri
CVE-2025-57873,Esri
CVE-2025-57874,Esri
CVE-2025-57875,Esri
CVE-2025-57876,Esri
CVE-2025-57877,Esri
CVE-2025-57878,Esri
CVE-2025-57879,Esri
CVE-2025-57880,Hallo Welt! GmbH
CVE-2025-57881,MedDream
CVE-2025-57882,AutomationDirect
CVE-2025-57883,"Japan Total System Co.,Ltd."
CVE-2025-57884,wpsoul
CVE-2025-57885,Shahjahan Jewel
CVE-2025-57886,Equalize Digital
CVE-2025-57887,NooTheme
CVE-2025-57888,NooTheme
CVE-2025-57889,RealMag777
CVE-2025-57890,Pierre Lannoy
CVE-2025-57891,wpecommerce
CVE-2025-57892,Jeff Starr
CVE-2025-57893,Epsiloncool
CVE-2025-57894,ollybach
CVE-2025-57895,Hossni Mubarak
CVE-2025-57896,andy_moyle
CVE-2025-57897,venusweb
CVE-2025-57898,Jose Vega
CVE-2025-57899,AresIT
CVE-2025-57900,Ataur R
CVE-2025-57902,Md Taufiqur Rahman
CVE-2025-57903,WPSuperiors Developer
CVE-2025-57904,WP-EXPERTS.IN
CVE-2025-57905,Amin Y
CVE-2025-57906,epeken
CVE-2025-57907,Heureka Group
CVE-2025-57908,ProWCPlugins
CVE-2025-57909,Rouergue Création
CVE-2025-57910,AnyClip Video Platform
CVE-2025-57911,WPFactory
CVE-2025-57912,dialogity
CVE-2025-57913,eleopard
CVE-2025-57914,Matat Technologies
CVE-2025-57915,César Martín
CVE-2025-57916,Nurul Amin
CVE-2025-57917,printcart
CVE-2025-57918,ERA404
CVE-2025-57919,ConveyThis
CVE-2025-57920,CK MacLeod
CVE-2025-57921,N-Media
CVE-2025-57922,Coordinadora Mercantil S.A.
CVE-2025-57923,Ideal Postcodes
CVE-2025-57924,Automattic
CVE-2025-57925,immonex
CVE-2025-57926,WP Chill
CVE-2025-57927,Stephanie Leary
CVE-2025-57928,Strategy11 Team
CVE-2025-57929,kanwei_doublethedonation
CVE-2025-57930,kanwei_doublethedonation
CVE-2025-57931,Ays Pro
CVE-2025-57932,Diego Pereira
CVE-2025-57933,piotnetdotcom
CVE-2025-57934,Aurélien LWS
CVE-2025-57935,Ricky Dawn
CVE-2025-57936,Meitar
CVE-2025-57937,etruel
CVE-2025-57938,themewant
CVE-2025-57939,Blocksera
CVE-2025-57940,Suresh Kumar Mukhiya
CVE-2025-57941,JonathanMH
CVE-2025-57942,andy_moyle
CVE-2025-57943,Skimlinks
CVE-2025-57944,Skimlinks
CVE-2025-57945,cedcommerce
CVE-2025-57946,Loc Bui
CVE-2025-57947,Ays Pro
CVE-2025-57948,e-plugins
CVE-2025-57949,oggix
CVE-2025-57950,Glen Scott
CVE-2025-57951,ken107
CVE-2025-57952,icopydoc
CVE-2025-57953,100plugins
CVE-2025-57954,Ays Pro
CVE-2025-57955,Plugin Devs
CVE-2025-57956,wpcraft
CVE-2025-57957,wpcraft
CVE-2025-57959,tmatsuur
CVE-2025-57960,TravelMap
CVE-2025-57961,"Codexpert, Inc"
CVE-2025-57962,e4jvikwp
CVE-2025-57963,Zoho Subscriptions
CVE-2025-57964,photonicgnostic
CVE-2025-57965,WP CodeUs
CVE-2025-57966,GhozyLab
CVE-2025-57967,WPBean
CVE-2025-57968,e4jvikwp
CVE-2025-57969,Jeremy Saxey
CVE-2025-57970,SALESmanago
CVE-2025-57971,SALESmanago
CVE-2025-57972,WPFactory
CVE-2025-57973,Chad Butler
CVE-2025-57974,tuyennv
CVE-2025-57975,RadiusTheme
CVE-2025-57976,CardCom
CVE-2025-57977,wpdesk
CVE-2025-57978,themespride
CVE-2025-57979,Russell Jamieson
CVE-2025-57980,Tomas Cordero
CVE-2025-57981,catchsquare
CVE-2025-57982,WPBean
CVE-2025-57983,Damian
CVE-2025-57984,Pratik Ghela
CVE-2025-57985,MantraBrain
CVE-2025-57986,husani
CVE-2025-57987,ThimPress
CVE-2025-57988,Uncanny Owl
CVE-2025-57989,Brajesh Singh
CVE-2025-57990,solwininfotech
CVE-2025-57991,Clariti
CVE-2025-57992,InterServer
CVE-2025-57993,Benjamin Pick
CVE-2025-57994,Sayful Islam
CVE-2025-57995,Detheme
CVE-2025-57996,matthewordie
CVE-2025-57997,Trustpilot
CVE-2025-57998,Hamid Reza Yazdani
CVE-2025-57999,wpkoithemes
CVE-2025-58000,memberful
CVE-2025-58001,Syed Balkhi
CVE-2025-58002,Milan Petrovic
CVE-2025-58003,javothemes
CVE-2025-58004,SmartDataSoft
CVE-2025-58005,SmartDataSoft
CVE-2025-58006,CRM Perks
CVE-2025-58007,NerdPress
CVE-2025-58008,xnau webdesign
CVE-2025-58009,codepeople
CVE-2025-58010,straightvisions GmbH
CVE-2025-58011,Alex
CVE-2025-58012,Alex
CVE-2025-58013,pebas
CVE-2025-58014,Ays Pro
CVE-2025-58015,Ays Pro
CVE-2025-58016,"Codexpert, Inc"
CVE-2025-58017,bdthemes
CVE-2025-58018,Richard Leishman
CVE-2025-58019,Search Atlas Group
CVE-2025-58020,Jeroen Schmit
CVE-2025-58021,douglaskarr
CVE-2025-58022,maxpagels
CVE-2025-58023,akdevs
CVE-2025-58024,UnboundStudio
CVE-2025-58025,averta
CVE-2025-58026,termageddon
CVE-2025-58027,wpo-HR
CVE-2025-58028,Aum Watcharapon
CVE-2025-58029,Sumit Singh
CVE-2025-58030,webvitaly
CVE-2025-58031,Nextendweb
CVE-2025-58032,Bytes.co
CVE-2025-58033,leeshadle
CVE-2025-58034,Fortinet
CVE-2025-58044,jumpserver
CVE-2025-58045,dataease
CVE-2025-58046,dataease
CVE-2025-58047,plone
CVE-2025-58048,Paymenter
CVE-2025-58049,xwiki
CVE-2025-58050,PCRE2Project
CVE-2025-58051,nextcloud
CVE-2025-58052,galette
CVE-2025-58053,galette
CVE-2025-58054,discourse
CVE-2025-58055,discourse
CVE-2025-58056,netty
CVE-2025-58057,netty
CVE-2025-58058,ulikunitz
CVE-2025-58059,valtimo-platform
CVE-2025-58060,OpenPrinting
CVE-2025-58061,openebs
CVE-2025-58062,LSTM-Kirigaya
CVE-2025-58063,coredns
CVE-2025-58064,ckeditor
CVE-2025-58065,dpgaspar
CVE-2025-58066,pendulum-project
CVE-2025-58067,basecamp
CVE-2025-58068,eventlet
CVE-2025-58069,AutomationDirect
CVE-2025-58070,Implem Inc.
CVE-2025-58071,F5
CVE-2025-58072,"DOS Co., Ltd."
CVE-2025-58073,Mattermost
CVE-2025-58074,Gen Digital
CVE-2025-58075,Mattermost
CVE-2025-58077,TP-Link Systems Inc.
CVE-2025-58078,AutomationDirect
CVE-2025-58079,NEOJAPAN Inc.
CVE-2025-58080,MedDream
CVE-2025-58081,"DOS Co., Ltd."
CVE-2025-58083,General Industrial Controls
CVE-2025-58084,Mattermost
CVE-2025-58087,MedDream
CVE-2025-58088,MedDream
CVE-2025-58089,MedDream
CVE-2025-58090,MedDream
CVE-2025-58091,MedDream
CVE-2025-58092,MedDream
CVE-2025-58093,MedDream
CVE-2025-58094,MedDream
CVE-2025-58095,MedDream
CVE-2025-58096,F5
CVE-2025-58097,LogStare Inc.
CVE-2025-58098,Apache Software Foundation
CVE-2025-58113,PDF-XChange Co. Ltd
CVE-2025-58114,Hallo Welt! GmbH
CVE-2025-58115,NEOJAPAN Inc.
CVE-2025-58116,"I-O DATA DEVICE, INC."
CVE-2025-58120,F5
CVE-2025-58121,Checkmk GmbH
CVE-2025-58122,Checkmk GmbH
CVE-2025-58130,Apache Software Foundation
CVE-2025-58131,"Zoom Communications, Inc"
CVE-2025-58132,Zoom Communications Inc.
CVE-2025-58133,Zoom Communications Inc.
CVE-2025-58134,"Zoom Communications, Inc"
CVE-2025-58135,"Zoom Communications, Inc"
CVE-2025-58136,Apache Software Foundation
CVE-2025-58137,Apache Software Foundation
CVE-2025-58142,Xen
CVE-2025-58143,Xen
CVE-2025-58144,Xen
CVE-2025-58145,Xen
CVE-2025-58146,Xen
CVE-2025-58147,Xen
CVE-2025-58148,Xen
CVE-2025-58149,Xen
CVE-2025-58150,Xen
CVE-2025-58151,Xen
CVE-2025-58152,"Century Systems Co., Ltd."
CVE-2025-58153,F5
CVE-2025-58156,nofusscomputing
CVE-2025-58157,Consensys
CVE-2025-58158,harness
CVE-2025-58159,LabRedesCefetRJ
CVE-2025-58160,tokio-rs
CVE-2025-58161,MobSF
CVE-2025-58162,MobSF
CVE-2025-58163,freescout-help-desk
CVE-2025-58172,plait-board
CVE-2025-58173,FreshRSS
CVE-2025-58174,LDAPAccountManager
CVE-2025-58175,geoserver
CVE-2025-58176,OpenAgentPlatform
CVE-2025-58177,n8n-io
CVE-2025-58178,SonarSource
CVE-2025-58179,withastro
CVE-2025-58180,OctoPrint
CVE-2025-58181,golang.org/x/crypto
CVE-2025-58183,Go standard library
CVE-2025-58185,Go standard library
CVE-2025-58186,Go standard library
CVE-2025-58187,Go standard library
CVE-2025-58188,Go standard library
CVE-2025-58189,Go standard library
CVE-2025-58190,golang.org/x/net
CVE-2025-58192,Xylus Themes
CVE-2025-58193,Uncanny Owl
CVE-2025-58194,boldthemes
CVE-2025-58195,Xpro
CVE-2025-58196,uicore
CVE-2025-58197,mra13
CVE-2025-58198,Xpro
CVE-2025-58199,Fastly
CVE-2025-58200,Bage
CVE-2025-58201,AfterShip & Automizely
CVE-2025-58202,Plugins and Snippets
CVE-2025-58203,solacewp
CVE-2025-58204,Eric Teubert
CVE-2025-58205,Element Invader
CVE-2025-58206,ThemeMove
CVE-2025-58207,WP Messiah
CVE-2025-58208,add-ons.org
CVE-2025-58209,rtCamp
CVE-2025-58210,ThemeMove
CVE-2025-58211,alexvtn
CVE-2025-58212,epeken
CVE-2025-58213,ameliabooking
CVE-2025-58214,gavias
CVE-2025-58215,gavias
CVE-2025-58216,jgwhite33
CVE-2025-58217,GeroNikolov
CVE-2025-58218,enituretechnology
CVE-2025-58219,LIJE
CVE-2025-58220,Techeshta
CVE-2025-58221,ONTRAPORT
CVE-2025-58222,Maidul
CVE-2025-58223,Chris Taylor
CVE-2025-58224,Printeers
CVE-2025-58225,axiomthemes
CVE-2025-58226,iberezansky
CVE-2025-58227,Alexander Lueken
CVE-2025-58228,ShapedPlugin LLC
CVE-2025-58229,webvitaly
CVE-2025-58230,bdthemes
CVE-2025-58231,bitlydeveloper
CVE-2025-58232,Ickata
CVE-2025-58233,Guaven Labs
CVE-2025-58234,JoomSky
CVE-2025-58235,Rustaurius
CVE-2025-58236,Mayo Moriyama
CVE-2025-58237,Niaj Morshed
CVE-2025-58238,ONTRAPORT
CVE-2025-58239,Chandrika Sista
CVE-2025-58240,Michel - xiligroup dev
CVE-2025-58241,snapwidget
CVE-2025-58242,Vadim Bogaiskov
CVE-2025-58243,Jthemes
CVE-2025-58244,Anps
CVE-2025-58245,bestweblayout
CVE-2025-58246,WordPress
CVE-2025-58247,templateinvaders
CVE-2025-58248,codefish
CVE-2025-58249,Themeum
CVE-2025-58250,ApusTheme
CVE-2025-58251,POSIMYTH
CVE-2025-58252,jetmonsters
CVE-2025-58253,Rameez Iqbal
CVE-2025-58254,dtbaker
CVE-2025-58255,yonisink
CVE-2025-58256,Jonathan Brinley
CVE-2025-58257,Picture-Planet GmbH
CVE-2025-58258,nK
CVE-2025-58259,scriptsbundle
CVE-2025-58260,Ronald Huereca
CVE-2025-58261,PressPage Entertainment Inc
CVE-2025-58262,WPDirectoryKit
CVE-2025-58263,BuddyDev
CVE-2025-58264,artbees
CVE-2025-58265,Stonehenge Creations
CVE-2025-58266,Fumiki Takahashi
CVE-2025-58267,Aftabul Islam
CVE-2025-58268,WPMK
CVE-2025-58269,weDevs
CVE-2025-58270,NIX Solutions Ltd
CVE-2025-58271,AnyClip Video Platform
CVE-2025-58272,"NTT EAST, Inc."
CVE-2025-58272,"NTT WEST, Inc."
CVE-2025-58276,Huawei
CVE-2025-58277,Huawei
CVE-2025-58278,Huawei
CVE-2025-58279,Huawei
CVE-2025-58280,Huawei
CVE-2025-58281,Huawei
CVE-2025-58282,Huawei
CVE-2025-58283,Huawei
CVE-2025-58284,Huawei
CVE-2025-58285,Huawei
CVE-2025-58286,Huawei
CVE-2025-58287,Huawei
CVE-2025-58288,Huawei
CVE-2025-58289,Huawei
CVE-2025-58290,Huawei
CVE-2025-58291,Huawei
CVE-2025-58292,Huawei
CVE-2025-58293,Huawei
CVE-2025-58294,Huawei
CVE-2025-58295,Huawei
CVE-2025-58296,Huawei
CVE-2025-58297,Huawei
CVE-2025-58298,Huawei
CVE-2025-58299,Huawei
CVE-2025-58300,Huawei
CVE-2025-58301,Huawei
CVE-2025-58302,Huawei
CVE-2025-58303,Huawei
CVE-2025-58304,Huawei
CVE-2025-58305,Huawei
CVE-2025-58307,Huawei
CVE-2025-58308,Huawei
CVE-2025-58309,Huawei
CVE-2025-58310,Huawei
CVE-2025-58311,Huawei
CVE-2025-58312,Huawei
CVE-2025-58313,Huawei
CVE-2025-58314,Huawei
CVE-2025-58315,Huawei
CVE-2025-58316,Huawei
CVE-2025-58317,Delta Electronics
CVE-2025-58318,Delta Electronics
CVE-2025-58319,Delta Electronics
CVE-2025-58320,Delta Electronics
CVE-2025-58321,Delta Electronics
CVE-2025-58322,NAVER
CVE-2025-58323,NAVER
CVE-2025-58324,Fortinet
CVE-2025-58325,Fortinet
CVE-2025-58334,JetBrains
CVE-2025-58335,JetBrains
CVE-2025-58337,Apache Software Foundation
CVE-2025-58351,outline
CVE-2025-58352,WeblateOrg
CVE-2025-58353,MarceloTessaro
CVE-2025-58354,kata-containers
CVE-2025-58355,charmbracelet
CVE-2025-58356,edgelesssys
CVE-2025-58357,nanbingxyz
CVE-2025-58358,zcaceres
CVE-2025-58359,ZcashFoundation
CVE-2025-58360,geoserver
CVE-2025-58361,MarceloTessaro
CVE-2025-58362,honojs
CVE-2025-58364,OpenPrinting
CVE-2025-58365,xwiki-contrib
CVE-2025-58366,InseeFrLab
CVE-2025-58367,seperman
CVE-2025-58369,typelevel
CVE-2025-58370,RooCodeInc
CVE-2025-58371,RooCodeInc
CVE-2025-58372,RooCodeInc
CVE-2025-58373,RooCodeInc
CVE-2025-58374,RooCodeInc
CVE-2025-58375,frappe
CVE-2025-58379,Brocade
CVE-2025-58380,Brocade
CVE-2025-58381,Brocade
CVE-2025-58382,Brocade
CVE-2025-58383,Brocade
CVE-2025-58400,"RATOC Systems, Inc."
CVE-2025-58401,Pierre-Adrien Vasseur
CVE-2025-58402,CGM
CVE-2025-58405,CGM
CVE-2025-58406,CGM
CVE-2025-58407,Imagination Technologies
CVE-2025-58408,Imagination Technologies
CVE-2025-58409,Imagination Technologies
CVE-2025-58410,Imagination Technologies
CVE-2025-58411,Imagination Technologies
CVE-2025-58412,Fortinet
CVE-2025-58413,Fortinet
CVE-2025-58422,"Ricoh Company, Ltd."
CVE-2025-58423,Advantech
CVE-2025-58424,F5
CVE-2025-58426,NEOJAPAN Inc.
CVE-2025-58427,Canva
CVE-2025-58428,Veeder-Root
CVE-2025-58429,AutomationDirect
CVE-2025-58430,knadh
CVE-2025-58431,IceWhaleTech
CVE-2025-58432,IceWhaleTech
CVE-2025-58434,FlowiseAI
CVE-2025-58435,OSC
CVE-2025-58436,OpenPrinting
CVE-2025-58437,coder
CVE-2025-58438,jjjake
CVE-2025-58439,frappe
CVE-2025-58441,KnowageLabs
CVE-2025-58442,saleor
CVE-2025-58443,FOGProject
CVE-2025-58444,modelcontextprotocol
CVE-2025-58445,runatlantis
CVE-2025-58446,mlc-ai
CVE-2025-58447,rathena
CVE-2025-58448,rathena
CVE-2025-58449,MahoCommerce
CVE-2025-58450,prest
CVE-2025-58451,IEatUranium238
CVE-2025-58452,LabRedesCefetRJ
CVE-2025-58453,LabRedesCefetRJ
CVE-2025-58454,LabRedesCefetRJ
CVE-2025-58455,TP-Link Systems Inc.
CVE-2025-58456,AutomationDirect
CVE-2025-58457,Apache Software Foundation
CVE-2025-58458,Jenkins Project
CVE-2025-58459,Jenkins Project
CVE-2025-58460,Jenkins Project
CVE-2025-58462,OPEXUS
CVE-2025-58463,QNAP Systems Inc.
CVE-2025-58464,QNAP Systems Inc.
CVE-2025-58465,QNAP Systems Inc.
CVE-2025-58466,QNAP Systems Inc.
CVE-2025-58467,QNAP Systems Inc.
CVE-2025-58468,QNAP Systems Inc.
CVE-2025-58469,QNAP Systems Inc.
CVE-2025-58470,QNAP Systems Inc.
CVE-2025-58471,QNAP Systems Inc.
CVE-2025-58472,QNAP Systems Inc.
CVE-2025-58473,AutomationDirect
CVE-2025-58474,F5
CVE-2025-58475,Samsung Mobile
CVE-2025-58476,Samsung Mobile
CVE-2025-58477,Samsung Mobile
CVE-2025-58478,Samsung Mobile
CVE-2025-58479,Samsung Mobile
CVE-2025-58480,Samsung Mobile
CVE-2025-58481,Samsung Mobile
CVE-2025-58482,Samsung Mobile
CVE-2025-58483,Samsung Mobile
CVE-2025-58484,Samsung Mobile
CVE-2025-58485,Samsung Mobile
CVE-2025-58486,Samsung Mobile
CVE-2025-58487,Samsung Mobile
CVE-2025-58488,Samsung Mobile
CVE-2025-58576,"Japan Total System Co.,Ltd."
CVE-2025-58578,SICK AG
CVE-2025-58579,SICK AG
CVE-2025-58580,SICK AG
CVE-2025-58581,SICK AG
CVE-2025-58582,SICK AG
CVE-2025-58583,SICK AG
CVE-2025-58584,SICK AG
CVE-2025-58585,SICK AG
CVE-2025-58586,SICK AG
CVE-2025-58587,SICK AG
CVE-2025-58589,SICK AG
CVE-2025-58590,SICK AG
CVE-2025-58591,SICK AG
CVE-2025-58592,Cozmoslabs
CVE-2025-58593,Themeisle
CVE-2025-58594,themefusecom
CVE-2025-58595,Saad Iqbal
CVE-2025-58596,properfraction
CVE-2025-58597,Tomdever
CVE-2025-58598,Klarna
CVE-2025-58599,tychesoftwares
CVE-2025-58600,Cozmoslabs
CVE-2025-58601,RadiusTheme
CVE-2025-58602,If-So Dynamic Content
CVE-2025-58603,Surfer
CVE-2025-58604,WPFunnels
CVE-2025-58605,WP Delicious
CVE-2025-58606,cozythemes
CVE-2025-58607,GDPR Info
CVE-2025-58608,BuddyDev
CVE-2025-58609,Iulia Cazan
CVE-2025-58610,WP Chill
CVE-2025-58611,Tickera
CVE-2025-58612,Property Hive
CVE-2025-58613,Barn2 Plugins
CVE-2025-58614,Jamel.Z
CVE-2025-58615,gfazioli
CVE-2025-58616,Frisbii
CVE-2025-58617,FAKTOR VIER
CVE-2025-58618,Jonathan Jernigan
CVE-2025-58619,sbouey
CVE-2025-58620,add-ons.org
CVE-2025-58621,Amuse Labs
CVE-2025-58622,yydevelopment
CVE-2025-58623,Bohemia Plugins
CVE-2025-58624,falselight
CVE-2025-58625,Spiffy Plugins
CVE-2025-58626,RumbleTalk
CVE-2025-58627,kamleshyadav
CVE-2025-58628,kamleshyadav
CVE-2025-58629,kamleshyadav
CVE-2025-58630,rbaer
CVE-2025-58631,ZEEN101
CVE-2025-58632,Dadevarzan
CVE-2025-58633,Deetronix
CVE-2025-58634,peachpay
CVE-2025-58635,DevItems
CVE-2025-58636,CRM Perks
CVE-2025-58637,immonex
CVE-2025-58638,e-plugins
CVE-2025-58639,Ali Khallad
CVE-2025-58640,MatrixAddons
CVE-2025-58641,kamleshyadav
CVE-2025-58642,enituretechnology
CVE-2025-58643,enituretechnology
CVE-2025-58644,enituretechnology
CVE-2025-58645,Gravitate
CVE-2025-58646,chtombleson
CVE-2025-58647,Will.I.am
CVE-2025-58648,Nicu Micle
CVE-2025-58649,Syed Balkhi
CVE-2025-58650,Syed Balkhi
CVE-2025-58651,PlayerJS
CVE-2025-58652,Themepoints
CVE-2025-58653,JS Morisset
CVE-2025-58654,Michel - xiligroup dev
CVE-2025-58655,Mat
CVE-2025-58656,Risto Niinemets
CVE-2025-58657,EdwardBock
CVE-2025-58658,Proof Factor LLC
CVE-2025-58659,Essekia
CVE-2025-58660,brandexponents
CVE-2025-58661,eZee Technosys
CVE-2025-58662,awesomesupport
CVE-2025-58663,Themeum
CVE-2025-58664,Azizul Hasan
CVE-2025-58665,tmontg1
CVE-2025-58666,Kommo
CVE-2025-58667,CridioStudio
CVE-2025-58668,VibeThemes
CVE-2025-58669,Modern Minds
CVE-2025-58670,Shankaranand Maurya
CVE-2025-58671,morganrichards
CVE-2025-58672,weDevs
CVE-2025-58673,weDevs
CVE-2025-58674,WordPress
CVE-2025-58675,tryinteract
CVE-2025-58676,extendyourweb
CVE-2025-58677,puravida1976
CVE-2025-58678,PickPlugins
CVE-2025-58679,AppMySite
CVE-2025-58680,gutentor
CVE-2025-58681,Jürgen Müller
CVE-2025-58682,Timur Kamaev
CVE-2025-58683,Luke Mlsna
CVE-2025-58684,Themepoints
CVE-2025-58685,cecabank
CVE-2025-58686,quadlayers
CVE-2025-58687,WP CMS Ninja
CVE-2025-58688,Casengo
CVE-2025-58689,tapfiliate
CVE-2025-58690,ptibogxiv
CVE-2025-58691,Russell Jamieson
CVE-2025-58692,Fortinet
CVE-2025-58693,Fortinet
CVE-2025-58702,WebWizards
CVE-2025-58703,skyword
CVE-2025-58704,Ren Ventura
CVE-2025-58705,Axiomthemes
CVE-2025-58706,axiomthemes
CVE-2025-58707,Axiomthemes
CVE-2025-58708,axiomthemes
CVE-2025-58709,axiomthemes
CVE-2025-58710,e-plugins
CVE-2025-58711,solwin
CVE-2025-58712,apache
CVE-2025-58712,Red Hat
CVE-2025-58713,Red Hat
CVE-2025-58714,Microsoft
CVE-2025-58715,Microsoft
CVE-2025-58716,Microsoft
CVE-2025-58717,Microsoft
CVE-2025-58718,Microsoft
CVE-2025-58719,Microsoft
CVE-2025-58720,Microsoft
CVE-2025-58722,Microsoft
CVE-2025-58724,Microsoft
CVE-2025-58725,Microsoft
CVE-2025-58726,Microsoft
CVE-2025-58727,Microsoft
CVE-2025-58728,Microsoft
CVE-2025-58729,Microsoft
CVE-2025-58730,Microsoft
CVE-2025-58731,Microsoft
CVE-2025-58732,Microsoft
CVE-2025-58733,Microsoft
CVE-2025-58734,Microsoft
CVE-2025-58735,Microsoft
CVE-2025-58736,Microsoft
CVE-2025-58737,Microsoft
CVE-2025-58738,Microsoft
CVE-2025-58739,Microsoft
CVE-2025-58740,Milner
CVE-2025-58741,Milner
CVE-2025-58742,Milner
CVE-2025-58743,Milner
CVE-2025-58744,Milner
CVE-2025-58745,LabRedesCefetRJ
CVE-2025-58746,VolkovLabs
CVE-2025-58747,langgenius
CVE-2025-58748,dataease
CVE-2025-58749,bytecodealliance
CVE-2025-58750,rathena
CVE-2025-58751,vitejs
CVE-2025-58752,vitejs
CVE-2025-58753,9001
CVE-2025-58754,axios
CVE-2025-58755,Project-MONAI
CVE-2025-58756,Project-MONAI
CVE-2025-58757,Project-MONAI
CVE-2025-58758,datahihi1
CVE-2025-58759,datahihi1
CVE-2025-58760,Tautulli
CVE-2025-58761,Tautulli
CVE-2025-58762,Tautulli
CVE-2025-58763,Tautulli
CVE-2025-58764,anthropics
CVE-2025-58765,webrecorder
CVE-2025-58766,dyad-sh
CVE-2025-58767,ruby
CVE-2025-58768,ThinkInAIXYZ
CVE-2025-58769,auth0
CVE-2025-58770,AMI
CVE-2025-58775,KEYENCE CORPORATION
CVE-2025-58776,KEYENCE CORPORATION
CVE-2025-58777,KEYENCE CORPORATION
CVE-2025-58778,"Ruijie Networks Co., Ltd."
CVE-2025-58780,ScienceLogic
CVE-2025-58781,"Wireless Tsukamoto Co., Ltd."
CVE-2025-58782,Apache Software Foundation
CVE-2025-58783,gutentor
CVE-2025-58784,arisoft
CVE-2025-58785,Jiro Sasamoto
CVE-2025-58786,VW THEMES
CVE-2025-58787,themifyme
CVE-2025-58788,Saad Iqbal
CVE-2025-58789,Themeisle
CVE-2025-58790,WPKube
CVE-2025-58791,Arjan Olsder
CVE-2025-58792,WPKube
CVE-2025-58793,WPBean
CVE-2025-58794,rainafarai
CVE-2025-58795,Payoneer Checkout
CVE-2025-58796,dudaster
CVE-2025-58797,Mahmudul Hasan Arif
CVE-2025-58798,Bjorn Manintveld
CVE-2025-58799,themelocation
CVE-2025-58800,Steve Truman
CVE-2025-58801,KCS
CVE-2025-58802,michalzagdan
CVE-2025-58803,axiomthemes
CVE-2025-58804,brijrajs
CVE-2025-58805,OTWthemes
CVE-2025-58806,Tom Longridge
CVE-2025-58807,Dsingh
CVE-2025-58808,Babar
CVE-2025-58809,Nick Ciske
CVE-2025-58810,jimmywb
CVE-2025-58811,WP CodeUs
CVE-2025-58812,PriceListo
CVE-2025-58813,themearile
CVE-2025-58814,Ram Ratan Maurya
CVE-2025-58815,Rubel Miah
CVE-2025-58816,Plugin Devs
CVE-2025-58817,desertthemes
CVE-2025-58818,SwiftNinjaPro
CVE-2025-58819,CreedAlly
CVE-2025-58820,Themepoints
CVE-2025-58821,wpdever
CVE-2025-58822,mndpsingh287
CVE-2025-58823,The African Boss
CVE-2025-58824,priyanshumittal
CVE-2025-58825,Habibur Rahman
CVE-2025-58826,Eric Mann
CVE-2025-58827,PickPlugins
CVE-2025-58828,codemstory
CVE-2025-58829,aitool
CVE-2025-58830,snagysandor
CVE-2025-58831,snagysandor
CVE-2025-58832,webvitaly
CVE-2025-58833,INVELITY
CVE-2025-58834,gugu
CVE-2025-58835,calliko
CVE-2025-58836,Franz Wieser
CVE-2025-58837,Shiful H
CVE-2025-58838,Zakir
CVE-2025-58839,aThemeArt Translations
CVE-2025-58840,Ibnul H.
CVE-2025-58841,John Luetke
CVE-2025-58842,givecloud
CVE-2025-58843,David Merinas
CVE-2025-58844,Subhash Kumar
CVE-2025-58845,ChrisHurst
CVE-2025-58846,Dejan Markovic
CVE-2025-58847,Yaidier
CVE-2025-58848,aakash1911
CVE-2025-58849,Deepak S
CVE-2025-58850,marcshowpass
CVE-2025-58851,DigitalCourt
CVE-2025-58852,Mark O'Donnell
CVE-2025-58853,OTWthemes
CVE-2025-58854,Samer Bechara
CVE-2025-58855,Denis V (Artprima)
CVE-2025-58856,ablancodev
CVE-2025-58857,KaizenCoders
CVE-2025-58858,WPBean
CVE-2025-58859,David Merinas
CVE-2025-58860,KaizenCoders
CVE-2025-58861,WP Corner
CVE-2025-58862,George Sexton
CVE-2025-58863,SdeWijs
CVE-2025-58864,iamroody
CVE-2025-58865,reimund
CVE-2025-58866,Rami Yushuvaev
CVE-2025-58867,Remi Corson
CVE-2025-58868,Simasicher
CVE-2025-58869,Simasicher
CVE-2025-58870,DeBAAT
CVE-2025-58871,Luis Rock
CVE-2025-58872,premiumbizthemes
CVE-2025-58873,pusheco
CVE-2025-58874,josepsitjar
CVE-2025-58875,Sudar Muthu
CVE-2025-58876,Ali Aghdam
CVE-2025-58877,javothemes
CVE-2025-58878,usamafarooq
CVE-2025-58879,AncoraThemes
CVE-2025-58880,reubenthiessen
CVE-2025-58881,gopiplus
CVE-2025-58882,w1zzard
CVE-2025-58883,Thomas Harris
CVE-2025-58884,Ivan Drago
CVE-2025-58885,AncoraThemes
CVE-2025-58886,Tan Nguyen
CVE-2025-58887,Course Finder | andré martin - it solutions & research UG
CVE-2025-58888,AncoraThemes
CVE-2025-58889,axiomthemes
CVE-2025-58890,AncoraThemes
CVE-2025-58891,AncoraThemes
CVE-2025-58892,AncoraThemes
CVE-2025-58893,axiomthemes
CVE-2025-58894,axiomthemes
CVE-2025-58895,AncoraThemes
CVE-2025-58896,AncoraThemes
CVE-2025-58897,Axiomthemes
CVE-2025-58898,AncoraThemes
CVE-2025-58899,AncoraThemes
CVE-2025-58900,AncoraThemes
CVE-2025-58901,AncoraThemes
CVE-2025-58902,AncoraThemes
CVE-2025-58903,Fortinet
CVE-2025-58913,CactusThemes
CVE-2025-58914,Di Themes
CVE-2025-58915,emarket-design
CVE-2025-58916,Munzir
CVE-2025-58917,Nick Verwymeren
CVE-2025-58918,Waituk
CVE-2025-58919,guihom
CVE-2025-58920,Zootemplate
CVE-2025-58921,Arevico
CVE-2025-58922,ThemeFusion
CVE-2025-58923,axiomthemes
CVE-2025-58924,ThemeREX Group
CVE-2025-58925,axiomthemes
CVE-2025-58926,axiomthemes
CVE-2025-58927,axiomthemes
CVE-2025-58928,axiomthemes
CVE-2025-58929,axiomthemes
CVE-2025-58930,axiomthemes
CVE-2025-58931,axiomthemes
CVE-2025-58932,axiomthemes
CVE-2025-58933,axiomthemes
CVE-2025-58934,axiomthemes
CVE-2025-58935,axiomthemes
CVE-2025-58936,axiomthemes
CVE-2025-58937,axiomthemes
CVE-2025-58938,ThemeAtelier
CVE-2025-58939,highwarden
CVE-2025-58940,axiomthemes
CVE-2025-58941,axiomthemes
CVE-2025-58942,axiomthemes
CVE-2025-58943,axiomthemes
CVE-2025-58944,axiomthemes
CVE-2025-58945,axiomthemes
CVE-2025-58946,axiomthemes
CVE-2025-58947,axiomthemes
CVE-2025-58948,axiomthemes
CVE-2025-58949,axiomthemes
CVE-2025-58950,axiomthemes
CVE-2025-58951,smartcms
CVE-2025-58952,ThemeREX
CVE-2025-58953,ThemeREX
CVE-2025-58954,ThemeREX
CVE-2025-58955,designervily
CVE-2025-58956,loopus
CVE-2025-58957,Vikas Ratudi
CVE-2025-58958,ThemeMove
CVE-2025-58959,AmentoTech
CVE-2025-58960,brijeshk89
CVE-2025-58961,kamleshyadav
CVE-2025-58962,publitio
CVE-2025-58963,7oroof
CVE-2025-58964,skygroup
CVE-2025-58965,Agency Dominion Inc.
CVE-2025-58966,Basix
CVE-2025-58967,ThemeMove
CVE-2025-58968,Christiaan Pieterse
CVE-2025-58969,Greg Winiarski
CVE-2025-58970,AmentoTech
CVE-2025-58971,AmentoTech
CVE-2025-58972,"Dmitry V. (CEO of ""UKR Solution"")"
CVE-2025-58973,hashthemes
CVE-2025-58974,StellarWP
CVE-2025-58975,Helmut Wandl
CVE-2025-58976,Equalize Digital
CVE-2025-58977,Rhys Wynne
CVE-2025-58978,WP Swings
CVE-2025-58979,BerqWP
CVE-2025-58980,recorp
CVE-2025-58981,Equalize Digital
CVE-2025-58982,pixeline
CVE-2025-58983,Stefano Lissa
CVE-2025-58984,info@welcart
CVE-2025-58985,WPFactory
CVE-2025-58986,ganddser
CVE-2025-58987,AntoineH
CVE-2025-58988,Joe Dolson
CVE-2025-58989,silverplugins217
CVE-2025-58990,DevItems
CVE-2025-58991,Cristiano Zanca
CVE-2025-58992,impleCode
CVE-2025-58993,Themeum
CVE-2025-58994,designervily
CVE-2025-58995,Creatives_Planet
CVE-2025-58996,Helmut Wandl
CVE-2025-58997,Frenify
CVE-2025-58998,Cristián Lávaque
CVE-2025-58999,loopus
CVE-2025-59001,ThemeNectar
CVE-2025-59002,SeaTheme
CVE-2025-59003,inkthemescom
CVE-2025-59004,pco_58
CVE-2025-59005,frenify
CVE-2025-59006,themebon
CVE-2025-59007,themesflat
CVE-2025-59008,PressTigers
CVE-2025-59009,Astoundify
CVE-2025-59010,Maciej Bis
CVE-2025-59011,shinetheme
CVE-2025-59012,shinetheme
CVE-2025-59013,TYPO3
CVE-2025-59014,TYPO3
CVE-2025-59015,TYPO3
CVE-2025-59016,TYPO3
CVE-2025-59017,TYPO3
CVE-2025-59018,TYPO3
CVE-2025-59019,TYPO3
CVE-2025-59020,TYPO3
CVE-2025-59021,TYPO3
CVE-2025-59022,TYPO3
CVE-2025-59023,PowerDNS
CVE-2025-59024,PowerDNS
CVE-2025-59025,Open-Xchange GmbH
CVE-2025-59026,Open-Xchange GmbH
CVE-2025-59028,Open-Xchange GmbH
CVE-2025-59029,PowerDNS
CVE-2025-59030,PowerDNS
CVE-2025-59031,Open-Xchange GmbH
CVE-2025-59032,Open-Xchange GmbH
CVE-2025-59033,Microsoft
CVE-2025-59034,indico
CVE-2025-59035,indico
CVE-2025-59036,opsmill
CVE-2025-59037,duckdb
CVE-2025-59038,prebid
CVE-2025-59039,prebid
CVE-2025-59040,Enalean
CVE-2025-59041,anthropics
CVE-2025-59042,pyinstaller
CVE-2025-59043,openbao
CVE-2025-59044,himmelblau-idm
CVE-2025-59045,stalwartlabs
CVE-2025-59046,ninofiliu
CVE-2025-59047,matrix-org
CVE-2025-59048,openbao
CVE-2025-59049,mockoon
CVE-2025-59050,greenshot
CVE-2025-59051,FreePBX
CVE-2025-59052,angular
CVE-2025-59053,moeru-ai
CVE-2025-59054,Dstack-TEE
CVE-2025-59055,instantsoft
CVE-2025-59056,FreePBX
CVE-2025-59057,remix-run
CVE-2025-59058,junkurihara
CVE-2025-59059,Apache Software Foundation
CVE-2025-59060,Apache Software Foundation
CVE-2025-59088,latchset
CVE-2025-59088,Red Hat
CVE-2025-59089,latchset
CVE-2025-59089,Red Hat
CVE-2025-59090,dormakaba
CVE-2025-59091,dormakaba
CVE-2025-59092,dormakaba
CVE-2025-59093,dormakaba
CVE-2025-59094,dormakaba
CVE-2025-59095,dormakaba
CVE-2025-59096,dormakaba
CVE-2025-59097,dormakaba
CVE-2025-59098,dormakaba
CVE-2025-59099,dormakaba
CVE-2025-59100,dormakaba
CVE-2025-59101,dormakaba
CVE-2025-59102,dormakaba
CVE-2025-59103,dormakaba
CVE-2025-59104,dormakaba
CVE-2025-59105,dormakaba
CVE-2025-59106,dormakaba
CVE-2025-59107,dormakaba
CVE-2025-59108,dormakaba
CVE-2025-59109,dormakaba
CVE-2025-59110,JCD
CVE-2025-59111,JCD
CVE-2025-59112,JCD
CVE-2025-59113,JCD
CVE-2025-59114,JCD
CVE-2025-59115,JCD
CVE-2025-59116,JCD
CVE-2025-59117,JCD
CVE-2025-59118,Apache Software Foundation
CVE-2025-59129,appointify
CVE-2025-59130,appointify
CVE-2025-59131,hoernerfranz
CVE-2025-59132,Badi Jones
CVE-2025-59133,Projectopia
CVE-2025-59134,Jthemes
CVE-2025-59135,eleopard
CVE-2025-59136,Efí Bank
CVE-2025-59137,eleopard
CVE-2025-59138,Jthemes
CVE-2025-59139,honojs
CVE-2025-59140,Qix-
CVE-2025-59141,Qix-
CVE-2025-59142,Qix-
CVE-2025-59143,Qix-
CVE-2025-59144,debug-js
CVE-2025-59145,colorjs
CVE-2025-59146,QuantumNous
CVE-2025-59147,OISF
CVE-2025-59148,OISF
CVE-2025-59149,OISF
CVE-2025-59150,OISF
CVE-2025-59151,pi-hole
CVE-2025-59152,litestar-org
CVE-2025-59154,igniterealtime
CVE-2025-59155,yuna0x0
CVE-2025-59156,coollabsio
CVE-2025-59157,coollabsio
CVE-2025-59158,coollabsio
CVE-2025-59159,SillyTavern
CVE-2025-59160,matrix-org
CVE-2025-59161,element-hq
CVE-2025-59162,Qix-
CVE-2025-59163,safedep
CVE-2025-59171,Advantech
CVE-2025-59172,Ericsson
CVE-2025-59174,Ericsson
CVE-2025-59177,Ericsson
CVE-2025-59178,Ericsson
CVE-2025-59180,Ericsson
CVE-2025-59181,Ericsson
CVE-2025-59184,Microsoft
CVE-2025-59185,Microsoft
CVE-2025-59186,Microsoft
CVE-2025-59187,Microsoft
CVE-2025-59188,Microsoft
CVE-2025-59189,Microsoft
CVE-2025-59190,Microsoft
CVE-2025-59191,Microsoft
CVE-2025-59192,Microsoft
CVE-2025-59193,Microsoft
CVE-2025-59194,Microsoft
CVE-2025-59195,Microsoft
CVE-2025-59196,Microsoft
CVE-2025-59197,Microsoft
CVE-2025-59198,Microsoft
CVE-2025-59199,Microsoft
CVE-2025-59200,Microsoft
CVE-2025-59201,Microsoft
CVE-2025-59202,Microsoft
CVE-2025-59203,Microsoft
CVE-2025-59204,Microsoft
CVE-2025-59205,Microsoft
CVE-2025-59206,Microsoft
CVE-2025-59207,Microsoft
CVE-2025-59208,Microsoft
CVE-2025-59209,Microsoft
CVE-2025-59210,Microsoft
CVE-2025-59211,Microsoft
CVE-2025-59213,Microsoft
CVE-2025-59214,Microsoft
CVE-2025-59215,Microsoft
CVE-2025-59216,Microsoft
CVE-2025-59218,Microsoft
CVE-2025-59220,Microsoft
CVE-2025-59221,Microsoft
CVE-2025-59222,Microsoft
CVE-2025-59223,Microsoft
CVE-2025-59224,Microsoft
CVE-2025-59225,Microsoft
CVE-2025-59226,Microsoft
CVE-2025-59227,Microsoft
CVE-2025-59228,Microsoft
CVE-2025-59229,Microsoft
CVE-2025-59230,Microsoft
CVE-2025-59231,Microsoft
CVE-2025-59232,Microsoft
CVE-2025-59233,Microsoft
CVE-2025-59234,Microsoft
CVE-2025-59235,Microsoft
CVE-2025-59236,Microsoft
CVE-2025-59237,Microsoft
CVE-2025-59238,Microsoft
CVE-2025-59240,Microsoft
CVE-2025-59241,Microsoft
CVE-2025-59242,Microsoft
CVE-2025-59243,Microsoft
CVE-2025-59244,Microsoft
CVE-2025-59245,Microsoft
CVE-2025-59246,Microsoft
CVE-2025-59247,Microsoft
CVE-2025-59248,Microsoft
CVE-2025-59249,Microsoft
CVE-2025-59250,Microsoft
CVE-2025-59251,Microsoft
CVE-2025-59252,Microsoft
CVE-2025-59253,Microsoft
CVE-2025-59254,Microsoft
CVE-2025-59255,Microsoft
CVE-2025-59257,Microsoft
CVE-2025-59258,Microsoft
CVE-2025-59259,Microsoft
CVE-2025-59260,Microsoft
CVE-2025-59261,Microsoft
CVE-2025-59268,F5
CVE-2025-59269,F5
CVE-2025-59270,pspete
CVE-2025-59271,Microsoft
CVE-2025-59272,Microsoft
CVE-2025-59273,Microsoft
CVE-2025-59275,Microsoft
CVE-2025-59277,Microsoft
CVE-2025-59278,Microsoft
CVE-2025-59280,Microsoft
CVE-2025-59281,Microsoft
CVE-2025-59282,Microsoft
CVE-2025-59284,Microsoft
CVE-2025-59285,Microsoft
CVE-2025-59286,Microsoft
CVE-2025-59287,Microsoft
CVE-2025-59288,Microsoft
CVE-2025-59289,Microsoft
CVE-2025-59290,Microsoft
CVE-2025-59291,Microsoft
CVE-2025-59292,Microsoft
CVE-2025-59294,Microsoft
CVE-2025-59295,Microsoft
CVE-2025-59297,Delta Electronics
CVE-2025-59298,Delta Electronics
CVE-2025-59299,Delta Electronics
CVE-2025-59300,Delta Electronics
CVE-2025-59301,Delta Electronics
CVE-2025-59302,Apache Software Foundation
CVE-2025-59303,HAProxy
CVE-2025-59307,Century Corporation
CVE-2025-59328,Apache Software Foundation
CVE-2025-59330,Qix-
CVE-2025-59331,Qix-
CVE-2025-59332,dolfinus
CVE-2025-59333,executeautomation
CVE-2025-59334,mohammadzain2008
CVE-2025-59335,cubecart
CVE-2025-59336,lumen-oss
CVE-2025-59337,discourse
CVE-2025-59339,ovh
CVE-2025-59340,HubSpot
CVE-2025-59341,esm-dev
CVE-2025-59342,esm-dev
CVE-2025-59343,mafintosh
CVE-2025-59344,aliasvault
CVE-2025-59345,dragonflyoss
CVE-2025-59346,dragonflyoss
CVE-2025-59347,dragonflyoss
CVE-2025-59348,dragonflyoss
CVE-2025-59349,dragonflyoss
CVE-2025-59350,dragonflyoss
CVE-2025-59351,dragonflyoss
CVE-2025-59352,dragonflyoss
CVE-2025-59353,dragonflyoss
CVE-2025-59354,dragonflyoss
CVE-2025-59355,Apache Software Foundation
CVE-2025-59363,One Identity
CVE-2025-59364,Express XSS Sanitizer project
CVE-2025-59365,ASUS
CVE-2025-59366,ASUS
CVE-2025-59367,ASUS
CVE-2025-59368,ASUS
CVE-2025-59369,ASUS
CVE-2025-59370,ASUS
CVE-2025-59371,ASUS
CVE-2025-59372,ASUS
CVE-2025-59373,ASUS
CVE-2025-59374,ASUS
CVE-2025-59375,libexpat project
CVE-2025-59376,feiskyer
CVE-2025-59377,feiskyer
CVE-2025-59378,GNU
CVE-2025-59380,QNAP Systems Inc.
CVE-2025-59381,QNAP Systems Inc.
CVE-2025-59382,QNAP Systems Inc.
CVE-2025-59383,QNAP Systems Inc.
CVE-2025-59384,QNAP Systems Inc.
CVE-2025-59385,QNAP Systems Inc.
CVE-2025-59386,QNAP Systems Inc.
CVE-2025-59387,QNAP Systems Inc.
CVE-2025-59388,QNAP Systems Inc.
CVE-2025-59389,QNAP Systems Inc.
CVE-2025-59390,Apache Software Foundation
CVE-2025-59397,openwebanalytics
CVE-2025-59398,EVerest
CVE-2025-59399,EVerest
CVE-2025-59410,dragonflyoss
CVE-2025-59411,cubecart
CVE-2025-59412,cubecart
CVE-2025-59413,cubecart
CVE-2025-59414,nuxt
CVE-2025-59415,frappe
CVE-2025-59416,The-Scratch-Channel
CVE-2025-59417,lobehub
CVE-2025-59418,GSYT-Productions
CVE-2025-59419,netty
CVE-2025-59420,authlib
CVE-2025-59421,frappe
CVE-2025-59422,langgenius
CVE-2025-59424,Kovah
CVE-2025-59425,vllm-project
CVE-2025-59426,lobehub
CVE-2025-59427,cloudflare
CVE-2025-59428,espocrm
CVE-2025-59429,FreePBX
CVE-2025-59430,FrontFin
CVE-2025-59431,MapServer
CVE-2025-59432,ongres
CVE-2025-59433,conventional-changelog
CVE-2025-59434,FlowiseAI
CVE-2025-59436,fedorindutny
CVE-2025-59437,fedorindutny
CVE-2025-59447,YoSmart
CVE-2025-59448,YoSmart
CVE-2025-59449,YoSmart
CVE-2025-59450,YoSmart
CVE-2025-59451,YoSmart
CVE-2025-59452,YoSmart
CVE-2025-59453,clickstudios
CVE-2025-59454,Apache Software Foundation
CVE-2025-59455,JetBrains
CVE-2025-59456,JetBrains
CVE-2025-59457,JetBrains
CVE-2025-59458,JetBrains
CVE-2025-59459,SICK AG
CVE-2025-59460,SICK AG
CVE-2025-59461,SICK AG
CVE-2025-59462,SICK AG
CVE-2025-59463,SICK AG
CVE-2025-59464,nodejs
CVE-2025-59465,nodejs
CVE-2025-59466,nodejs
CVE-2025-59467,Ubiquiti Inc
CVE-2025-59468,Veeam
CVE-2025-59469,Veeam
CVE-2025-59470,Veeam
CVE-2025-59471,vercel
CVE-2025-59472,vercel
CVE-2025-59473,ExpressionEngine
CVE-2025-59474,Jenkins Project
CVE-2025-59475,Jenkins Project
CVE-2025-59476,Jenkins Project
CVE-2025-59478,F5
CVE-2025-59479,"Inaba Denki Sangyo Co., Ltd."
CVE-2025-59480,Mattermost
CVE-2025-59481,F5
CVE-2025-59482,TP-Link Systems Inc.
CVE-2025-59483,F5
CVE-2025-59484,AutomationDirect
CVE-2025-59485,"Intercom, Inc."
CVE-2025-59487,TP-Link Systems Inc.
CVE-2025-59489,Unity3D
CVE-2025-59494,Microsoft
CVE-2025-59497,Microsoft
CVE-2025-59499,Microsoft
CVE-2025-59500,Microsoft
CVE-2025-59501,Microsoft
CVE-2025-59502,Microsoft
CVE-2025-59503,Microsoft
CVE-2025-59504,Microsoft
CVE-2025-59505,Microsoft
CVE-2025-59506,Microsoft
CVE-2025-59507,Microsoft
CVE-2025-59508,Microsoft
CVE-2025-59509,Microsoft
CVE-2025-59510,Microsoft
CVE-2025-59511,Microsoft
CVE-2025-59512,Microsoft
CVE-2025-59513,Microsoft
CVE-2025-59514,Microsoft
CVE-2025-59515,Microsoft
CVE-2025-59516,Microsoft
CVE-2025-59517,Microsoft
CVE-2025-59518,lemonldap-ng
CVE-2025-59524,horilla-opensource
CVE-2025-59525,horilla-opensource
CVE-2025-59526,eladnava
CVE-2025-59527,FlowiseAI
CVE-2025-59528,FlowiseAI
CVE-2025-59529,avahi
CVE-2025-59530,quic-go
CVE-2025-59531,argoproj
CVE-2025-59532,openai
CVE-2025-59534,nasa
CVE-2025-59535,dnnsoftware
CVE-2025-59536,anthropics
CVE-2025-59537,argoproj
CVE-2025-59538,argoproj
CVE-2025-59539,dnnsoftware
CVE-2025-59540,chamilo
CVE-2025-59541,chamilo
CVE-2025-59542,chamilo
CVE-2025-59543,chamilo
CVE-2025-59544,chamilo
CVE-2025-59545,dnnsoftware
CVE-2025-59546,dnnsoftware
CVE-2025-59547,dnnsoftware
CVE-2025-59548,dnnsoftware
CVE-2025-59549,fatcatapps
CVE-2025-59550,designervily
CVE-2025-59551,WP Chill
CVE-2025-59552,Pdfcrowd Dev Team
CVE-2025-59553,Coderz Studio
CVE-2025-59554,Advanced Ads GmbH
CVE-2025-59555,ThemeMove
CVE-2025-59556,skygroup
CVE-2025-59557,ThemeMove
CVE-2025-59558,ThemeMove
CVE-2025-59559,payrexx
CVE-2025-59560,SONAAR MUSIC
CVE-2025-59561,hashthemes
CVE-2025-59562,Kodezen LLC
CVE-2025-59563,SONAAR MUSIC
CVE-2025-59564,ThemeMove
CVE-2025-59565,WP Swings
CVE-2025-59566,AmentoTech
CVE-2025-59567,Elliot Sowersby / RelyWP
CVE-2025-59568,Zoho Flow
CVE-2025-59569,Imran Tauqeer
CVE-2025-59570,WPFunnels
CVE-2025-59571,purethemes
CVE-2025-59572,purethemes
CVE-2025-59573,CozyThemes
CVE-2025-59574,WP Travel Engine
CVE-2025-59575,Stylemix
CVE-2025-59576,Stylemix
CVE-2025-59577,Stylemix
CVE-2025-59578,wpdesk
CVE-2025-59579,PressTigers
CVE-2025-59580,GoodLayers
CVE-2025-59581,VW THEMES
CVE-2025-59582,Darren Cooney
CVE-2025-59583,PenciDesign
CVE-2025-59584,PenciDesign
CVE-2025-59585,PenciDesign
CVE-2025-59586,PenciDesign
CVE-2025-59587,PenciDesign
CVE-2025-59588,PenciDesign
CVE-2025-59589,PenciDesign
CVE-2025-59590,David Lingren
CVE-2025-59591,AdvancedCoding
CVE-2025-59592,Fernando Acosta
CVE-2025-59593,Extend Themes
CVE-2025-59595,Absolute
CVE-2025-59596,Absolute Security
CVE-2025-59600,"Qualcomm, Inc."
CVE-2025-59601,"Qualcomm, Inc."
CVE-2025-59603,"Qualcomm, Inc."
CVE-2025-59604,"Qualcomm, Inc."
CVE-2025-59605,"Qualcomm, Inc."
CVE-2025-59606,"Qualcomm, Inc."
CVE-2025-59609,"Qualcomm, Inc."
CVE-2025-59610,"Qualcomm, Inc."
CVE-2025-59611,"Qualcomm, Inc."
CVE-2025-59612,"Qualcomm, Inc."
CVE-2025-59613,"Qualcomm, Inc."
CVE-2025-59614,"Qualcomm, Inc."
CVE-2025-59615,"Qualcomm, Inc."
CVE-2025-59616,"Qualcomm, Inc."
CVE-2025-59617,"Qualcomm, Inc."
CVE-2025-59668,NIHON KOHDEN CORPORATION
CVE-2025-59669,Fortinet
CVE-2025-59681,djangoproject
CVE-2025-59682,djangoproject
CVE-2025-59683,Pexip
CVE-2025-59689,Libraesva
CVE-2025-59691,PureVPN
CVE-2025-59692,PureVPN
CVE-2025-59712,snipeitapp
CVE-2025-59713,snipeitapp
CVE-2025-59714,Internet2
CVE-2025-59715,SMSEagle
CVE-2025-59717,DigitalOcean
CVE-2025-59718,Fortinet
CVE-2025-59719,Fortinet
CVE-2025-59728,FFmpeg
CVE-2025-59729,FFmpeg
CVE-2025-59730,FFmpeg
CVE-2025-59731,FFmpeg
CVE-2025-59732,FFmpeg
CVE-2025-59733,FFmpeg
CVE-2025-59734,FFmpeg
CVE-2025-59735,AndSoft
CVE-2025-59736,AndSoft
CVE-2025-59737,AndSoft
CVE-2025-59738,AndSoft
CVE-2025-59739,AndSoft
CVE-2025-59740,AndSoft
CVE-2025-59741,AndSoft
CVE-2025-59742,AndSoft
CVE-2025-59743,AndSoft
CVE-2025-59744,AndSoft
CVE-2025-59745,AndSoft
CVE-2025-59746,AndSoft
CVE-2025-59747,AndSoft
CVE-2025-59748,AndSoft
CVE-2025-59749,AndSoft
CVE-2025-59750,AndSoft
CVE-2025-59751,AndSoft
CVE-2025-59752,AndSoft
CVE-2025-59753,AndSoft
CVE-2025-59754,AndSoft
CVE-2025-59755,AndSoft
CVE-2025-59756,AndSoft
CVE-2025-59757,AndSoft
CVE-2025-59758,AndSoft
CVE-2025-59759,AndSoft
CVE-2025-59760,AndSoft
CVE-2025-59761,AndSoft
CVE-2025-59762,AndSoft
CVE-2025-59763,AndSoft
CVE-2025-59764,AndSoft
CVE-2025-59765,AndSoft
CVE-2025-59766,AndSoft
CVE-2025-59767,AndSoft
CVE-2025-59768,AndSoft
CVE-2025-59769,AndSoft
CVE-2025-59770,AndSoft
CVE-2025-59771,AndSoft
CVE-2025-59772,AndSoft
CVE-2025-59773,AndSoft
CVE-2025-59774,AndSoft
CVE-2025-59775,Apache Software Foundation
CVE-2025-59776,AutomationDirect
CVE-2025-59777,GNU Project
CVE-2025-59778,F5
CVE-2025-59780,General Industrial Controls
CVE-2025-59781,F5
CVE-2025-59783,2N Telekomunikace a.s.
CVE-2025-59784,2N Telekomunikace a.s.
CVE-2025-59785,2N Telekomunikace a.s.
CVE-2025-59786,2N Telekomunikace a.s.
CVE-2025-59787,2N Telekomunikace a.s.
CVE-2025-59788,Nextcloud
CVE-2025-59789,Apache Software Foundation
CVE-2025-59790,Apache Software Foundation
CVE-2025-59792,Apache Software Foundation
CVE-2025-59797,Profession Fit
CVE-2025-59798,Artifex
CVE-2025-59799,Artifex
CVE-2025-59800,Artifex
CVE-2025-59801,Artifex
CVE-2025-59808,Fortinet
CVE-2025-59809,Fortinet
CVE-2025-59810,Fortinet
CVE-2025-59814,Zenitel
CVE-2025-59815,Zenitel
CVE-2025-59816,Zenitel
CVE-2025-59817,Zenitel
CVE-2025-59818,Zenitel
CVE-2025-59819,zenitel
CVE-2025-59820,KDE
CVE-2025-59821,dnnsoftware
CVE-2025-59822,http4s
CVE-2025-59823,gardener
CVE-2025-59824,siderolabs
CVE-2025-59825,astral-sh
CVE-2025-59826,FlagForgeCTF
CVE-2025-59827,FlagForgeCTF
CVE-2025-59828,anthropics
CVE-2025-59829,anthropics
CVE-2025-59830,rack
CVE-2025-59831,snowyu
CVE-2025-59832,horilla-opensource
CVE-2025-59833,FlagForgeCTF
CVE-2025-59834,srmorete
CVE-2025-59835,langbot-app
CVE-2025-59836,siderolabs
CVE-2025-59837,withastro
CVE-2025-59838,monkeytypegame
CVE-2025-59839,StarCitizenWiki
CVE-2025-59840,vega
CVE-2025-59841,FlagForgeCTF
CVE-2025-59842,jupyterlab
CVE-2025-59843,FlagForgeCTF
CVE-2025-59844,SonarSource
CVE-2025-59845,apollographql
CVE-2025-59849,HCL Software
CVE-2025-59851,HCL
CVE-2025-59852,HCL
CVE-2025-59853,HCL
CVE-2025-59854,HCL
CVE-2025-59866,HCLSoftware
CVE-2025-59868,HCLSoftware
CVE-2025-59870,HCL Software
CVE-2025-59872,HCL Software
CVE-2025-59873,HCL Software
CVE-2025-59874,HCL
CVE-2025-59886,Eaton
CVE-2025-59887,Eaton
CVE-2025-59888,Eaton
CVE-2025-59889,Eaton
CVE-2025-59890,Eaton
CVE-2025-59891,Flexense
CVE-2025-59892,Flexense
CVE-2025-59893,Flexense
CVE-2025-59894,Flexense
CVE-2025-59895,Flexense
CVE-2025-59896,Flexense
CVE-2025-59897,Flexense
CVE-2025-59898,Flexense
CVE-2025-59899,Flexense
CVE-2025-59900,Flexense
CVE-2025-59901,Flexense
CVE-2025-59902,NICE
CVE-2025-59903,Kubysoft
CVE-2025-59904,Kubysoft
CVE-2025-59905,Kubysoft
CVE-2025-59920,systems at work
CVE-2025-59921,Fortinet
CVE-2025-59922,Fortinet
CVE-2025-59923,Fortinet
CVE-2025-59932,FlagForgeCTF
CVE-2025-59933,libvips
CVE-2025-59934,formbricks
CVE-2025-59935,glpi-project
CVE-2025-59936,nearform
CVE-2025-59937,wneessen
CVE-2025-59938,wazuh
CVE-2025-59939,LabRedesCefetRJ
CVE-2025-59940,mondeja
CVE-2025-59941,filecoin-project
CVE-2025-59942,filecoin-project
CVE-2025-59943,thorsten
CVE-2025-59944,cursor
CVE-2025-59945,Syslifters
CVE-2025-59946,nanomq
CVE-2025-59947,nanomq
CVE-2025-59948,FreshRSS
CVE-2025-59949,FreshRSS
CVE-2025-59950,FreshRSS
CVE-2025-59951,LukeGus
CVE-2025-59952,minio
CVE-2025-59954,KnowageLabs
CVE-2025-59955,coollabsio
CVE-2025-59956,coder
CVE-2025-59957,Juniper Networks
CVE-2025-59958,Juniper Networks
CVE-2025-59959,Juniper Networks
CVE-2025-59960,Juniper Networks
CVE-2025-59961,Juniper Networks
CVE-2025-59962,Juniper Networks
CVE-2025-59964,Juniper Networks
CVE-2025-59967,Juniper Networks
CVE-2025-59968,Juniper Networks
CVE-2025-59969,Juniper Networks
CVE-2025-59974,Juniper Networks
CVE-2025-59975,Juniper Networks
CVE-2025-59976,Juniper Networks
CVE-2025-59978,Juniper Networks
CVE-2025-59980,Juniper Networks
CVE-2025-59981,Juniper Networks
CVE-2025-59982,Juniper Networks
CVE-2025-59983,Juniper Networks
CVE-2025-59984,Juniper Networks
CVE-2025-59985,Juniper Networks
CVE-2025-59986,Juniper Networks
CVE-2025-59987,Juniper Networks
CVE-2025-59988,Juniper Networks
CVE-2025-59989,Juniper Networks
CVE-2025-59990,Juniper Networks
CVE-2025-59991,Juniper Networks
CVE-2025-59992,Juniper Networks
CVE-2025-59993,Juniper Networks
CVE-2025-59994,Juniper Networks
CVE-2025-59995,Juniper Networks
CVE-2025-59996,Juniper Networks
CVE-2025-59997,Juniper Networks
CVE-2025-59998,Juniper Networks
CVE-2025-59999,Juniper Networks
CVE-2025-60000,Juniper Networks
CVE-2025-60001,Juniper Networks
CVE-2025-60002,Juniper Networks
CVE-2025-60003,Juniper Networks
CVE-2025-60004,Juniper Networks
CVE-2025-60006,Juniper Networks
CVE-2025-60007,Juniper Networks
CVE-2025-60009,Juniper Networks
CVE-2025-60010,Juniper Networks
CVE-2025-60011,Juniper Networks
CVE-2025-60012,Apache Software Foundation
CVE-2025-60013,F5
CVE-2025-60015,F5
CVE-2025-60016,F5
CVE-2025-60017,Unitree
CVE-2025-60018,Red Hat
CVE-2025-60019,Red Hat
CVE-2025-60020,NNCP
CVE-2025-60021,Apache Software Foundation
CVE-2025-60022,KDDI CORPORATION
CVE-2025-60023,AutomationDirect
CVE-2025-60024,Fortinet
CVE-2025-60035,Bosch Rexroth
CVE-2025-60036,Bosch Rexroth
CVE-2025-60037,Bosch Rexroth
CVE-2025-60038,Bosch Rexroth
CVE-2025-60039,rascals
CVE-2025-60040,fkrauthan
CVE-2025-60041,Iulia Cazan
CVE-2025-60042,AncoraThemes
CVE-2025-60043,AncoraThemes
CVE-2025-60044,AncoraThemes
CVE-2025-60045,ThemeAtelier
CVE-2025-60046,axiomthemes
CVE-2025-60047,axiomthemes
CVE-2025-60048,axiomthemes
CVE-2025-60049,axiomthemes
CVE-2025-60050,axiomthemes
CVE-2025-60051,AncoraThemes
CVE-2025-60052,AncoraThemes
CVE-2025-60053,AncoraThemes
CVE-2025-60054,AncoraThemes
CVE-2025-60055,AncoraThemes
CVE-2025-60056,AncoraThemes
CVE-2025-60057,AncoraThemes
CVE-2025-60058,AncoraThemes
CVE-2025-60059,axiomthemes
CVE-2025-60060,axiomthemes
CVE-2025-60061,axiomthemes
CVE-2025-60062,mmetrodw
CVE-2025-60063,axiomthemes
CVE-2025-60064,axiomthemes
CVE-2025-60065,axiomthemes
CVE-2025-60066,axiomthemes
CVE-2025-60067,axiomthemes
CVE-2025-60068,javothemes
CVE-2025-60069,ThemeMove
CVE-2025-60070,The4
CVE-2025-60071,don-themes
CVE-2025-60072,Processby
CVE-2025-60073,Processby
CVE-2025-60074,Processby
CVE-2025-60075,Allegro Marketing
CVE-2025-60076,Jiro Sasamoto
CVE-2025-60077,YayCommerce
CVE-2025-60078,Agence web Eoxia – Montpellier
CVE-2025-60079,bPlugins
CVE-2025-60080,add-ons.org
CVE-2025-60081,add-ons.org
CVE-2025-60082,add-ons.org
CVE-2025-60083,add-ons.org
CVE-2025-60084,add-ons.org
CVE-2025-60085,ThemeREX Group
CVE-2025-60086,Matt
CVE-2025-60087,Nenad Obradovic
CVE-2025-60088,Saleswonder Team: Tobias
CVE-2025-60089,CRM Perks
CVE-2025-60090,CRM Perks
CVE-2025-60091,CRM Perks
CVE-2025-60092,Shahjada
CVE-2025-60093,Shahjada
CVE-2025-60094,Benjamin Intal
CVE-2025-60095,Benjamin Intal
CVE-2025-60096,CodexThemes
CVE-2025-60097,CodexThemes
CVE-2025-60098,Jeff Farthing
CVE-2025-60099,awsm.in
CVE-2025-60100,8theme
CVE-2025-60101,duongancol
CVE-2025-60102,Syam Mohan
CVE-2025-60103,CridioStudio
CVE-2025-60104,Jordy Meow
CVE-2025-60105,metaphorcreations
CVE-2025-60106,Roxnor
CVE-2025-60107,LambertGroup
CVE-2025-60108,LambertGroup
CVE-2025-60109,LambertGroup
CVE-2025-60110,LambertGroup
CVE-2025-60111,javothemes
CVE-2025-60112,Syed Balkhi
CVE-2025-60113,grooni
CVE-2025-60114,YayCommerce
CVE-2025-60115,instapagedev
CVE-2025-60116,ThemeGoods
CVE-2025-60117,TangibleWP
CVE-2025-60118,Potenzaglobalsolutions
CVE-2025-60119,CoSchedule
CVE-2025-60120,WPDirectoryKit
CVE-2025-60121,Ex-Themes
CVE-2025-60122,HivePress
CVE-2025-60123,HivePress
CVE-2025-60124,Ryan Hellyer
CVE-2025-60125,themelooks
CVE-2025-60126,PluginOps
CVE-2025-60127,ArtistScope
CVE-2025-60128,WP Delicious
CVE-2025-60129,Yext
CVE-2025-60130,wedos.com
CVE-2025-60131,Zoefff
CVE-2025-60132,johnh10
CVE-2025-60133,DJ-Extensions.com
CVE-2025-60134,John James Jacoby
CVE-2025-60135,NIKITAS GEORGOPOULOS
CVE-2025-60136,cartpauj
CVE-2025-60137,Galaxy Weblinks
CVE-2025-60138,sonalsinha21
CVE-2025-60139,Joovii
CVE-2025-60140,thetechtribe
CVE-2025-60141,thetechtribe
CVE-2025-60142,DaganLev
CVE-2025-60143,netgsm
CVE-2025-60144,yonifre
CVE-2025-60145,yonifre
CVE-2025-60146,Amit Verma
CVE-2025-60147,HT Plugins
CVE-2025-60148,wpshuffle
CVE-2025-60149,Rocket Apps
CVE-2025-60150,wpshuffle
CVE-2025-60151,CRM Perks
CVE-2025-60152,wpshuffle
CVE-2025-60153,wpshuffle
CVE-2025-60154,Jennifer Moss
CVE-2025-60155,loopus
CVE-2025-60156,webandprint
CVE-2025-60157,emarket-design
CVE-2025-60158,webmaniabr
CVE-2025-60159,webmaniabr
CVE-2025-60160,sharkthemes
CVE-2025-60161,bdthemes
CVE-2025-60162,PickPlugins
CVE-2025-60163,Robin W
CVE-2025-60164,NewsMAN
CVE-2025-60165,HaruTheme
CVE-2025-60166,wpshuffle
CVE-2025-60167,honzat
CVE-2025-60168,integrationshotelrunner
CVE-2025-60169,W3S Cloud Technology
CVE-2025-60170,Taraprasad Swain
CVE-2025-60171,yourplugins
CVE-2025-60172,flytedesk
CVE-2025-60173,Ashwani kumar
CVE-2025-60174,CRM Perks
CVE-2025-60175,vynnus
CVE-2025-60176,tattersoftware
CVE-2025-60177,rozx
CVE-2025-60178,CRM Perks
CVE-2025-60179,Space Studio
CVE-2025-60180,CRM Perks
CVE-2025-60181,silence
CVE-2025-60182,Schiocco
CVE-2025-60183,silence
CVE-2025-60184,Terry L.
CVE-2025-60185,kontur.us
CVE-2025-60186,Alex Moss
CVE-2025-60187,Vito Peleg
CVE-2025-60188,Vito Peleg
CVE-2025-60189,PoloPag
CVE-2025-60190,Hinnerk Altenburg
CVE-2025-60191,Premmerce
CVE-2025-60192,Premmerce
CVE-2025-60193,Premmerce
CVE-2025-60194,Premmerce
CVE-2025-60195,Vito Peleg
CVE-2025-60196,Clearblue
CVE-2025-60197,owenr88
CVE-2025-60198,dedalx
CVE-2025-60199,dedalx
CVE-2025-60200,ThimPress
CVE-2025-60201,aguilatechnologies
CVE-2025-60202,Kyle Phillips
CVE-2025-60203,Josh Kohlbach
CVE-2025-60204,Josh Kohlbach
CVE-2025-60205,ThemeREX
CVE-2025-60206,Beplusthemes
CVE-2025-60207,Addify
CVE-2025-60208,Tusko Trush
CVE-2025-60209,CRM Perks
CVE-2025-60210,wpeverest
CVE-2025-60211,extendons
CVE-2025-60212,designthemes
CVE-2025-60213,Whitebox-Studio
CVE-2025-60214,BoldThemes
CVE-2025-60215,designthemes
CVE-2025-60216,BoldThemes
CVE-2025-60217,ypromo
CVE-2025-60218,WPLocker
CVE-2025-60219,HaruTheme
CVE-2025-60220,pebas
CVE-2025-60221,captivateaudio
CVE-2025-60222,FantasticPlugins
CVE-2025-60223,QuantumCloud
CVE-2025-60224,wpshuffle
CVE-2025-60225,AncoraThemes
CVE-2025-60226,axiomthemes
CVE-2025-60227,ThimPress
CVE-2025-60228,designthemes
CVE-2025-60229,Themeton
CVE-2025-60230,Themeton
CVE-2025-60231,EMV
CVE-2025-60232,quantumcloud
CVE-2025-60233,Themeton
CVE-2025-60234,designthemes
CVE-2025-60235,Plugify
CVE-2025-60236,EMV
CVE-2025-60237,Themeton
CVE-2025-60238,universam
CVE-2025-60239,"Codexpert, Inc"
CVE-2025-60240,Alexander
CVE-2025-60241,Premmerce
CVE-2025-60242,Anatoly
CVE-2025-60243,Holest Engineering
CVE-2025-60244,RealMag777
CVE-2025-60245,WP User Manager
CVE-2025-60246,weissmike
CVE-2025-60247,Bux
CVE-2025-60248,WPClever
CVE-2025-60249,CIRCL
CVE-2025-60250,Unitree
CVE-2025-60251,Unitree
CVE-2025-60344,D-Link
CVE-2025-60703,Microsoft
CVE-2025-60704,Microsoft
CVE-2025-60705,Microsoft
CVE-2025-60706,Microsoft
CVE-2025-60707,Microsoft
CVE-2025-60708,Microsoft
CVE-2025-60709,Microsoft
CVE-2025-60710,Microsoft
CVE-2025-60711,Microsoft
CVE-2025-60713,Microsoft
CVE-2025-60714,Microsoft
CVE-2025-60715,Microsoft
CVE-2025-60716,Microsoft
CVE-2025-60717,Microsoft
CVE-2025-60718,Microsoft
CVE-2025-60719,Microsoft
CVE-2025-60720,Microsoft
CVE-2025-60721,Microsoft
CVE-2025-60722,Microsoft
CVE-2025-60723,Microsoft
CVE-2025-60724,Microsoft
CVE-2025-60726,Microsoft
CVE-2025-60727,Microsoft
CVE-2025-60728,Microsoft
CVE-2025-60946,Census
CVE-2025-60947,Census
CVE-2025-60948,Census
CVE-2025-60949,Census
CVE-2025-61581,Apache Software Foundation
CVE-2025-61582,joni1802
CVE-2025-61583,joni1802
CVE-2025-61584,serverless-dns
CVE-2025-61586,FreshRSS
CVE-2025-61587,WeblateOrg
CVE-2025-61588,risc0
CVE-2025-61589,cursor
CVE-2025-61590,cursor
CVE-2025-61591,cursor
CVE-2025-61592,cursor
CVE-2025-61593,cursor
CVE-2025-61594,ruby
CVE-2025-61595,MANTRA-Chain
CVE-2025-61597,emlog
CVE-2025-61598,discourse
CVE-2025-61599,emlog
CVE-2025-61600,stalwartlabs
CVE-2025-61601,bigbluebutton
CVE-2025-61602,bigbluebutton
CVE-2025-61603,LabRedesCefetRJ
CVE-2025-61604,LabRedesCefetRJ
CVE-2025-61605,LabRedesCefetRJ
CVE-2025-61606,LabRedesCefetRJ
CVE-2025-61607,"Unisoc (Shanghai) Technologies Co., Ltd."
CVE-2025-61608,"Unisoc (Shanghai) Technologies Co., Ltd."
CVE-2025-61609,"Unisoc (Shanghai) Technologies Co., Ltd."
CVE-2025-61610,"Unisoc (Shanghai) Technologies Co., Ltd."
CVE-2025-61611,"Unisoc (Shanghai) Technologies Co., Ltd."
CVE-2025-61612,"Unisoc (Shanghai) Technologies Co., Ltd."
CVE-2025-61613,"Unisoc (Shanghai) Technologies Co., Ltd."
CVE-2025-61614,"Unisoc (Shanghai) Technologies Co., Ltd."
CVE-2025-61615,"Unisoc (Shanghai) Technologies Co., Ltd."
CVE-2025-61616,"Unisoc (Shanghai) Technologies Co., Ltd."
CVE-2025-61617,"Unisoc (Shanghai) Technologies Co., Ltd."
CVE-2025-61618,"Unisoc (Shanghai) Technologies Co., Ltd."
CVE-2025-61619,"Unisoc (Shanghai) Technologies Co., Ltd."
CVE-2025-61622,Apache Software Foundation
CVE-2025-61623,Apache Software Foundation
CVE-2025-61624,Fortinet
CVE-2025-61634,Wikimedia Foundation
CVE-2025-61635,Wikimedia Foundation
CVE-2025-61636,Wikimedia Foundation
CVE-2025-61637,Wikimedia Foundation
CVE-2025-61638,Wikimedia Foundation
CVE-2025-61639,Wikimedia Foundation
CVE-2025-61640,Wikimedia Foundation
CVE-2025-61641,Wikimedia Foundation
CVE-2025-61642,Wikimedia Foundation
CVE-2025-61643,Wikimedia Foundation
CVE-2025-61644,Wikimedia Foundation
CVE-2025-61645,Wikimedia Foundation
CVE-2025-61646,Wikimedia Foundation
CVE-2025-61647,Wikimedia Foundation
CVE-2025-61648,Wikimedia Foundation
CVE-2025-61649,Wikimedia Foundation
CVE-2025-61650,Wikimedia Foundation
CVE-2025-61651,Wikimedia Foundation
CVE-2025-61652,Wikimedia Foundation
CVE-2025-61653,Wikimedia Foundation
CVE-2025-61654,Wikimedia Foundation
CVE-2025-61655,Wikimedia Foundation
CVE-2025-61656,Wikimedia Foundation
CVE-2025-61657,Wikimedia Foundation
CVE-2025-61658,Wikimedia Foundation
CVE-2025-61659,magicmonty
CVE-2025-61661,GNU
CVE-2025-61661,Red Hat
CVE-2025-61662,GNU
CVE-2025-61662,Red Hat
CVE-2025-61663,GNU
CVE-2025-61663,Red Hat
CVE-2025-61664,GNU
CVE-2025-61664,Red Hat
CVE-2025-61665,LabRedesCefetRJ
CVE-2025-61666,traccar
CVE-2025-61667,DataDog
CVE-2025-61668,plone
CVE-2025-61669,jupyter-server
CVE-2025-61670,bytecodealliance
CVE-2025-61672,element-hq
CVE-2025-61673,Aiven-Open
CVE-2025-61674,octobercms
CVE-2025-61675,FreePBX
CVE-2025-61676,octobercms
CVE-2025-61677,iterative
CVE-2025-61678,FreePBX
CVE-2025-61679,julien040
CVE-2025-61680,jaketcooper
CVE-2025-61681,xuemian168
CVE-2025-61684,h2o
CVE-2025-61685,mastra-ai
CVE-2025-61686,remix-run
CVE-2025-61687,FlowiseAI
CVE-2025-61688,siderolabs
CVE-2025-61689,JuliaWeb
CVE-2025-61690,KEYENCE CORPORATION
CVE-2025-61691,KEYENCE CORPORATION
CVE-2025-61692,KEYENCE CORPORATION
CVE-2025-61713,Fortinet
CVE-2025-61723,Go standard library
CVE-2025-61724,Go standard library
CVE-2025-61725,Go standard library
CVE-2025-61726,Go standard library
CVE-2025-61727,Go standard library
CVE-2025-61728,Go standard library
CVE-2025-61729,Go standard library
CVE-2025-61730,Go standard library
CVE-2025-61731,Go toolchain
CVE-2025-61732,Go toolchain
CVE-2025-61733,Apache Software Foundation
CVE-2025-61734,Apache Software Foundation
CVE-2025-61735,Apache Software Foundation
CVE-2025-61736,Johnson Controls
CVE-2025-61738,Johnson Controls
CVE-2025-61739,Johnson Controls
CVE-2025-61740,Johnson Controls
CVE-2025-61748,Oracle Corporation
CVE-2025-61749,Oracle Corporation
CVE-2025-61750,Oracle Corporation
CVE-2025-61751,Oracle Corporation
CVE-2025-61752,Oracle Corporation
CVE-2025-61753,Oracle Corporation
CVE-2025-61754,Oracle Corporation
CVE-2025-61755,Oracle Corporation
CVE-2025-61756,Oracle Corporation
CVE-2025-61757,Oracle Corporation
CVE-2025-61758,Oracle Corporation
CVE-2025-61759,Oracle Corporation
CVE-2025-61760,Oracle Corporation
CVE-2025-61761,Oracle Corporation
CVE-2025-61762,Oracle Corporation
CVE-2025-61763,Oracle Corporation
CVE-2025-61764,Oracle Corporation
CVE-2025-61765,miguelgrinberg
CVE-2025-61766,weirdgloop
CVE-2025-61768,xuemian168
CVE-2025-61769,emlog
CVE-2025-61770,rack
CVE-2025-61771,rack
CVE-2025-61772,rack
CVE-2025-61773,pyload
CVE-2025-61774,pyvista
CVE-2025-61775,Whimsies-YAT
CVE-2025-61776,DependencyTrack
CVE-2025-61777,FlagForgeCTF
CVE-2025-61778,akkadotnet
CVE-2025-61779,confidential-containers
CVE-2025-61780,rack
CVE-2025-61781,OpenCTI-Platform
CVE-2025-61782,OpenCTI-Platform
CVE-2025-61783,python-social-auth
CVE-2025-61784,hiyouga
CVE-2025-61785,denoland
CVE-2025-61786,denoland
CVE-2025-61787,denoland
CVE-2025-61788,opencast
CVE-2025-61789,Icinga
CVE-2025-61792,Quadient
CVE-2025-61795,Apache Software Foundation
CVE-2025-61796,Adobe
CVE-2025-61797,Adobe
CVE-2025-61798,Adobe
CVE-2025-61799,Adobe
CVE-2025-61800,Adobe
CVE-2025-61801,Adobe
CVE-2025-61802,Adobe
CVE-2025-61803,Adobe
CVE-2025-61804,Adobe
CVE-2025-61805,Adobe
CVE-2025-61806,Adobe
CVE-2025-61807,Adobe
CVE-2025-61808,Adobe
CVE-2025-61809,Adobe
CVE-2025-61810,Adobe
CVE-2025-61811,Adobe
CVE-2025-61812,Adobe
CVE-2025-61813,Adobe
CVE-2025-61814,Adobe
CVE-2025-61815,Adobe
CVE-2025-61816,Adobe
CVE-2025-61817,Adobe
CVE-2025-61818,Adobe
CVE-2025-61819,Adobe
CVE-2025-61820,Adobe
CVE-2025-61821,Adobe
CVE-2025-61822,Adobe
CVE-2025-61823,Adobe
CVE-2025-61824,Adobe
CVE-2025-61826,Adobe
CVE-2025-61827,Adobe
CVE-2025-61828,Adobe
CVE-2025-61829,Adobe
CVE-2025-61830,Adobe
CVE-2025-61831,Adobe
CVE-2025-61832,Adobe
CVE-2025-61833,Adobe
CVE-2025-61834,Adobe
CVE-2025-61835,Adobe
CVE-2025-61836,Adobe
CVE-2025-61837,Adobe
CVE-2025-61838,Adobe
CVE-2025-61839,Adobe
CVE-2025-61840,Adobe
CVE-2025-61841,Adobe
CVE-2025-61842,Adobe
CVE-2025-61843,Adobe
CVE-2025-61844,Adobe
CVE-2025-61845,Adobe
CVE-2025-61848,Fortinet
CVE-2025-61856,"FUJI ELECTRIC CO., LTD. / Hakko Electronics Co., Ltd."
CVE-2025-61857,"FUJI ELECTRIC CO., LTD. / Hakko Electronics Co., Ltd."
CVE-2025-61858,"FUJI ELECTRIC CO., LTD. / Hakko Electronics Co., Ltd."
CVE-2025-61859,"FUJI ELECTRIC CO., LTD. / Hakko Electronics Co., Ltd."
CVE-2025-61860,"FUJI ELECTRIC CO., LTD. / Hakko Electronics Co., Ltd."
CVE-2025-61861,"FUJI ELECTRIC CO., LTD. / Hakko Electronics Co., Ltd."
CVE-2025-61862,"FUJI ELECTRIC CO., LTD. / Hakko Electronics Co., Ltd."
CVE-2025-61863,"FUJI ELECTRIC CO., LTD. / Hakko Electronics Co., Ltd."
CVE-2025-61864,"FUJI ELECTRIC CO., LTD. / Hakko Electronics Co., Ltd."
CVE-2025-61865,"I-O DATA DEVICE, INC."
CVE-2025-61871,BUFFALO INC.
CVE-2025-61873,bestpractical
CVE-2025-61881,Oracle Corporation
CVE-2025-61882,Oracle Corporation
CVE-2025-61884,Oracle Corporation
CVE-2025-61885,Oracle Corporation
CVE-2025-61886,Fortinet
CVE-2025-61906,opencast
CVE-2025-61907,Icinga
CVE-2025-61908,Icinga
CVE-2025-61909,Icinga
CVE-2025-61910,nasa-jpl
CVE-2025-61911,python-ldap
CVE-2025-61912,python-ldap
CVE-2025-61913,FlowiseAI
CVE-2025-61914,n8n-io
CVE-2025-61915,OpenPrinting
CVE-2025-61916,spinnaker
CVE-2025-61917,n8n-io
CVE-2025-61919,rack
CVE-2025-61920,authlib
CVE-2025-61921,sinatra
CVE-2025-61922,PrestaShopCorp
CVE-2025-61923,PrestaShopCorp
CVE-2025-61924,PrestaShopCorp
CVE-2025-61925,withastro
CVE-2025-61926,ossf
CVE-2025-61927,capricorn86
CVE-2025-61928,better-auth
CVE-2025-61929,CherryHQ
CVE-2025-61930,emlog
CVE-2025-61931,Implem Inc.
CVE-2025-61932,MOTEX Inc.
CVE-2025-61933,F5
CVE-2025-61934,AutomationDirect
CVE-2025-61935,F5
CVE-2025-61937,AVEVA
CVE-2025-61938,F5
CVE-2025-61939,Columbia Weather Systems
CVE-2025-61940,Mirion Medical
CVE-2025-61941,BUFFALO INC.
CVE-2025-61943,AVEVA
CVE-2025-61944,TP-Link Systems Inc.
CVE-2025-61945,Radiometrics
CVE-2025-61949,LogStare Inc.
CVE-2025-61950,"Japan Total System Co.,Ltd."
CVE-2025-61951,F5
CVE-2025-61952,Canva
CVE-2025-61955,F5
CVE-2025-61956,Radiometrics
CVE-2025-61958,F5
CVE-2025-61959,Vertikal Systems
CVE-2025-61960,F5
CVE-2025-61962,fetchmail
CVE-2025-61969,AMD
CVE-2025-61970,AMD
CVE-2025-61971,AMD
CVE-2025-61972,AMD
CVE-2025-61973,Epic Games
CVE-2025-61974,F5
CVE-2025-61976,"Inaba Denki Sangyo Co., Ltd."
CVE-2025-61977,AutomationDirect
CVE-2025-61979,Canva
CVE-2025-61982,OpenCFD
CVE-2025-61983,TP-Link Systems Inc.
CVE-2025-61984,OpenBSD
CVE-2025-61985,OpenBSD
CVE-2025-61987,"Japan Total System Co.,Ltd."
CVE-2025-61990,F5
CVE-2025-61994,"GROWI, Inc."
CVE-2025-61996,OPEXUS
CVE-2025-61997,OPEXUS
CVE-2025-61998,OPEXUS
CVE-2025-61999,OPEXUS
CVE-2025-62000,BullWall
CVE-2025-62001,BullWall
CVE-2025-62002,BullWall
CVE-2025-62003,BullWall
CVE-2025-62004,BullWall
CVE-2025-62005,FantasticPlugins
CVE-2025-62006,VeronaLabs
CVE-2025-62007,bPlugins
CVE-2025-62008,acowebs
CVE-2025-62009,"Dmitry V. (CEO of ""UKR Solution"")"
CVE-2025-62010,ApusTheme
CVE-2025-62011,CodexThemes
CVE-2025-62012,CodexThemes
CVE-2025-62013,POSIMYTH
CVE-2025-62014,ApusTheme
CVE-2025-62015,Josh Kohlbach
CVE-2025-62016,hogash
CVE-2025-62017,hogash
CVE-2025-62018,hogash
CVE-2025-62019,WPZOOM
CVE-2025-62020,Infomaniak Network
CVE-2025-62021,Made Neat
CVE-2025-62022,BuddyPress
CVE-2025-62023,Cristián Lávaque
CVE-2025-62024,Jonathan Jernigan
CVE-2025-62025,eyecix
CVE-2025-62026,Blockspare
CVE-2025-62027,StellarWP
CVE-2025-62028,ThemeNectar
CVE-2025-62029,themesion
CVE-2025-62030,tagDiv
CVE-2025-62031,tagDiv
CVE-2025-62032,tagDiv
CVE-2025-62033,uxper
CVE-2025-62034,uxper
CVE-2025-62035,uxper
CVE-2025-62036,uxper
CVE-2025-62037,uxper
CVE-2025-62038,Sovlix
CVE-2025-62039,Ays Pro
CVE-2025-62040,YOP
CVE-2025-62041,CodexThemes
CVE-2025-62042,Bastien Ho
CVE-2025-62043,WPSight
CVE-2025-62044,CodexThemes
CVE-2025-62045,CodexThemes
CVE-2025-62046,CodexThemes
CVE-2025-62047,Case-Themes
CVE-2025-62048,WPMU DEV - Your All-in-One WordPress Platform
CVE-2025-62049,Stylemix
CVE-2025-62050,blazethemes
CVE-2025-62051,AndonDesign
CVE-2025-62052,Horea Radu
CVE-2025-62053,favethemes
CVE-2025-62054,favethemes
CVE-2025-62055,Elated-Themes
CVE-2025-62056,blazethemes
CVE-2025-62057,favethemes
CVE-2025-62058,favethemes
CVE-2025-62059,Brainstorm Force
CVE-2025-62060,Themepoints
CVE-2025-62061,impleCode
CVE-2025-62062,ThemeRuby
CVE-2025-62063,WP Travel
CVE-2025-62064,Elated-Themes
CVE-2025-62065,Rometheme
CVE-2025-62066,fuelthemes
CVE-2025-62067,Elated-Themes
CVE-2025-62068,E2Pdf
CVE-2025-62069,RealMag777
CVE-2025-62070,WPXPO
CVE-2025-62071,Repuso
CVE-2025-62072,Rustaurius
CVE-2025-62073,Sovlix
CVE-2025-62074,Amauri
CVE-2025-62075,Ido Kobelkowsky
CVE-2025-62076,Ido Kobelkowsky
CVE-2025-62077,SEOSEON EUROPE S.L
CVE-2025-62078,Fahad Mahmood
CVE-2025-62079,Damian
CVE-2025-62080,Channelize.io Team
CVE-2025-62081,Channelize.io Team
CVE-2025-62082,Nasir Uddin
CVE-2025-62083,WP Messiah
CVE-2025-62084,Imdad Next Web
CVE-2025-62085,Bertha AI – Andrew Palmer
CVE-2025-62086,akazanstev
CVE-2025-62087,Web Builder 143
CVE-2025-62088,extendons
CVE-2025-62089,MERGADO
CVE-2025-62090,Jegstudio
CVE-2025-62091,Vollstart
CVE-2025-62092,Wiremo
CVE-2025-62093,LambertGroup
CVE-2025-62094,voidthemes
CVE-2025-62095,neilgee
CVE-2025-62096,WPFactory
CVE-2025-62097,seothemes
CVE-2025-62098,totalsoft
CVE-2025-62099,approveme
CVE-2025-62100,themerain
CVE-2025-62101,Omid Shamloo
CVE-2025-62102,apasionados
CVE-2025-62103,wpmediadownload
CVE-2025-62104,Navneil Naicker
CVE-2025-62106,Mario Peshev
CVE-2025-62107,PluginOps
CVE-2025-62108,SaifuMak
CVE-2025-62109,INFINITUM FORM
CVE-2025-62110,Rescue Themes
CVE-2025-62111,webvitaly
CVE-2025-62112,Merv Barrett
CVE-2025-62113,emendo_seb
CVE-2025-62114,marcelotorres
CVE-2025-62115,ThemeBoy
CVE-2025-62116,quadlayers
CVE-2025-62117,Jayce53
CVE-2025-62118,kcseopro
CVE-2025-62119,ViitorCloud Technologies Pvt Ltd
CVE-2025-62120,Rick Beckman
CVE-2025-62121,Imran Emu
CVE-2025-62122,solwininfotech
CVE-2025-62123,inkthemes
CVE-2025-62124,Soli
CVE-2025-62125,Anshul Gangrade
CVE-2025-62126,Razvan Stanga
CVE-2025-62127,WEN Themes
CVE-2025-62128,SiteLock
CVE-2025-62129,Magnigenie
CVE-2025-62130,wpdiscover
CVE-2025-62131,Strategy11 Team
CVE-2025-62132,Strategy11 Team
CVE-2025-62133,manidoraisamy
CVE-2025-62134,A WP Life
CVE-2025-62135,landwire
CVE-2025-62136,thinkupthemes
CVE-2025-62137,shuttlethemes
CVE-2025-62138,cedcommerce
CVE-2025-62139,Vladimir Statsenko
CVE-2025-62140,plainware
CVE-2025-62141,Information Technology
CVE-2025-62142,nicashmu
CVE-2025-62143,nicashmu
CVE-2025-62144,Mohammed Kaludi
CVE-2025-62145,NewClarity
CVE-2025-62146,Maksym Marko
CVE-2025-62147,nikmelnik
CVE-2025-62148,Eugen Bobrowski
CVE-2025-62149,SaifuMak
CVE-2025-62150,themesawesome
CVE-2025-62151,Virtuaria
CVE-2025-62152,ConveyThis
CVE-2025-62153,Graham
CVE-2025-62154,recorp
CVE-2025-62155,QuantumNous
CVE-2025-62156,argoproj
CVE-2025-62157,argoproj
CVE-2025-62158,frappe
CVE-2025-62159,external-secrets
CVE-2025-62161,youki-dev
CVE-2025-62162,cel-rust
CVE-2025-62164,vllm-project
CVE-2025-62166,FreshRSS
CVE-2025-62168,squid-cache
CVE-2025-62169,WildRikku
CVE-2025-62170,rathena
CVE-2025-62171,ImageMagick
CVE-2025-62172,home-assistant
CVE-2025-62173,FreePBX
CVE-2025-62174,mastodon
CVE-2025-62175,mastodon
CVE-2025-62176,mastodon
CVE-2025-62177,LabRedesCefetRJ
CVE-2025-62178,LabRedesCefetRJ
CVE-2025-62179,LabRedesCefetRJ
CVE-2025-62180,Pegasystems
CVE-2025-62181,Pegasystems
CVE-2025-62182,Pegasystems
CVE-2025-62183,Pegasystems
CVE-2025-62184,Pegasystems
CVE-2025-62185,Ankitects
CVE-2025-62186,Ankitects
CVE-2025-62187,Ankitects
CVE-2025-62188,Apache Software Foundation
CVE-2025-62189,LogStare Inc.
CVE-2025-62190,Mattermost
CVE-2025-62192,"Japan Total System Co.,Ltd."
CVE-2025-62193,National Oceanic and Atmospheric Administration (NOAA)
CVE-2025-62198,Apache Software Foundation
CVE-2025-62199,Microsoft
CVE-2025-62200,Microsoft
CVE-2025-62201,Microsoft
CVE-2025-62202,Microsoft
CVE-2025-62203,Microsoft
CVE-2025-62204,Microsoft
CVE-2025-62205,Microsoft
CVE-2025-62206,Microsoft
CVE-2025-62207,Microsoft
CVE-2025-62208,Microsoft
CVE-2025-62209,Microsoft
CVE-2025-62210,Microsoft
CVE-2025-62211,Microsoft
CVE-2025-62213,Microsoft
CVE-2025-62214,Microsoft
CVE-2025-62215,Microsoft
CVE-2025-62216,Microsoft
CVE-2025-62217,Microsoft
CVE-2025-62218,Microsoft
CVE-2025-62219,Microsoft
CVE-2025-62220,Microsoft
CVE-2025-62221,Microsoft
CVE-2025-62222,Microsoft
CVE-2025-62223,Microsoft
CVE-2025-62224,Microsoft
CVE-2025-62225,Sony Corporation
CVE-2025-62228,Apache Software Foundation
CVE-2025-62229,Red Hat
CVE-2025-62229,X.Org
CVE-2025-62230,Red Hat
CVE-2025-62230,X.Org
CVE-2025-62231,Red Hat
CVE-2025-62231,X.Org
CVE-2025-62232,Apache Software Foundation
CVE-2025-62233,Apache Software Foundation
CVE-2025-62235,Apache Software Foundation
CVE-2025-62236,Frontier Airlines
CVE-2025-62237,Liferay
CVE-2025-62238,Liferay
CVE-2025-62239,Liferay
CVE-2025-62240,Liferay
CVE-2025-62241,Liferay
CVE-2025-62242,Liferay
CVE-2025-62243,Liferay
CVE-2025-62244,Liferay
CVE-2025-62245,Liferay
CVE-2025-62246,Liferay
CVE-2025-62247,Liferay
CVE-2025-62248,Liferay
CVE-2025-62249,Liferay
CVE-2025-62250,Liferay
CVE-2025-62251,Liferay
CVE-2025-62252,Liferay
CVE-2025-62253,Liferay
CVE-2025-62254,Liferay
CVE-2025-62255,Liferay
CVE-2025-62256,Liferay
CVE-2025-62257,Liferay
CVE-2025-62258,Liferay
CVE-2025-62259,Liferay
CVE-2025-62260,Liferay
CVE-2025-62261,Liferay
CVE-2025-62262,Liferay
CVE-2025-62263,Liferay
CVE-2025-62264,Liferay
CVE-2025-62265,Liferay
CVE-2025-62266,Liferay
CVE-2025-62267,Liferay
CVE-2025-62275,Liferay
CVE-2025-62276,Liferay
CVE-2025-62287,Oracle Corporation
CVE-2025-62288,Oracle Corporation
CVE-2025-62289,Oracle Corporation
CVE-2025-62290,Oracle Corporation
CVE-2025-62291,strongSwan
CVE-2025-62292,SonarSource
CVE-2025-62293,SOPlanning
CVE-2025-62294,SOPlanning
CVE-2025-62295,SOPlanning
CVE-2025-62296,SOPlanning
CVE-2025-62297,SOPlanning
CVE-2025-62299,HCL Software
CVE-2025-62300,HCL Software
CVE-2025-62305,HCL
CVE-2025-62306,HCL Software
CVE-2025-62307,HCL Software
CVE-2025-62308,HCL
CVE-2025-62309,HCL
CVE-2025-62310,HCL
CVE-2025-62311,HCL
CVE-2025-62312,HCL
CVE-2025-62313,HCL
CVE-2025-62314,HCL Software
CVE-2025-62315,HCL Software
CVE-2025-62316,HCL
CVE-2025-62317,HCL
CVE-2025-62318,HCL Software
CVE-2025-62319,HCL
CVE-2025-62320,HCL
CVE-2025-62326,HCLSoftware
CVE-2025-62327,HCLSoftware
CVE-2025-62328,HCLSoftware
CVE-2025-62329,HCL Software
CVE-2025-62330,HCL Software
CVE-2025-62338,HCLSoftware
CVE-2025-62340,HCL Software
CVE-2025-62341,HCLSoftware
CVE-2025-62342,HCL Software
CVE-2025-62343,HCL Software
CVE-2025-62345,HCL
CVE-2025-62346,HCL Software
CVE-2025-62347,HCL
CVE-2025-62348,Salt Project
CVE-2025-62349,Salt Project
CVE-2025-62353,Windsurf
CVE-2025-62354,cursor
CVE-2025-62356,Qodo
CVE-2025-62358,LabRedesCefetRJ
CVE-2025-62359,LabRedesCefetRJ
CVE-2025-62360,LabRedesCefetRJ
CVE-2025-62361,LabRedesCefetRJ
CVE-2025-62362,GPP-Woo
CVE-2025-62363,zheny-creator
CVE-2025-62364,oobabooga
CVE-2025-62365,librenms
CVE-2025-62366,eladnava
CVE-2025-62367,taigaio
CVE-2025-62368,taigaio
CVE-2025-62369,xibosignage
CVE-2025-62370,alloy-rs
CVE-2025-62371,opensearch-project
CVE-2025-62372,vllm-project
CVE-2025-62373,pipecat-ai
CVE-2025-62374,parse-community
CVE-2025-62375,in-toto
CVE-2025-62376,pwncollege
CVE-2025-62378,underctrl-io
CVE-2025-62379,reflex-dev
CVE-2025-62380,eladnava
CVE-2025-62381,ciscoheat
CVE-2025-62382,blakeblackshear
CVE-2025-62383,Ivanti
CVE-2025-62384,Ivanti
CVE-2025-62385,Ivanti
CVE-2025-62386,Ivanti
CVE-2025-62387,Ivanti
CVE-2025-62388,Ivanti
CVE-2025-62389,Ivanti
CVE-2025-62390,Ivanti
CVE-2025-62391,Ivanti
CVE-2025-62392,Ivanti
CVE-2025-62402,Apache Software Foundation
CVE-2025-62403,Canva
CVE-2025-62404,TP-Link Systems Inc.
CVE-2025-62405,TP-Link Systems Inc.
CVE-2025-62406,Piwigo
CVE-2025-62407,frappe
CVE-2025-62408,c-ares
CVE-2025-62409,envoyproxy
CVE-2025-62410,capricorn86
CVE-2025-62411,librenms
CVE-2025-62412,librenms
CVE-2025-62413,emqx
CVE-2025-62414,bagisto
CVE-2025-62415,bagisto
CVE-2025-62416,bagisto
CVE-2025-62417,bagisto
CVE-2025-62418,bagisto
CVE-2025-62419,dataease
CVE-2025-62420,dataease
CVE-2025-62421,dataease
CVE-2025-62422,dataease
CVE-2025-62423,MacWarrior
CVE-2025-62424,MacWarrior
CVE-2025-62425,element-hq
CVE-2025-62426,vllm-project
CVE-2025-62427,angular
CVE-2025-62428,Drawing-Captcha
CVE-2025-62429,MacWarrior
CVE-2025-62430,MacWarrior
CVE-2025-62439,Fortinet
CVE-2025-62449,Microsoft
CVE-2025-62452,Microsoft
CVE-2025-62453,Microsoft
CVE-2025-62454,Microsoft
CVE-2025-62455,Microsoft
CVE-2025-62456,Microsoft
CVE-2025-62457,Microsoft
CVE-2025-62458,Microsoft
CVE-2025-62459,Microsoft
CVE-2025-62461,Microsoft
CVE-2025-62462,Microsoft
CVE-2025-62463,Microsoft
CVE-2025-62464,Microsoft
CVE-2025-62465,Microsoft
CVE-2025-62466,Microsoft
CVE-2025-62467,Microsoft
CVE-2025-62468,Microsoft
CVE-2025-62469,Microsoft
CVE-2025-62470,Microsoft
CVE-2025-62472,Microsoft
CVE-2025-62473,Microsoft
CVE-2025-62474,Microsoft
CVE-2025-62475,Oracle Corporation
CVE-2025-62476,Oracle Corporation
CVE-2025-62477,Oracle Corporation
CVE-2025-62478,Oracle Corporation
CVE-2025-62479,Oracle Corporation
CVE-2025-62480,Oracle Corporation
CVE-2025-62481,Oracle Corporation
CVE-2025-62482,Zoom Communications Inc.
CVE-2025-62483,Zoom Communications Inc.
CVE-2025-62484,Zoom Communications Inc.
CVE-2025-62487,Palantir
CVE-2025-62490,QuickJS
CVE-2025-62491,QuickJS
CVE-2025-62492,QuickJS
CVE-2025-62493,QuickJS
CVE-2025-62494,QuickJS
CVE-2025-62495,QuickJS
CVE-2025-62496,QuickJS
CVE-2025-62497,Sony Corporation
CVE-2025-62498,AutomationDirect
CVE-2025-62499,Six Apart Ltd.
CVE-2025-62500,Canva
CVE-2025-62501,TP-Link Systems Inc.
CVE-2025-62503,Apache Software Foundation
CVE-2025-62504,envoyproxy
CVE-2025-62505,lobehub
CVE-2025-62506,minio
CVE-2025-62507,redis
CVE-2025-62508,StarCitizenTools
CVE-2025-62509,error311
CVE-2025-62510,error311
CVE-2025-62511,zheny-creator
CVE-2025-62512,Piwigo
CVE-2025-62513,openbao
CVE-2025-62514,Scille
CVE-2025-62515,marsupialtail
CVE-2025-62517,rollbar
CVE-2025-62518,astral-sh
CVE-2025-62519,thorsten
CVE-2025-62520,mantisbt
CVE-2025-62521,ChurchCRM
CVE-2025-62522,vitejs
CVE-2025-62523,THM-Health
CVE-2025-62524,THM-Health
CVE-2025-62525,openwrt
CVE-2025-62526,openwrt
CVE-2025-62527,remram44
CVE-2025-62528,remram44
CVE-2025-62549,Microsoft
CVE-2025-62550,Microsoft
CVE-2025-62552,Microsoft
CVE-2025-62553,Microsoft
CVE-2025-62554,Microsoft
CVE-2025-62555,Microsoft
CVE-2025-62556,Microsoft
CVE-2025-62557,Microsoft
CVE-2025-62558,Microsoft
CVE-2025-62559,Microsoft
CVE-2025-62560,Microsoft
CVE-2025-62561,Microsoft
CVE-2025-62562,Microsoft
CVE-2025-62563,Microsoft
CVE-2025-62564,Microsoft
CVE-2025-62565,Microsoft
CVE-2025-62567,Microsoft
CVE-2025-62569,Microsoft
CVE-2025-62570,Microsoft
CVE-2025-62571,Microsoft
CVE-2025-62572,Microsoft
CVE-2025-62573,Microsoft
CVE-2025-62575,Mirion Medical
CVE-2025-62577,Fsas Technologies Inc.
CVE-2025-62578,Delta Electronics
CVE-2025-62579,Delta Electronics
CVE-2025-62580,Delta Electronics
CVE-2025-62581,Delta Electronics
CVE-2025-62582,Delta Electronics
CVE-2025-62583,NAVER
CVE-2025-62584,NAVER
CVE-2025-62585,NAVER
CVE-2025-62586,OPEXUS
CVE-2025-62587,Oracle Corporation
CVE-2025-62588,Oracle Corporation
CVE-2025-62589,Oracle Corporation
CVE-2025-62590,Oracle Corporation
CVE-2025-62591,Oracle Corporation
CVE-2025-62592,Oracle Corporation
CVE-2025-62593,ray-project
CVE-2025-62594,ImageMagick
CVE-2025-62595,koajs
CVE-2025-62596,youki-dev
CVE-2025-62597,LabRedesCefetRJ
CVE-2025-62598,LabRedesCefetRJ
CVE-2025-62599,eProsima
CVE-2025-62600,eProsima
CVE-2025-62601,eProsima
CVE-2025-62602,eProsima
CVE-2025-62603,eProsima
CVE-2025-62604,metersphere
CVE-2025-62605,mastodon
CVE-2025-62606,My-Little-Forum
CVE-2025-62607,nautobot
CVE-2025-62608,ml-explore
CVE-2025-62609,ml-explore
CVE-2025-62610,honojs
CVE-2025-62611,aio-libs
CVE-2025-62612,labring
CVE-2025-62613,steveseguin
CVE-2025-62614,booklore-app
CVE-2025-62615,Significant-Gravitas
CVE-2025-62616,Significant-Gravitas
CVE-2025-62617,Admidio
CVE-2025-62618,ELOG
CVE-2025-62619,AMD
CVE-2025-62623,AMD
CVE-2025-62624,AMD
CVE-2025-62625,AMD
CVE-2025-62626,AMD
CVE-2025-62627,AMD
CVE-2025-62628,AMD
CVE-2025-62630,Advantech
CVE-2025-62631,Fortinet
CVE-2025-62641,Oracle Corporation
CVE-2025-62642,Restaurant Brands International
CVE-2025-62643,Restaurant Brands International
CVE-2025-62644,Restaurant Brands International
CVE-2025-62645,Restaurant Brands International
CVE-2025-62646,Restaurant Brands International
CVE-2025-62647,Restaurant Brands International
CVE-2025-62648,Restaurant Brands International
CVE-2025-62649,Restaurant Brands International
CVE-2025-62650,Restaurant Brands International
CVE-2025-62651,Restaurant Brands International
CVE-2025-62652,The Wikimedia Foundation
CVE-2025-62653,The Wikimedia Foundation
CVE-2025-62654,The Wikimedia Foundation
CVE-2025-62655,The Wikimedia Foundation
CVE-2025-62656,The Wikimedia Foundation
CVE-2025-62657,The Wikimedia Foundation
CVE-2025-62658,The Wikimedia Foundation
CVE-2025-62659,The Wikimedia Foundation
CVE-2025-62661,The Wikimedia Foundation
CVE-2025-62662,The Wikimedia Foundation
CVE-2025-62663,The Wikimedia Foundation
CVE-2025-62664,The Wikimedia Foundation
CVE-2025-62665,Wikimedia Foundation
CVE-2025-62666,The Wikimedia Foundation
CVE-2025-62667,The Wikimedia Foundation
CVE-2025-62668,The Wikimedia Foundation
CVE-2025-62669,The Wikimedia Foundation
CVE-2025-62670,The Wikimedia Foundation
CVE-2025-62671,The Wikimedia Foundation
CVE-2025-62672,boyns
CVE-2025-62673,TP-Link Systems Inc.
CVE-2025-62674,iCam365
CVE-2025-62675,Fortinet
CVE-2025-62676,Fortinet
CVE-2025-62687,LogStare Inc.
CVE-2025-62688,AutomationDirect
CVE-2025-62689,GNU Project
CVE-2025-62690,Mattermost
CVE-2025-62691,"Intercom, Inc."
CVE-2025-62693,The Wikimedia Foundation
CVE-2025-62694,The Wikimedia Foundation
CVE-2025-62695,The Wikimedia Foundation
CVE-2025-62696,The Wikimedia Foundation
CVE-2025-62697,The Wikimedia Foundation
CVE-2025-62698,The Wikimedia Foundation
CVE-2025-62699,The Wikimedia Foundation
CVE-2025-62700,The Wikimedia Foundation
CVE-2025-62701,The Wikimedia Foundation
CVE-2025-62702,The Wikimedia Foundation
CVE-2025-62703,fugue-project
CVE-2025-62705,openbao
CVE-2025-62706,authlib
CVE-2025-62707,py-pdf
CVE-2025-62708,py-pdf
CVE-2025-62709,MacWarrior
CVE-2025-62710,sakaiproject
CVE-2025-62711,bytecodealliance
CVE-2025-62712,jumpserver
CVE-2025-62713,kottster
CVE-2025-62714,karmada-io
CVE-2025-62715,MacWarrior
CVE-2025-62716,makeplane
CVE-2025-62717,emlog
CVE-2025-62718,axios
CVE-2025-62719,Kovah
CVE-2025-62720,Kovah
CVE-2025-62721,Kovah
CVE-2025-62722,Kovah
CVE-2025-62723,halfgaar
CVE-2025-62724,OSC
CVE-2025-62725,docker
CVE-2025-62726,n8n-io
CVE-2025-62727,Kludex
CVE-2025-62728,Apache Software Foundation
CVE-2025-62729,SOPlanning
CVE-2025-62730,SOPlanning
CVE-2025-62731,SOPlanning
CVE-2025-62733,ProteusThemes
CVE-2025-62734,M.Code
CVE-2025-62735,Joel
CVE-2025-62736,opicron
CVE-2025-62737,opicron
CVE-2025-62738,mmattax
CVE-2025-62739,SaifuMak
CVE-2025-62740,Mario Peshev
CVE-2025-62741,SmartDataSoft
CVE-2025-62742,Curator.io
CVE-2025-62743,zookatron
CVE-2025-62744,Chris Steman
CVE-2025-62745,PickPlugins
CVE-2025-62746,CodeFlavors
CVE-2025-62747,Aum Watcharapon
CVE-2025-62748,Genetech Products
CVE-2025-62749,Bainternet
CVE-2025-62750,Filipe Seabra
CVE-2025-62751,extendthemes
CVE-2025-62752,kalender.digital
CVE-2025-62753,MadrasThemes
CVE-2025-62754,Kapil Paul
CVE-2025-62755,GS Plugins
CVE-2025-62756,lvaudore
CVE-2025-62757,WebMan Design | Oliver Juhas
CVE-2025-62758,Funnelforms
CVE-2025-62759,Justin Tadlock
CVE-2025-62760,BuddyDev
CVE-2025-62761,BasePress
CVE-2025-62762,photoboxone
CVE-2025-62763,Zimbra
CVE-2025-62765,General Industrial Controls
CVE-2025-62771,Mercku
CVE-2025-62772,Mercku
CVE-2025-62773,Mercku
CVE-2025-62774,Mercku
CVE-2025-62775,Mercku
CVE-2025-62776,"Wireless Tsukamoto Co., Ltd."
CVE-2025-62777,PLANEX COMMUNICATIONS INC.
CVE-2025-62778,frappe
CVE-2025-62779,frappe
CVE-2025-62780,dgtlmoon
CVE-2025-62781,THM-Health
CVE-2025-62782,Phoenix616
CVE-2025-62783,Phoenix616
CVE-2025-62784,Phoenix616
CVE-2025-62785,wazuh
CVE-2025-62786,wazuh
CVE-2025-62787,wazuh
CVE-2025-62788,wazuh
CVE-2025-62789,wazuh
CVE-2025-62790,wazuh
CVE-2025-62791,wazuh
CVE-2025-62792,wazuh
CVE-2025-62793,elabftw
CVE-2025-62794,RichardoC
CVE-2025-62795,jumpserver
CVE-2025-62796,PrivateBin
CVE-2025-62797,rathena
CVE-2025-62798,code16
CVE-2025-62799,eProsima
CVE-2025-62800,jlowin
CVE-2025-62801,jlowin
CVE-2025-62802,dnnsoftware
CVE-2025-62820,Slack
CVE-2025-62826,Fortinet
CVE-2025-62840,QNAP Systems Inc.
CVE-2025-62842,QNAP Systems Inc.
CVE-2025-62843,QNAP Systems Inc.
CVE-2025-62844,QNAP Systems Inc.
CVE-2025-62845,QNAP Systems Inc.
CVE-2025-62846,QNAP Systems Inc.
CVE-2025-62847,QNAP Systems Inc.
CVE-2025-62848,QNAP Systems Inc.
CVE-2025-62849,QNAP Systems Inc.
CVE-2025-62850,QNAP Systems Inc.
CVE-2025-62851,QNAP Systems Inc.
CVE-2025-62852,QNAP Systems Inc.
CVE-2025-62853,QNAP Systems Inc.
CVE-2025-62854,QNAP Systems Inc.
CVE-2025-62855,QNAP Systems Inc.
CVE-2025-62856,QNAP Systems Inc.
CVE-2025-62857,QNAP Systems Inc.
CVE-2025-62858,QNAP Systems Inc.
CVE-2025-62865,Evan Herman
CVE-2025-62866,Valerio Monti
CVE-2025-62867,ergonet
CVE-2025-62868,Edge-Themes
CVE-2025-62869,Gravitec.net - Web Push Notifications
CVE-2025-62870,Eupago
CVE-2025-62871,Alex Prokopenko / JustCoded
CVE-2025-62872,JK
CVE-2025-62873,Flashyapp
CVE-2025-62874,Alexander
CVE-2025-62875,SUSE
CVE-2025-62876,SUSE
CVE-2025-62877,SUSE
CVE-2025-62878,SUSE
CVE-2025-62879,SUSE
CVE-2025-62880,Kunal
CVE-2025-62881,WP Lab
CVE-2025-62882,Craig Hewitt
CVE-2025-62883,Premmerce
CVE-2025-62884,Elliot Sowersby / RelyWP
CVE-2025-62885,RexTheme
CVE-2025-62886,wpdevart
CVE-2025-62887,KingAddons.com
CVE-2025-62888,Marco Milesi
CVE-2025-62889,KingAddons.com
CVE-2025-62890,Premmerce
CVE-2025-62891,Jory Hogeveen
CVE-2025-62892,sunshinephotocart
CVE-2025-62894,magicoders
CVE-2025-62895,Vito Peleg
CVE-2025-62896,digitaldonkey
CVE-2025-62897,Brecht
CVE-2025-62898,Maarten
CVE-2025-62899,THRIVE - Web Design Gold Coast
CVE-2025-62900,WeblineIndia
CVE-2025-62901,tormorten
CVE-2025-62902,ThemeHunk
CVE-2025-62903,WPClever
CVE-2025-62904,Ben Huson
CVE-2025-62905,Justin Tadlock
CVE-2025-62906,epiphanyit321
CVE-2025-62907,aviplugins.com
CVE-2025-62909,mrityunjay
CVE-2025-62910,deshine
CVE-2025-62911,Rock Content
CVE-2025-62912,SiteGround
CVE-2025-62913,wpopal
CVE-2025-62914,anibalwainstein
CVE-2025-62915,clicksend
CVE-2025-62916,Travon WP
CVE-2025-62917,Jamel.Z
CVE-2025-62918,ignitionwp
CVE-2025-62919,themeshopy
CVE-2025-62920,webnique
CVE-2025-62921,Pagup
CVE-2025-62922,Shambhu Patnaik
CVE-2025-62923,Debuggers Studio
CVE-2025-62924,PickPlugins
CVE-2025-62925,Conversios
CVE-2025-62926,HappyDevs
CVE-2025-62927,Nelio Software
CVE-2025-62928,Joby Joseph
CVE-2025-62929,PickPlugins
CVE-2025-62930,RomanCode
CVE-2025-62931,microsoftstart
CVE-2025-62932,wprio
CVE-2025-62933,Prakash
CVE-2025-62934,Mejar
CVE-2025-62935,StackWC
CVE-2025-62936,Jthemes
CVE-2025-62937,Johnny
CVE-2025-62938,Reoon Technology
CVE-2025-62939,Joe
CVE-2025-62940,Nick Diego
CVE-2025-62941,dFactory
CVE-2025-62942,tempranova
CVE-2025-62943,Matt McInvale
CVE-2025-62944,Mark O'Donnell
CVE-2025-62945,Eduard Pinuaga Linares
CVE-2025-62946,everestthemes
CVE-2025-62947,publitio
CVE-2025-62948,Konstantin Pankratov
CVE-2025-62949,BuddyDev
CVE-2025-62950,Wasiliy Strecker / ContestGallery developer
CVE-2025-62951,icc0rz
CVE-2025-62952,QuantumCloud
CVE-2025-62953,info@welcart
CVE-2025-62954,rsocial
CVE-2025-62955,HappyDevs
CVE-2025-62956,iseremet
CVE-2025-62957,NikanWP
CVE-2025-62958,Clifton Griffin
CVE-2025-62959,videowhisper
CVE-2025-62960,sparklewpthemes
CVE-2025-62961,sparklewpthemes
CVE-2025-62962,Andrea Landonio
CVE-2025-62963,Estatik
CVE-2025-62964,RealMag777
CVE-2025-62965,wpseek
CVE-2025-62966,Apiki
CVE-2025-62967,Designinvento
CVE-2025-62968,Sayan Datta
CVE-2025-62969,XLPlugins
CVE-2025-62970,Spencer Haws
CVE-2025-62971,CrestaProject
CVE-2025-62972,WPWebinarSystem
CVE-2025-62973,Themekraft
CVE-2025-62974,CoSchedule
CVE-2025-62975,raychat
CVE-2025-62976,Joovii
CVE-2025-62977,沃之涛
CVE-2025-62978,Kiotviet
CVE-2025-62979,airesvsg
CVE-2025-62980,MDZ
CVE-2025-62981,CRM Perks
CVE-2025-62982,Sarah Giles
CVE-2025-62983,Sudar Muthu
CVE-2025-62984,WPeka
CVE-2025-62985,llamaman
CVE-2025-62986,FanBridge
CVE-2025-62987,Builderall
CVE-2025-62988,Codeless
CVE-2025-62989,Gora Tech
CVE-2025-62990,livemesh
CVE-2025-62991,thinkupthemes
CVE-2025-62992,everestthemes
CVE-2025-62993,rainafarai
CVE-2025-62994,WP Messiah
CVE-2025-62995,multiparcels
CVE-2025-62996,Code Amp
CVE-2025-62997,levelfourdevelopment
CVE-2025-62998,WP Messiah
CVE-2025-62999,themezaa
CVE-2025-63000,wpforchurch
CVE-2025-63001,nicdark
CVE-2025-63002,wpforchurch
CVE-2025-63003,fuelthemes
CVE-2025-63004,Skynet Technologies USA LLC
CVE-2025-63005,Tomas
CVE-2025-63006,Metagauss
CVE-2025-63007,Metagauss
CVE-2025-63008,weDevs
CVE-2025-63009,yuvalo
CVE-2025-63010,ThemesInflow
CVE-2025-63011,ThimPress
CVE-2025-63012,ThimPress
CVE-2025-63013,ThimPress
CVE-2025-63014,Serhii Pasyuk
CVE-2025-63015,paysera
CVE-2025-63016,quadlayers
CVE-2025-63017,fuelthemes
CVE-2025-63018,wproyal
CVE-2025-63019,Johan Jonk Stenström
CVE-2025-63020,Wayne Allen
CVE-2025-63021,codetipi
CVE-2025-63022,topdevs.net
CVE-2025-63023,Easy Payment
CVE-2025-63024,tychesoftwares
CVE-2025-63025,Xagio SEO
CVE-2025-63026,ThemeGoods
CVE-2025-63027,webcreations907
CVE-2025-63028,shinetheme
CVE-2025-63029,WC Lovers
CVE-2025-63030,Saad Iqbal
CVE-2025-63031,WP Grids
CVE-2025-63032,thinkupthemes
CVE-2025-63033,Riyadh Ahmed
CVE-2025-63034,Steve Truman
CVE-2025-63035,VibeThemes
CVE-2025-63036,DFDevelopment
CVE-2025-63037,DFDevelopment
CVE-2025-63038,Northern Beaches Websites
CVE-2025-63039,CridioStudio
CVE-2025-63040,Saad Iqbal
CVE-2025-63041,Code Amp
CVE-2025-63042,Themeum
CVE-2025-63043,PickPlugins
CVE-2025-63044,Xpro
CVE-2025-63045,averta
CVE-2025-63046,CridioStudio
CVE-2025-63047,CridioStudio
CVE-2025-63048,CridioStudio
CVE-2025-63049,CridioStudio
CVE-2025-63050,sizam
CVE-2025-63051,sizam
CVE-2025-63052,GalleryCreator
CVE-2025-63053,Liton Arefin
CVE-2025-63054,ExpressTech Systems
CVE-2025-63055,Liton Arefin
CVE-2025-63056,bestwebsoft
CVE-2025-63057,Roxnor
CVE-2025-63058,Hiroaki Miyashita
CVE-2025-63059,arscode
CVE-2025-63060,hogash
CVE-2025-63061,hogash
CVE-2025-63062,AndonDesign
CVE-2025-63063,Yandex Metrika
CVE-2025-63064,ashanjay
CVE-2025-63065,David Lingren
CVE-2025-63066,p-themes
CVE-2025-63067,p-themes
CVE-2025-63068,sevenspark
CVE-2025-63069,Vinod Dalvi
CVE-2025-63070,Shahjada
CVE-2025-63071,averta
CVE-2025-63072,THEMECO
CVE-2025-63073,Dream-Theme
CVE-2025-63074,Dream-Theme
CVE-2025-63075,muffingroup
CVE-2025-63076,Dream-Theme
CVE-2025-63077,HappyMonster
CVE-2025-63078,jetmonsters
CVE-2025-63079,bdthemes
CVE-2025-63080,KAON
CVE-2025-63082,Joomla! Project
CVE-2025-63083,Joomla! Project
CVE-2025-63675,cryptidy
CVE-2025-64090,Zenitel
CVE-2025-64091,Zenitel
CVE-2025-64092,Zenitel
CVE-2025-64093,Zenitel
CVE-2025-64094,dnnsoftware
CVE-2025-64095,dnnsoftware
CVE-2025-64096,nasa
CVE-2025-64097,nerves-hub
CVE-2025-64098,eProsima
CVE-2025-64099,OpenIdentityPlatform
CVE-2025-64100,ckan
CVE-2025-64101,zitadel
CVE-2025-64102,zitadel
CVE-2025-64103,zitadel
CVE-2025-64104,langchain-ai
CVE-2025-64105,FOSSBilling
CVE-2025-64106,cursor
CVE-2025-64107,cursor
CVE-2025-64108,cursor
CVE-2025-64109,cursor
CVE-2025-64110,cursor
CVE-2025-64111,gogs
CVE-2025-64112,statamic
CVE-2025-64113,EmbySupport
CVE-2025-64114,MacWarrior
CVE-2025-64115,leepeuker
CVE-2025-64116,leepeuker
CVE-2025-64117,Enalean
CVE-2025-64118,isaacs
CVE-2025-64119,Nuvation Energy
CVE-2025-64120,Nuvation Energy
CVE-2025-64121,Nuvation Energy
CVE-2025-64122,Nuvation Energy
CVE-2025-64123,Nuvation Energy
CVE-2025-64124,Nuvation Energy
CVE-2025-64125,Nuvation Energy
CVE-2025-64126,Zenitel
CVE-2025-64127,Zenitel
CVE-2025-64128,Zenitel
CVE-2025-64129,Zenitel
CVE-2025-64130,Zenitel
CVE-2025-64131,Jenkins Project
CVE-2025-64132,Jenkins Project
CVE-2025-64133,Jenkins Project
CVE-2025-64134,Jenkins Project
CVE-2025-64135,Jenkins Project
CVE-2025-64136,Jenkins Project
CVE-2025-64137,Jenkins Project
CVE-2025-64138,Jenkins Project
CVE-2025-64139,Jenkins Project
CVE-2025-64140,Jenkins Project
CVE-2025-64141,Jenkins Project
CVE-2025-64142,Jenkins Project
CVE-2025-64143,Jenkins Project
CVE-2025-64144,Jenkins Project
CVE-2025-64145,Jenkins Project
CVE-2025-64146,Jenkins Project
CVE-2025-64147,Jenkins Project
CVE-2025-64148,Jenkins Project
CVE-2025-64149,Jenkins Project
CVE-2025-64150,Jenkins Project
CVE-2025-64151,Roboticsware PTE. LTD.
CVE-2025-64152,Apache Software Foundation
CVE-2025-64153,Fortinet
CVE-2025-64155,Fortinet
CVE-2025-64156,Fortinet
CVE-2025-64157,Fortinet
CVE-2025-64163,dataease
CVE-2025-64164,dataease
CVE-2025-64166,mercurius-js
CVE-2025-64167,Combodo
CVE-2025-64168,agno-agi
CVE-2025-64169,wazuh
CVE-2025-64170,trifectatechfoundation
CVE-2025-64171,3scale-sre
CVE-2025-64173,apollographql
CVE-2025-64174,OpenMage
CVE-2025-64175,gogs
CVE-2025-64176,MatiasDesuu
CVE-2025-64177,MatiasDesuu
CVE-2025-64178,jon4hz
CVE-2025-64179,treeverse
CVE-2025-64180,Manager-io
CVE-2025-64181,AcademySoftwareFoundation
CVE-2025-64182,AcademySoftwareFoundation
CVE-2025-64183,AcademySoftwareFoundation
CVE-2025-64184,webcomics
CVE-2025-64185,OSC
CVE-2025-64186,evervault
CVE-2025-64187,OctoPrint
CVE-2025-64188,PenciDesign
CVE-2025-64189,8theme
CVE-2025-64190,8theme
CVE-2025-64191,8theme
CVE-2025-64192,8theme
CVE-2025-64193,8theme
CVE-2025-64194,ThimPress
CVE-2025-64195,ThimPress
CVE-2025-64196,Pluggabl
CVE-2025-64197,sizam
CVE-2025-64198,appscreo
CVE-2025-64199,WpEstate
CVE-2025-64200,VillaTheme
CVE-2025-64201,blubrry
CVE-2025-64202,TieLabs
CVE-2025-64203,EverPress
CVE-2025-64204,ThemeSphere
CVE-2025-64205,TieLabs
CVE-2025-64206,TieLabs
CVE-2025-64207,TieLabs
CVE-2025-64208,TieLabs
CVE-2025-64209,StylemixThemes
CVE-2025-64210,StylemixThemes
CVE-2025-64211,StylemixThemes
CVE-2025-64212,StylemixThemes
CVE-2025-64213,StylemixThemes
CVE-2025-64214,StylemixThemes
CVE-2025-64215,StylemixThemes
CVE-2025-64216,ThemeSphere
CVE-2025-64217,ThemeGoods
CVE-2025-64218,WP Chill
CVE-2025-64219,Strategy11 Team
CVE-2025-64220,ReyCommerce
CVE-2025-64221,designthemes
CVE-2025-64222,FantasticPlugins
CVE-2025-64223,PenciDesign
CVE-2025-64224,ThemeGoods
CVE-2025-64225,colabrio
CVE-2025-64226,colabrio
CVE-2025-64227,BoldGrid
CVE-2025-64228,FantasticPlugins
CVE-2025-64229,BoldGrid
CVE-2025-64230,WP Chill
CVE-2025-64231,RedefiningTheWeb
CVE-2025-64232,icopydoc
CVE-2025-64233,BoldThemes
CVE-2025-64234,Evergreen Content Poster
CVE-2025-64235,AmentoTech
CVE-2025-64236,AmentoTech
CVE-2025-64237,Graham
CVE-2025-64238,NicolasKulka
CVE-2025-64239,Yoav Farhi
CVE-2025-64240,freshchat
CVE-2025-64241,Imtiaz Rayhan
CVE-2025-64242,Merv Barrett
CVE-2025-64243,e-plugins
CVE-2025-64244,"Codexpert, Inc"
CVE-2025-64245,ryanpcmcquen
CVE-2025-64246,netopsae
CVE-2025-64247,edmon.parker
CVE-2025-64248,emarket-design
CVE-2025-64249,WP-EXPERTS.IN
CVE-2025-64250,wpWax
CVE-2025-64251,azzaroco
CVE-2025-64252,Marco Milesi
CVE-2025-64253,WordPress.org
CVE-2025-64254,Ronald Huereca
CVE-2025-64255,Bowo
CVE-2025-64256,PressTigers
CVE-2025-64257,Joe Dolson
CVE-2025-64258,wpweb
CVE-2025-64259,Jeroen Schmit
CVE-2025-64260,Marco Milesi
CVE-2025-64261,codepeople
CVE-2025-64262,ramon fincken
CVE-2025-64263,PluginEver
CVE-2025-64264,Aman
CVE-2025-64265,N-Media
CVE-2025-64266,magepeopleteam
CVE-2025-64267,WPSwings
CVE-2025-64268,Arraytics
CVE-2025-64269,EDGARROJAS
CVE-2025-64270,masteriyo
CVE-2025-64271,HasThemes
CVE-2025-64272,GetResponse
CVE-2025-64273,GetResponse
CVE-2025-64274,wpkoithemes
CVE-2025-64275,wpdevelop
CVE-2025-64276,Ays Pro
CVE-2025-64277,QuantumCloud
CVE-2025-64282,RadiusTheme
CVE-2025-64283,Rometheme
CVE-2025-64284,Majestic Support
CVE-2025-64285,Premmerce
CVE-2025-64286,WpEstate
CVE-2025-64287,Edge-Themes
CVE-2025-64288,Premmerce
CVE-2025-64289,Premmerce
CVE-2025-64290,Premmerce
CVE-2025-64291,Premmerce
CVE-2025-64292,PascalBajorat
CVE-2025-64293,Golemiq
CVE-2025-64294,d3wp
CVE-2025-64295,Syed Balkhi
CVE-2025-64296,Facebook
CVE-2025-64298,Mirion Medical
CVE-2025-64299,LogStare Inc.
CVE-2025-64301,Canva
CVE-2025-64302,Advantech
CVE-2025-64304,"Fuji Television Network, Inc."
CVE-2025-64305,Columbia Weather Systems
CVE-2025-64307,Brightpick AI
CVE-2025-64308,Brightpick AI
CVE-2025-64309,Brightpick AI
CVE-2025-64310,SEIKO EPSON CORPORATION
CVE-2025-64311,Huawei
CVE-2025-64312,Huawei
CVE-2025-64313,Huawei
CVE-2025-64314,Huawei
CVE-2025-64315,Huawei
CVE-2025-64318,Salesforce
CVE-2025-64319,Salesforce
CVE-2025-64320,Salesforce
CVE-2025-64321,Salesforce
CVE-2025-64322,Salesforce
CVE-2025-64323,kgateway-dev
CVE-2025-64324,kubevirt
CVE-2025-64325,EmbySupport
CVE-2025-64326,WeblateOrg
CVE-2025-64327,MatiasDesuu
CVE-2025-64328,FreePBX
CVE-2025-64329,containerd
CVE-2025-64330,OISF
CVE-2025-64331,OISF
CVE-2025-64332,OISF
CVE-2025-64333,OISF
CVE-2025-64334,OISF
CVE-2025-64335,OISF
CVE-2025-64336,MacWarrior
CVE-2025-64338,MacWarrior
CVE-2025-64339,MacWarrior
CVE-2025-64340,jlowin
CVE-2025-64342,espressif
CVE-2025-64343,conda
CVE-2025-64344,OISF
CVE-2025-64345,bytecodealliance
CVE-2025-64346,jaredallard
CVE-2025-64347,apollographql
CVE-2025-64348,ELOG
CVE-2025-64349,ELOG
CVE-2025-64350,Rank Math SEO
CVE-2025-64351,Rank Math SEO
CVE-2025-64352,WPDeveloper
CVE-2025-64353,Chouby
CVE-2025-64354,Matias Ventura
CVE-2025-64355,Crocoblock
CVE-2025-64356,f1logic
CVE-2025-64357,Younes JFR.
CVE-2025-64358,WebToffee
CVE-2025-64359,StylemixThemes
CVE-2025-64360,StylemixThemes
CVE-2025-64361,StylemixThemes
CVE-2025-64362,SeventhQueen
CVE-2025-64363,SeventhQueen
CVE-2025-64364,StylemixThemes
CVE-2025-64365,colabrio
CVE-2025-64366,Stylemix
CVE-2025-64367,Adrian Tobey
CVE-2025-64368,Mikado-Themes
CVE-2025-64369,codepeople
CVE-2025-64370,YOP
CVE-2025-64371,shinetheme
CVE-2025-64372,shinetheme
CVE-2025-64373,shinetheme
CVE-2025-64374,StylemixThemes
CVE-2025-64375,Mahmudul Hasan Arif
CVE-2025-64376,CridioStudio
CVE-2025-64377,CridioStudio
CVE-2025-64378,CridioStudio
CVE-2025-64379,Pluggabl
CVE-2025-64380,Pluggabl
CVE-2025-64381,wpdevelop
CVE-2025-64382,WebToffee
CVE-2025-64383,Qode
CVE-2025-64384,jetmonsters
CVE-2025-64385,Circutor
CVE-2025-64386,Circutor
CVE-2025-64387,Circutor
CVE-2025-64388,Circutor
CVE-2025-64389,Circutor
CVE-2025-64390,Sony
CVE-2025-64400,Palantir
CVE-2025-64401,Apache Software Foundation
CVE-2025-64402,Apache Software Foundation
CVE-2025-64403,Apache Software Foundation
CVE-2025-64404,Apache Software Foundation
CVE-2025-64405,Apache Software Foundation
CVE-2025-64406,Apache Software Foundation
CVE-2025-64407,Apache Software Foundation
CVE-2025-64408,Apache Software Foundation
CVE-2025-64419,coollabsio
CVE-2025-64420,coollabsio
CVE-2025-64421,coollabsio
CVE-2025-64422,coollabsio
CVE-2025-64423,coollabsio
CVE-2025-64424,coollabsio
CVE-2025-64425,coollabsio
CVE-2025-64427,IceWhaleTech
CVE-2025-64428,dataease
CVE-2025-64429,duckdb
CVE-2025-64430,parse-community
CVE-2025-64431,zitadel
CVE-2025-64432,kubevirt
CVE-2025-64433,kubevirt
CVE-2025-64434,kubevirt
CVE-2025-64435,kubevirt
CVE-2025-64436,kubevirt
CVE-2025-64437,kubevirt
CVE-2025-64438,eProsima
CVE-2025-64439,langchain-ai
CVE-2025-64442,humhub
CVE-2025-64443,docker
CVE-2025-64444,Sony Network Communications Inc.
CVE-2025-64446,Fortinet
CVE-2025-64447,Fortinet
CVE-2025-64456,JetBrains
CVE-2025-64457,JetBrains
CVE-2025-64458,djangoproject
CVE-2025-64459,djangoproject
CVE-2025-64460,djangoproject
CVE-2025-64461,NI
CVE-2025-64462,NI
CVE-2025-64463,NI
CVE-2025-64464,NI
CVE-2025-64465,NI
CVE-2025-64466,NI
CVE-2025-64467,NI
CVE-2025-64468,NI
CVE-2025-64469,NI
CVE-2025-64471,Fortinet
CVE-2025-64481,simonw
CVE-2025-64482,Enalean
CVE-2025-64483,wazuh
CVE-2025-64484,oauth2-proxy
CVE-2025-64485,cvat-ai
CVE-2025-64486,kovidgoyal
CVE-2025-64487,outline
CVE-2025-64488,SuiteCRM
CVE-2025-64489,SuiteCRM
CVE-2025-64490,SuiteCRM
CVE-2025-64491,SuiteCRM
CVE-2025-64492,SuiteCRM
CVE-2025-64493,SuiteCRM
CVE-2025-64494,charmbracelet
CVE-2025-64495,open-webui
CVE-2025-64496,open-webui
CVE-2025-64497,Enalean
CVE-2025-64498,Enalean
CVE-2025-64499,Enalean
CVE-2025-64500,symfony
CVE-2025-64501,etaminstudio
CVE-2025-64502,parse-community
CVE-2025-64503,OpenPrinting
CVE-2025-64504,langfuse
CVE-2025-64505,pnggroup
CVE-2025-64506,pnggroup
CVE-2025-64507,lxc
CVE-2025-64508,bugsink
CVE-2025-64509,bugsink
CVE-2025-64511,1Panel-dev
CVE-2025-64512,pdfminer
CVE-2025-64513,milvus-io
CVE-2025-64515,open-formulieren
CVE-2025-64516,glpi-project
CVE-2025-64517,trifectatechfoundation
CVE-2025-64518,CycloneDX
CVE-2025-64519,torrentpier
CVE-2025-64520,glpi-project
CVE-2025-64521,goauthentik
CVE-2025-64522,charmbracelet
CVE-2025-64523,filebrowser
CVE-2025-64524,OpenPrinting
CVE-2025-64525,withastro
CVE-2025-64526,strapi
CVE-2025-64527,envoyproxy
CVE-2025-64528,discourse
CVE-2025-64529,authzed
CVE-2025-64530,apollographql
CVE-2025-64531,Adobe
CVE-2025-64537,Adobe
CVE-2025-64538,Adobe
CVE-2025-64539,Adobe
CVE-2025-64541,Adobe
CVE-2025-64543,Adobe
CVE-2025-64544,Adobe
CVE-2025-64545,Adobe
CVE-2025-64546,Adobe
CVE-2025-64547,Adobe
CVE-2025-64548,Adobe
CVE-2025-64549,Adobe
CVE-2025-64550,Adobe
CVE-2025-64551,Adobe
CVE-2025-64553,Adobe
CVE-2025-64554,Adobe
CVE-2025-64555,Adobe
CVE-2025-64556,Adobe
CVE-2025-64557,Adobe
CVE-2025-64558,Adobe
CVE-2025-64559,Adobe
CVE-2025-64560,Adobe
CVE-2025-64562,Adobe
CVE-2025-64563,Adobe
CVE-2025-64564,Adobe
CVE-2025-64565,Adobe
CVE-2025-64566,Adobe
CVE-2025-64569,Adobe
CVE-2025-64572,Adobe
CVE-2025-64574,Adobe
CVE-2025-64575,Adobe
CVE-2025-64576,Adobe
CVE-2025-64577,Adobe
CVE-2025-64578,Adobe
CVE-2025-64579,Adobe
CVE-2025-64580,Adobe
CVE-2025-64581,Adobe
CVE-2025-64582,Adobe
CVE-2025-64583,Adobe
CVE-2025-64585,Adobe
CVE-2025-64586,Adobe
CVE-2025-64590,Adobe
CVE-2025-64591,Adobe
CVE-2025-64592,Adobe
CVE-2025-64593,Adobe
CVE-2025-64594,Adobe
CVE-2025-64596,Adobe
CVE-2025-64597,Adobe
CVE-2025-64598,Adobe
CVE-2025-64599,Adobe
CVE-2025-64600,Adobe
CVE-2025-64601,Adobe
CVE-2025-64602,Adobe
CVE-2025-64603,Adobe
CVE-2025-64604,Adobe
CVE-2025-64605,Adobe
CVE-2025-64606,Adobe
CVE-2025-64607,Adobe
CVE-2025-64609,Adobe
CVE-2025-64611,Adobe
CVE-2025-64612,Adobe
CVE-2025-64613,Adobe
CVE-2025-64614,Adobe
CVE-2025-64615,Adobe
CVE-2025-64616,Adobe
CVE-2025-64619,Adobe
CVE-2025-64620,Adobe
CVE-2025-64622,Adobe
CVE-2025-64623,Adobe
CVE-2025-64626,Adobe
CVE-2025-64627,Adobe
CVE-2025-64630,Strategy11 Team
CVE-2025-64631,WC Lovers
CVE-2025-64632,Auctollo
CVE-2025-64633,colabrio
CVE-2025-64634,ThemeFusion
CVE-2025-64635,Syed Balkhi
CVE-2025-64636,rhewlif
CVE-2025-64637,Opal_WP
CVE-2025-64638,OnPay.io
CVE-2025-64639,WP Compress
CVE-2025-64641,Mattermost
CVE-2025-64642,Mirion Medical
CVE-2025-64645,IBM
CVE-2025-64646,IBM
CVE-2025-64647,IBM
CVE-2025-64648,IBM
CVE-2025-64649,IBM
CVE-2025-64650,IBM
CVE-2025-64655,Microsoft
CVE-2025-64656,Microsoft
CVE-2025-64657,Microsoft
CVE-2025-64658,Microsoft
CVE-2025-64660,Microsoft
CVE-2025-64661,Microsoft
CVE-2025-64663,Microsoft
CVE-2025-64666,Microsoft
CVE-2025-64667,Microsoft
CVE-2025-64669,Microsoft
CVE-2025-64670,Microsoft
CVE-2025-64671,Microsoft
CVE-2025-64672,Microsoft
CVE-2025-64673,Microsoft
CVE-2025-64675,Microsoft
CVE-2025-64676,Microsoft
CVE-2025-64677,Microsoft
CVE-2025-64678,Microsoft
CVE-2025-64679,Microsoft
CVE-2025-64680,Microsoft
CVE-2025-64681,JetBrains
CVE-2025-64682,JetBrains
CVE-2025-64683,JetBrains
CVE-2025-64684,JetBrains
CVE-2025-64685,JetBrains
CVE-2025-64691,AVEVA
CVE-2025-64693,"Intercom, Inc."
CVE-2025-64695,LogStare Inc.
CVE-2025-64696,"Brother Industries, Ltd."
CVE-2025-64700,"GROWI, Inc."
CVE-2025-64701,QualitySoft Corporation
CVE-2025-64702,quic-go
CVE-2025-64703,1Panel-dev
CVE-2025-64704,bytecodealliance
CVE-2025-64705,frappe
CVE-2025-64706,baptisteArno
CVE-2025-64707,frappe
CVE-2025-64708,goauthentik
CVE-2025-64709,baptisteArno
CVE-2025-64710,bitfoundation
CVE-2025-64711,PrivateBin
CVE-2025-64712,Unstructured-IO
CVE-2025-64713,bytecodealliance
CVE-2025-64714,PrivateBin
CVE-2025-64715,cilium
CVE-2025-64716,TecharoHQ
CVE-2025-64717,zitadel
CVE-2025-64718,nodeca
CVE-2025-64719,gogs
CVE-2025-64720,pnggroup
CVE-2025-64721,sandboxie-plus
CVE-2025-64723,arduino
CVE-2025-64724,arduino
CVE-2025-64725,WeblateOrg
CVE-2025-64726,SocketDev
CVE-2025-64729,AVEVA
CVE-2025-64730,Sony Corporation
CVE-2025-64733,Canva
CVE-2025-64734,Gallagher
CVE-2025-64735,Canva
CVE-2025-64736,The Biosig Project
CVE-2025-64738,Zoom Communications Inc.
CVE-2025-64739,Zoom Communications Inc.
CVE-2025-64740,Zoom Communications Inc.
CVE-2025-64741,Zoom Communications Inc.
CVE-2025-64744,openobserve
CVE-2025-64745,withastro
CVE-2025-64746,directus
CVE-2025-64747,directus
CVE-2025-64748,directus
CVE-2025-64749,directus
CVE-2025-64750,sylabs
CVE-2025-64751,openfga
CVE-2025-64752,gristlabs
CVE-2025-64753,gristlabs
CVE-2025-64754,jitsi
CVE-2025-64755,anthropics
CVE-2025-64756,isaacs
CVE-2025-64757,withastro
CVE-2025-64758,DependencyTrack
CVE-2025-64759,homarr-labs
CVE-2025-64760,Enalean
CVE-2025-64761,openbao
CVE-2025-64762,workos
CVE-2025-64763,envoyproxy
CVE-2025-64764,withastro
CVE-2025-64765,withastro
CVE-2025-64766,NixOS
CVE-2025-64767,dajiaji
CVE-2025-64769,AVEVA
CVE-2025-64770,iCam365
CVE-2025-64772,Sony Corporation
CVE-2025-64773,JetBrains
CVE-2025-64775,Apache Software Foundation
CVE-2025-64776,Canva
CVE-2025-64778,Mirion Medical
CVE-2025-64781,"Japan Total System Co.,Ltd."
CVE-2025-64783,Adobe
CVE-2025-64784,Adobe
CVE-2025-64785,Adobe
CVE-2025-64786,Adobe
CVE-2025-64787,Adobe
CVE-2025-64789,Adobe
CVE-2025-64790,Adobe
CVE-2025-64791,Adobe
CVE-2025-64792,Adobe
CVE-2025-64793,Adobe
CVE-2025-64794,Adobe
CVE-2025-64796,Adobe
CVE-2025-64797,Adobe
CVE-2025-64799,Adobe
CVE-2025-64800,Adobe
CVE-2025-64801,Adobe
CVE-2025-64802,Adobe
CVE-2025-64803,Adobe
CVE-2025-64804,Adobe
CVE-2025-64808,Adobe
CVE-2025-64814,Adobe
CVE-2025-64817,Adobe
CVE-2025-64820,Adobe
CVE-2025-64821,Adobe
CVE-2025-64822,Adobe
CVE-2025-64823,Adobe
CVE-2025-64825,Adobe
CVE-2025-64826,Adobe
CVE-2025-64827,Adobe
CVE-2025-64829,Adobe
CVE-2025-64833,Adobe
CVE-2025-64839,Adobe
CVE-2025-64840,Adobe
CVE-2025-64841,Adobe
CVE-2025-64845,Adobe
CVE-2025-64847,Adobe
CVE-2025-64850,Adobe
CVE-2025-64852,Adobe
CVE-2025-64853,Adobe
CVE-2025-64857,Adobe
CVE-2025-64858,Adobe
CVE-2025-64861,Adobe
CVE-2025-64863,Adobe
CVE-2025-64869,Adobe
CVE-2025-64872,Adobe
CVE-2025-64873,Adobe
CVE-2025-64875,Adobe
CVE-2025-64881,Adobe
CVE-2025-64887,Adobe
CVE-2025-64888,Adobe
CVE-2025-64893,Adobe
CVE-2025-64894,Adobe
CVE-2025-64896,Adobe
CVE-2025-64897,Adobe
CVE-2025-64898,Adobe
CVE-2025-64899,Adobe
CVE-2025-64983,SwitchBot
CVE-2025-64984,Kaspersky
CVE-2025-64986,TeamViewer
CVE-2025-64987,TeamViewer
CVE-2025-64988,TeamViewer
CVE-2025-64989,TeamViewer
CVE-2025-64990,TeamViewer
CVE-2025-64991,TeamViewer
CVE-2025-64992,TeamViewer
CVE-2025-64993,TeamViewer
CVE-2025-64994,TeamViewer
CVE-2025-64995,TeamViewer
CVE-2025-64996,Checkmk GmbH
CVE-2025-64997,Checkmk GmbH
CVE-2025-64998,Checkmk GmbH
CVE-2025-64999,Checkmk GmbH
CVE-2025-65000,Checkmk GmbH
CVE-2025-65001,Fujitsu
CVE-2025-65002,Fujitsu / Fsas Technologies
CVE-2025-65007,WODESYS
CVE-2025-65008,WODESYS
CVE-2025-65009,WODESYS
CVE-2025-65010,WODESYS
CVE-2025-65011,WODESYS
CVE-2025-65012,getkirby
CVE-2025-65013,librenms
CVE-2025-65014,librenms
CVE-2025-65015,authlib
CVE-2025-65017,decidim
CVE-2025-65018,pnggroup
CVE-2025-65019,withastro
CVE-2025-65020,lukevella
CVE-2025-65021,lukevella
CVE-2025-65022,portabilis
CVE-2025-65023,portabilis
CVE-2025-65024,portabilis
CVE-2025-65025,esm-dev
CVE-2025-65026,esm-dev
CVE-2025-65027,rommapp
CVE-2025-65028,lukevella
CVE-2025-65029,lukevella
CVE-2025-65030,lukevella
CVE-2025-65031,lukevella
CVE-2025-65032,lukevella
CVE-2025-65033,lukevella
CVE-2025-65034,lukevella
CVE-2025-65035,pluginsGLPI
CVE-2025-65036,xwikisas
CVE-2025-65037,Microsoft
CVE-2025-65041,Microsoft
CVE-2025-65046,Microsoft
CVE-2025-65073,OpenStack
CVE-2025-65074,WaveStore
CVE-2025-65075,WaveStore
CVE-2025-65076,WaveStore
CVE-2025-65077,Lexmark
CVE-2025-65078,Lexmark
CVE-2025-65079,Lexmark
CVE-2025-65080,Lexmark
CVE-2025-65081,Lexmark
CVE-2025-65082,Apache Software Foundation
CVE-2025-65083,Tinexta Infocert
CVE-2025-65084,Ashlar-Vellum
CVE-2025-65085,Ashlar-Vellum
CVE-2025-65086,Ashlar-Vellum
CVE-2025-65087,Ashlar-Vellum
CVE-2025-65088,Ashlar-Vellum
CVE-2025-65089,xwikisas
CVE-2025-65090,xwiki-contrib
CVE-2025-65091,xwiki-contrib
CVE-2025-65092,espressif
CVE-2025-65093,librenms
CVE-2025-65094,WBCE
CVE-2025-65095,Lookyloo
CVE-2025-65096,rommapp
CVE-2025-65097,rommapp
CVE-2025-65098,baptisteArno
CVE-2025-65099,anthropics
CVE-2025-65100,ilbers
CVE-2025-65102,pjsip
CVE-2025-65103,devcode-it
CVE-2025-65104,FirebirdSQL
CVE-2025-65105,apptainer
CVE-2025-65106,langchain-ai
CVE-2025-65107,langfuse
CVE-2025-65108,simonhaenisch
CVE-2025-65109,mindersec
CVE-2025-65110,vega
CVE-2025-65111,authzed
CVE-2025-65112,ricardoboss
CVE-2025-65113,MacWarrior
CVE-2025-65114,Apache Software Foundation
CVE-2025-65115,Hitachi
CVE-2025-65116,Hitachi
CVE-2025-65117,AVEVA
CVE-2025-65118,AVEVA
CVE-2025-65119,Canva
CVE-2025-65120,"Japan Total System Co.,Ltd."
CVE-2025-65199,Windscribe
CVE-2025-65942,VictoriaMetrics
CVE-2025-65944,getsentry
CVE-2025-65945,auth0
CVE-2025-65946,RooCodeInc
CVE-2025-65947,jzeuzs
CVE-2025-65950,WBCE
CVE-2025-65951,mescuwa
CVE-2025-65952,iiDk-the-actual
CVE-2025-65953,nanomq
CVE-2025-65954,simplesamlphp
CVE-2025-65955,ImageMagick
CVE-2025-65956,getformwork
CVE-2025-65957,Intercore-Productions
CVE-2025-65958,open-webui
CVE-2025-65959,open-webui
CVE-2025-65960,contao
CVE-2025-65961,contao
CVE-2025-65962,Enalean
CVE-2025-65963,humhub
CVE-2025-65964,n8n-io
CVE-2025-65965,anchore
CVE-2025-65966,OneUptime
CVE-2025-65995,Apache Software Foundation
CVE-2025-65998,Apache Software Foundation
CVE-2025-66000,Canva
CVE-2025-66001,SUSE
CVE-2025-66002,https://github.com/KDE/
CVE-2025-66003,https://github.com/KDE/
CVE-2025-66004,libimobiledevice
CVE-2025-66005,https://github.com/ShadowBlip
CVE-2025-66016,LFDT-Lockness
CVE-2025-66017,LFDT-Lockness
CVE-2025-66019,py-pdf
CVE-2025-66020,open-circle
CVE-2025-66021,OWASP
CVE-2025-66022,factionsecurity
CVE-2025-66023,nanomq
CVE-2025-66024,xwiki-contrib
CVE-2025-66025,caido
CVE-2025-66026,redaxo
CVE-2025-66027,lukevella
CVE-2025-66028,OneUptime
CVE-2025-66029,OSC
CVE-2025-66030,digitalbazaar
CVE-2025-66031,digitalbazaar
CVE-2025-66032,anthropics
CVE-2025-66033,okta
CVE-2025-66034,fonttools
CVE-2025-66035,angular
CVE-2025-66036,Anjaliavv51
CVE-2025-66037,OpenSC
CVE-2025-66038,OpenSC
CVE-2025-66039,FreePBX
CVE-2025-66040,spotipy-dev
CVE-2025-66042,Canva
CVE-2025-66043,The Biosig Project
CVE-2025-66044,The Biosig Project
CVE-2025-66045,The Biosig Project
CVE-2025-66046,The Biosig Project
CVE-2025-66047,The Biosig Project
CVE-2025-66048,The Biosig Project
CVE-2025-66049,Vivotek
CVE-2025-66050,Vivotek
CVE-2025-66051,Vivotek
CVE-2025-66052,Vivotek
CVE-2025-66053,Kriesi
CVE-2025-66054,ThimPress
CVE-2025-66055,Icegram
CVE-2025-66056,Uncanny Owl
CVE-2025-66057,boldthemes
CVE-2025-66058,PickPlugins
CVE-2025-66059,Craig Hewitt
CVE-2025-66060,Craig Hewitt
CVE-2025-66061,Craig Hewitt
CVE-2025-66062,Frank Goossens
CVE-2025-66063,jgwhite33
CVE-2025-66064,Syed Balkhi
CVE-2025-66065,Jegstudio
CVE-2025-66066,EnvoThemes
CVE-2025-66067,Aman
CVE-2025-66068,InstaWP
CVE-2025-66069,Themeisle
CVE-2025-66070,Tomdever
CVE-2025-66071,tychesoftwares
CVE-2025-66072,Stiofan
CVE-2025-66073,Cozmoslabs
CVE-2025-66074,Cozmoslabs
CVE-2025-66075,WP Legal Pages
CVE-2025-66076,dylan ngo
CVE-2025-66077,wpWax
CVE-2025-66078,jetmonsters
CVE-2025-66079,Jegstudio
CVE-2025-66080,WP Legal Pages
CVE-2025-66081,Jeff Starr
CVE-2025-66082,magepeopleteam
CVE-2025-66083,magepeopleteam
CVE-2025-66084,Shahjahan Jewel
CVE-2025-66085,tychesoftwares
CVE-2025-66086,Cozy Vision
CVE-2025-66087,Property Hive
CVE-2025-66088,Property Hive
CVE-2025-66089,WebToffee
CVE-2025-66090,sonalsinha21
CVE-2025-66091,Design
CVE-2025-66092,bqworks
CVE-2025-66093,hupe13
CVE-2025-66094,dmccan
CVE-2025-66095,Iqonic Design
CVE-2025-66096,Imtiaz Rayhan
CVE-2025-66097,Igor Jerosimić
CVE-2025-66098,Camille V
CVE-2025-66099,ThemeAtelier
CVE-2025-66100,Magnigenie
CVE-2025-66101,Sabuj Kundu
CVE-2025-66102,FolioVision
CVE-2025-66103,revmakx
CVE-2025-66104,Anton Vanyukov
CVE-2025-66105,Magepeople inc.
CVE-2025-66106,Essential Plugin
CVE-2025-66107,Scott Paterson
CVE-2025-66108,Merlot Digital (by TNC)
CVE-2025-66109,Octolize Shipping Plugins
CVE-2025-66110,bPlugins
CVE-2025-66111,Nelio Software
CVE-2025-66112,WebToffee
CVE-2025-66113,ThemeAtelier
CVE-2025-66114,theme funda
CVE-2025-66115,MatrixAddons
CVE-2025-66116,UserElements
CVE-2025-66117,Ays Pro
CVE-2025-66118,BoldGrid
CVE-2025-66119,Bob
CVE-2025-66120,CatFolders
CVE-2025-66121,SiteGround
CVE-2025-66122,Design
CVE-2025-66123,About Envato
CVE-2025-66124,ZEEN101
CVE-2025-66125,Nitesh
CVE-2025-66126,wowpress.host
CVE-2025-66127,g5theme
CVE-2025-66128,Brevo
CVE-2025-66129,wppochipp
CVE-2025-66130,etruel
CVE-2025-66131,yaadsarig
CVE-2025-66132,FAPI Business s.r.o.
CVE-2025-66133,WP Legal Pages
CVE-2025-66134,NinjaTeam
CVE-2025-66135,merkulove
CVE-2025-66136,merkulove
CVE-2025-66137,merkulove
CVE-2025-66138,merkulove
CVE-2025-66139,merkulove
CVE-2025-66140,merkulove
CVE-2025-66141,merkulove
CVE-2025-66142,merkulove
CVE-2025-66143,merkulove
CVE-2025-66144,merkulove
CVE-2025-66145,merkulove
CVE-2025-66146,merkulove
CVE-2025-66147,merkulove
CVE-2025-66148,merkulove
CVE-2025-66149,merkulove
CVE-2025-66150,merkulove
CVE-2025-66151,merkulove
CVE-2025-66152,merkulove
CVE-2025-66153,merkulove
CVE-2025-66154,merkulove
CVE-2025-66155,merkulove
CVE-2025-66156,merkulove
CVE-2025-66157,merkulove
CVE-2025-66158,merkulove
CVE-2025-66159,merkulove
CVE-2025-66160,merkulove
CVE-2025-66161,merkulove
CVE-2025-66162,merkulove
CVE-2025-66163,merkulove
CVE-2025-66164,merkulove
CVE-2025-66165,merkulove
CVE-2025-66166,merkulove
CVE-2025-66167,merkulove
CVE-2025-66168,Apache Software Foundation
CVE-2025-66169,Apache Software Foundation
CVE-2025-66170,Apache Software Foundation
CVE-2025-66171,Apache Software Foundation
CVE-2025-66172,Apache Software Foundation
CVE-2025-66173,Hikvision
CVE-2025-66174,Hikvision
CVE-2025-66176,Hikvision
CVE-2025-66177,Hikvision
CVE-2025-66178,Fortinet
CVE-2025-66199,OpenSSL
CVE-2025-66200,Apache Software Foundation
CVE-2025-66201,danny-avila
CVE-2025-66202,withastro
CVE-2025-66203,lemon8866
CVE-2025-66204,WBCE
CVE-2025-66205,frappe
CVE-2025-66206,frappe
CVE-2025-66208,CollaboraOnline
CVE-2025-66209,coollabsio
CVE-2025-66210,coollabsio
CVE-2025-66211,coollabsio
CVE-2025-66212,coollabsio
CVE-2025-66213,coollabsio
CVE-2025-66214,wearefrank
CVE-2025-66215,OpenSC
CVE-2025-66216,jvde-github
CVE-2025-66217,jvde-github
CVE-2025-66219,shama
CVE-2025-66220,envoyproxy
CVE-2025-66221,pallets
CVE-2025-66222,ThinkInAIXYZ
CVE-2025-66223,openobserve
CVE-2025-66224,orangehrm
CVE-2025-66225,orangehrm
CVE-2025-66236,Apache Software Foundation
CVE-2025-66237,Sunbird
CVE-2025-66238,Sunbird
CVE-2025-66249,Apache Software Foundation
CVE-2025-66250,DB Electronica Telecomunicazioni S.p.A.
CVE-2025-66251,DB Electronica Telecomunicazioni S.p.A.
CVE-2025-66252,DB Electronica Telecomunicazioni S.p.A.
CVE-2025-66253,DB Electronica Telecomunicazioni S.p.A.
CVE-2025-66254,DB Electronica Telecomunicazioni S.p.A.
CVE-2025-66255,DB Electronica Telecomunicazioni S.p.A.
CVE-2025-66256,DB Electronica Telecomunicazioni S.p.A.
CVE-2025-66257,DB Electronica Telecomunicazioni S.p.A.
CVE-2025-66258,DB Electronica Telecomunicazioni S.p.A.
CVE-2025-66259,DB Electronica Telecomunicazioni S.p.A.
CVE-2025-66260,DB Electronica Telecomunicazioni S.p.A.
CVE-2025-66261,DB Electronica Telecomunicazioni S.p.A.
CVE-2025-66262,DB Electronica Telecomunicazioni S.p.A.
CVE-2025-66263,DB Electronica Telecomunicazioni S.p.A.
CVE-2025-66264,MegaTec Taiwan
CVE-2025-66265,MegaTec Taiwan
CVE-2025-66266,MegaTec Taiwan
CVE-2025-66269,MegaTec Taiwan
CVE-2025-66270,KDE
CVE-2025-66271,"ELECOM CO.,LTD."
CVE-2025-66273,QNAP Systems Inc.
CVE-2025-66274,QNAP Systems Inc.
CVE-2025-66276,QNAP Systems Inc.
CVE-2025-66277,QNAP Systems Inc.
CVE-2025-66278,QNAP Systems Inc.
CVE-2025-66279,QNAP Systems Inc.
CVE-2025-66280,QNAP Systems Inc.
CVE-2025-66281,QNAP Systems Inc.
CVE-2025-66284,"Japan Total System Co.,Ltd."
CVE-2025-66286,Red Hat
CVE-2025-66287,Red Hat
CVE-2025-66287,The WebKitGTK Team
CVE-2025-66289,orangehrm
CVE-2025-66290,orangehrm
CVE-2025-66291,orangehrm
CVE-2025-66292,donknap
CVE-2025-66293,pnggroup
CVE-2025-66294,getgrav
CVE-2025-66295,getgrav
CVE-2025-66296,getgrav
CVE-2025-66297,getgrav
CVE-2025-66298,getgrav
CVE-2025-66299,getgrav
CVE-2025-66300,getgrav
CVE-2025-66301,getgrav
CVE-2025-66302,getgrav
CVE-2025-66303,getgrav
CVE-2025-66304,getgrav
CVE-2025-66305,getgrav
CVE-2025-66306,getgrav
CVE-2025-66307,getgrav
CVE-2025-66308,getgrav
CVE-2025-66309,getgrav
CVE-2025-66310,getgrav
CVE-2025-66311,getgrav
CVE-2025-66312,getgrav
CVE-2025-66313,ChurchCRM
CVE-2025-66314,ZTE
CVE-2025-66315,ZTE
CVE-2025-66319,Huawei
CVE-2025-66320,Huawei
CVE-2025-66321,Huawei
CVE-2025-66322,Huawei
CVE-2025-66323,Huawei
CVE-2025-66324,Huawei
CVE-2025-66325,Huawei
CVE-2025-66326,Huawei
CVE-2025-66327,Huawei
CVE-2025-66328,Huawei
CVE-2025-66329,Huawei
CVE-2025-66330,Huawei
CVE-2025-66331,Huawei
CVE-2025-66332,Huawei
CVE-2025-66333,Huawei
CVE-2025-66334,Huawei
CVE-2025-66335,Apache Software Foundation
CVE-2025-66336,Apache Software Foundation
CVE-2025-66342,Canva
CVE-2025-66357,"Inaba Denki Sangyo Co., Ltd."
CVE-2025-66359,Logpoint
CVE-2025-66360,Logpoint
CVE-2025-66361,Logpoint
CVE-2025-66370,kivitendo
CVE-2025-66371,Iteras
CVE-2025-66372,mustangproject
CVE-2025-66376,Zimbra
CVE-2025-66377,Pexip
CVE-2025-66378,Pexip
CVE-2025-66379,Pexip
CVE-2025-66382,libexpat project
CVE-2025-66384,MISP
CVE-2025-66385,cerebrate-project
CVE-2025-66386,MISP
CVE-2025-66388,Apache Software Foundation
CVE-2025-66395,ChurchCRM
CVE-2025-66396,ChurchCRM
CVE-2025-66397,ChurchCRM
CVE-2025-66398,SignalK
CVE-2025-66399,Cacti
CVE-2025-66400,syntax-tree
CVE-2025-66401,kapilduraphe
CVE-2025-66402,misskey-dev
CVE-2025-66403,error311
CVE-2025-66404,Flux159
CVE-2025-66405,Portkey-AI
CVE-2025-66406,smallstep
CVE-2025-66407,WeblateOrg
CVE-2025-66409,espressif
CVE-2025-66410,flipped-aurora
CVE-2025-66411,coder
CVE-2025-66412,angular
CVE-2025-66413,git-for-windows
CVE-2025-66414,modelcontextprotocol
CVE-2025-66415,fastify
CVE-2025-66416,modelcontextprotocol
CVE-2025-66417,glpi-project
CVE-2025-66418,urllib3
CVE-2025-66419,1Panel-dev
CVE-2025-66420,Tryton
CVE-2025-66421,Tryton
CVE-2025-66422,Tryton
CVE-2025-66423,Tryton
CVE-2025-66424,Tryton
CVE-2025-66431,Plesk
CVE-2025-66432,Oxide
CVE-2025-66433,wisc
CVE-2025-66443,Pexip
CVE-2025-66444,Hitachi
CVE-2025-66445,Hitachi
CVE-2025-66446,1Panel-dev
CVE-2025-66447,chamilo
CVE-2025-66448,vllm-project
CVE-2025-66449,C4illin
CVE-2025-66450,danny-avila
CVE-2025-66451,danny-avila
CVE-2025-66452,danny-avila
CVE-2025-66453,mozilla
CVE-2025-66454,ArcadeAI
CVE-2025-66456,elysiajs
CVE-2025-66457,elysiajs
CVE-2025-66458,Lookyloo
CVE-2025-66459,Lookyloo
CVE-2025-66460,Lookyloo
CVE-2025-66461,GS Yuasa International Ltd.
CVE-2025-66467,Apache Software Foundation
CVE-2025-66468,aimeos
CVE-2025-66469,zauberzeug
CVE-2025-66470,zauberzeug
CVE-2025-66471,urllib3
CVE-2025-66472,xwiki
CVE-2025-66473,xwiki
CVE-2025-66474,xwiki
CVE-2025-66476,vim
CVE-2025-66479,anthropic-experimental
CVE-2025-66480,wildfirechat
CVE-2025-66481,ThinkInAIXYZ
CVE-2025-66482,misskey-dev
CVE-2025-66483,IBM
CVE-2025-66484,IBM
CVE-2025-66485,IBM
CVE-2025-66486,IBM
CVE-2025-66487,IBM
CVE-2025-66488,discourse
CVE-2025-66489,calcom
CVE-2025-66490,traefik
CVE-2025-66491,traefik
CVE-2025-66492,MasaCMS
CVE-2025-66493,Foxit Software Inc.
CVE-2025-66494,Foxit Software Inc.
CVE-2025-66495,Foxit Software Inc.
CVE-2025-66496,Foxit Software Inc.
CVE-2025-66497,Foxit Software Inc.
CVE-2025-66498,Foxit Software Inc.
CVE-2025-66499,Foxit Software Inc.
CVE-2025-66500,Foxit Software Inc.
CVE-2025-66501,Foxit Software Inc.
CVE-2025-66502,Foxit Software Inc.
CVE-2025-66503,Canva
CVE-2025-66506,sigstore
CVE-2025-66507,1Panel-dev
CVE-2025-66508,1Panel-dev
CVE-2025-66509,laradashboard
CVE-2025-66510,nextcloud
CVE-2025-66511,nextcloud
CVE-2025-66512,nextcloud
CVE-2025-66513,nextcloud
CVE-2025-66514,nextcloud
CVE-2025-66515,nextcloud
CVE-2025-66516,Apache Software Foundation
CVE-2025-66518,Apache Software Foundation
CVE-2025-66519,Foxit Software Inc.
CVE-2025-66520,Foxit Software Inc.
CVE-2025-66521,Foxit Software Inc.
CVE-2025-66522,Foxit Software Inc.
CVE-2025-66523,Foxit Software Inc.
CVE-2025-66524,Apache Software Foundation
CVE-2025-66525,Elastic Email
CVE-2025-66526,Essekia
CVE-2025-66527,VanKarWai
CVE-2025-66528,VillaTheme
CVE-2025-66529,Ays Pro
CVE-2025-66530,Webba Appointment Booking
CVE-2025-66531,Dimitri Grassi
CVE-2025-66532,Mikado-Themes
CVE-2025-66533,StellarWP
CVE-2025-66534,Elated-Themes
CVE-2025-66545,nextcloud
CVE-2025-66546,nextcloud
CVE-2025-66547,nextcloud
CVE-2025-66548,nextcloud
CVE-2025-66549,nextcloud
CVE-2025-66550,nextcloud
CVE-2025-66551,nextcloud
CVE-2025-66552,nextcloud
CVE-2025-66553,nextcloud
CVE-2025-66554,nextcloud
CVE-2025-66555,airkeyboardapp
CVE-2025-66556,nextcloud
CVE-2025-66557,nextcloud
CVE-2025-66558,nextcloud
CVE-2025-66559,taikoxyz
CVE-2025-66560,quarkusio
CVE-2025-66561,Syslifters
CVE-2025-66562,AI-QL
CVE-2025-66563,monkeytypegame
CVE-2025-66564,sigstore
CVE-2025-66565,gofiber
CVE-2025-66566,yawkat
CVE-2025-66567,SAML-Toolkits
CVE-2025-66568,SAML-Toolkits
CVE-2025-66570,yhirose
CVE-2025-66572,loadedcommerce
CVE-2025-66573,mersive
CVE-2025-66574,Compass Plustechologies
CVE-2025-66575,VeePN
CVE-2025-66576,Remotecontrolio
CVE-2025-66577,yhirose
CVE-2025-66578,robrichards
CVE-2025-66580,OpenAgentPlatform
CVE-2025-66581,frappe
CVE-2025-66585,AzeoTech
CVE-2025-66586,AzeoTech
CVE-2025-66588,AzeoTech
CVE-2025-66589,AzeoTech
CVE-2025-66590,AzeoTech
CVE-2025-66592,Synology
CVE-2025-66593,Synology
CVE-2025-66594,Yokogawa Electric Corporation
CVE-2025-66595,Yokogawa Electric Corporation
CVE-2025-66596,Yokogawa Electric Corporation
CVE-2025-66597,Yokogawa Electric Corporation
CVE-2025-66598,Yokogawa Electric Corporation
CVE-2025-66599,Yokogawa Electric Corporation
CVE-2025-66600,Yokogawa Electric Corporation
CVE-2025-66601,Yokogawa Electric Corporation
CVE-2025-66602,Yokogawa Electric Corporation
CVE-2025-66603,Yokogawa Electric Corporation
CVE-2025-66604,Yokogawa Electric Corporation
CVE-2025-66605,Yokogawa Electric Corporation
CVE-2025-66606,Yokogawa Electric Corporation
CVE-2025-66607,Yokogawa Electric Corporation
CVE-2025-66608,Yokogawa Electric Corporation
CVE-2025-66614,Apache Software Foundation
CVE-2025-66617,Canva
CVE-2025-66620,Columbia Weather Systems
CVE-2025-66622,matrix-org
CVE-2025-66623,strimzi
CVE-2025-66624,bacnet-stack
CVE-2025-66625,umbraco
CVE-2025-66626,argoproj
CVE-2025-66627,wasmi-labs
CVE-2025-66628,ImageMagick
CVE-2025-66629,hedgedoc
CVE-2025-66630,gofiber
CVE-2025-66631,MarimerLLC
CVE-2025-66633,Canva
CVE-2025-66635,SEIKO EPSON CORPORATION
CVE-2025-66644,Array Networks
CVE-2025-66645,zauberzeug
CVE-2025-66646,RIOT-OS
CVE-2025-66647,RIOT-OS
CVE-2025-66648,vega
CVE-2025-66660,AMD
CVE-2025-66664,AMD
CVE-2025-66675,Apache Software Foundation
CVE-2025-67450,Eaton
CVE-2025-67460,Zoom Communications Inc.
CVE-2025-67461,Zoom Communications Inc.
CVE-2025-67465,QuantumCloud
CVE-2025-67466,sergiotrinity
CVE-2025-67467,StellarWP
CVE-2025-67468,CRM Perks
CVE-2025-67469,kubiq
CVE-2025-67470,Essential Plugin
CVE-2025-67471,Saad Iqbal
CVE-2025-67472,vcita
CVE-2025-67473,codeworkweb
CVE-2025-67474,Ultimate Member
CVE-2025-67475,Wikimedia Foundation
CVE-2025-67476,Wikimedia Foundation
CVE-2025-67477,Wikimedia Foundation
CVE-2025-67478,Wikimedia Foundation
CVE-2025-67479,Wikimedia Foundation
CVE-2025-67480,Wikimedia Foundation
CVE-2025-67481,Wikimedia Foundation
CVE-2025-67482,Wikimedia Foundation
CVE-2025-67483,Wikimedia Foundation
CVE-2025-67484,Wikimedia Foundation
CVE-2025-67485,machphy
CVE-2025-67486,Dolibarr
CVE-2025-67487,static-web-server
CVE-2025-67488,siyuan-note
CVE-2025-67489,vitejs
CVE-2025-67490,auth0
CVE-2025-67491,openemr
CVE-2025-67492,WeblateOrg
CVE-2025-67493,homarr-labs
CVE-2025-67494,zitadel
CVE-2025-67495,zitadel
CVE-2025-67496,LabRedesCefetRJ
CVE-2025-67499,containernetworking
CVE-2025-67500,mastodon
CVE-2025-67501,LabRedesCefetRJ
CVE-2025-67502,remram44
CVE-2025-67504,WBCE
CVE-2025-67505,okta
CVE-2025-67506,pipeshub-ai
CVE-2025-67507,filamentphp
CVE-2025-67508,gardener
CVE-2025-67509,neuron-core
CVE-2025-67510,neuron-core
CVE-2025-67511,aliasrobotics
CVE-2025-67513,FreePBX
CVE-2025-67515,Mikado-Themes
CVE-2025-67516,Agile Logix
CVE-2025-67517,artplacer
CVE-2025-67518,LambertGroup
CVE-2025-67519,Shahjahan Jewel
CVE-2025-67520,Tiny Solutions
CVE-2025-67521,Select-Themes
CVE-2025-67522,NooTheme
CVE-2025-67523,trippleS
CVE-2025-67524,NooTheme
CVE-2025-67525,Opal_WP
CVE-2025-67526,ThimPress
CVE-2025-67527,trippleS
CVE-2025-67528,thembay
CVE-2025-67529,Opal_WP
CVE-2025-67530,thembay
CVE-2025-67531,trippleS
CVE-2025-67532,thembay
CVE-2025-67533,themifyme
CVE-2025-67534,Jacques Malgrange
CVE-2025-67535,Flipper Code - WordPress Development Company
CVE-2025-67536,ThimPress
CVE-2025-67537,Blair Williams
CVE-2025-67538,jegtheme
CVE-2025-67539,Select-Themes
CVE-2025-67540,Wealcoder
CVE-2025-67541,Lester Chan
CVE-2025-67542,SilkyPress
CVE-2025-67543,Catch Themes
CVE-2025-67544,Get Bowtied
CVE-2025-67545,FirePlugins
CVE-2025-67546,weDevs
CVE-2025-67547,uixthemes
CVE-2025-67548,WP Delicious
CVE-2025-67549,bobbingwide
CVE-2025-67550,rhewlif
CVE-2025-67551,Wappointment team
CVE-2025-67552,WalkerWP
CVE-2025-67553,ThemeHigh
CVE-2025-67554,Humanityco
CVE-2025-67555,useStrict
CVE-2025-67556,ThemeHigh
CVE-2025-67557,Rhys Wynne
CVE-2025-67558,Jacques Malgrange
CVE-2025-67559,vcita
CVE-2025-67560,Webilia Inc.
CVE-2025-67561,Oleksandr Lysyi
CVE-2025-67562,WebCodingPlace
CVE-2025-67563,Saad Iqbal
CVE-2025-67564,alekv
CVE-2025-67565,sizam
CVE-2025-67566,WofficeIO
CVE-2025-67567,uixthemes
CVE-2025-67568,xtemos
CVE-2025-67569,scriptsbundle
CVE-2025-67570,WesternDeal
CVE-2025-67571,WPFunnels
CVE-2025-67572,PenciDesign
CVE-2025-67573,ThimPress
CVE-2025-67574,wpdevart
CVE-2025-67575,Andrew Lima
CVE-2025-67576,QuantumCloud
CVE-2025-67577,hassantafreshi
CVE-2025-67578,Rhys Wynne
CVE-2025-67579,vanquish
CVE-2025-67580,Constant Contact
CVE-2025-67581,themetechmount
CVE-2025-67582,wbcomdesigns
CVE-2025-67583,Foysal Imran
CVE-2025-67584,rtCamp
CVE-2025-67585,flexmls
CVE-2025-67586,Ronald Huereca
CVE-2025-67587,CRM Perks
CVE-2025-67588,Elementor
CVE-2025-67589,WP Overnight
CVE-2025-67590,Rustaurius
CVE-2025-67591,jegtheme
CVE-2025-67592,Joe Dolson
CVE-2025-67593,Stiofan
CVE-2025-67594,ThimPress
CVE-2025-67595,Ays Pro
CVE-2025-67596,Strategy11 Team
CVE-2025-67597,Shahjahan Jewel
CVE-2025-67598,PSM Plugins
CVE-2025-67599,WebToffee
CVE-2025-67601,SUSE
CVE-2025-67603,https://github.com/FoobarOy/
CVE-2025-67604,Fortinet
CVE-2025-67614,foreverpinetree
CVE-2025-67615,bslthemes
CVE-2025-67616,BZOTheme
CVE-2025-67617,themeton
CVE-2025-67618,ArtstudioWorks
CVE-2025-67619,designthemes
CVE-2025-67620,CleverSoft
CVE-2025-67621,10up
CVE-2025-67622,titopandub
CVE-2025-67623,6Storage
CVE-2025-67624,Arya Dhiratara
CVE-2025-67625,tmtraderunner
CVE-2025-67626,Angel Costa
CVE-2025-67627,TouchOfTech
CVE-2025-67628,AMP-MODE
CVE-2025-67629,Basticom
CVE-2025-67630,webheadcoder
CVE-2025-67631,Ecommerce Platforms
CVE-2025-67632,The Plugin Factory
CVE-2025-67633,brownbagmarketing
CVE-2025-67634,CISA
CVE-2025-67635,Jenkins Project
CVE-2025-67636,Jenkins Project
CVE-2025-67637,Jenkins Project
CVE-2025-67638,Jenkins Project
CVE-2025-67639,Jenkins Project
CVE-2025-67640,Jenkins Project
CVE-2025-67641,Jenkins Project
CVE-2025-67642,Jenkins Project
CVE-2025-67643,Jenkins Project
CVE-2025-67644,langchain-ai
CVE-2025-67645,openemr
CVE-2025-67646,Telepedia
CVE-2025-67647,sveltejs
CVE-2025-67648,shopware
CVE-2025-67649,PHP Jabbers
CVE-2025-67650,PHP Jabbers
CVE-2025-67651,PHP Jabbers
CVE-2025-67652,AutomationDirect
CVE-2025-67653,Advantech
CVE-2025-67683,OpenSolution
CVE-2025-67684,OpenSolution
CVE-2025-67685,Fortinet
CVE-2025-67703,Esri
CVE-2025-67704,Esri
CVE-2025-67705,Esri
CVE-2025-67706,Esri
CVE-2025-67707,Esri
CVE-2025-67708,Esri
CVE-2025-67709,Esri
CVE-2025-67710,Esri
CVE-2025-67711,Esri
CVE-2025-67712,Esri
CVE-2025-67713,miniflux
CVE-2025-67715,WeblateOrg
CVE-2025-67716,auth0
CVE-2025-67717,zitadel
CVE-2025-67718,formio
CVE-2025-67719,ibexa
CVE-2025-67720,Mayuri-Chan
CVE-2025-67721,airlift
CVE-2025-67722,FreePBX
CVE-2025-67723,discourse
CVE-2025-67724,tornadoweb
CVE-2025-67725,tornadoweb
CVE-2025-67726,tornadoweb
CVE-2025-67727,parse-community
CVE-2025-67728,ShaneIsrael
CVE-2025-67729,InternLM
CVE-2025-67730,frappe
CVE-2025-67731,Aarondoran
CVE-2025-67732,langgenius
CVE-2025-67733,valkey-io
CVE-2025-67734,frappe
CVE-2025-67735,netty
CVE-2025-67736,FreePBX
CVE-2025-67737,AzuraCast
CVE-2025-67738,Webmin
CVE-2025-67739,JetBrains
CVE-2025-67740,JetBrains
CVE-2025-67741,JetBrains
CVE-2025-67742,JetBrains
CVE-2025-67743,LearningCircuit
CVE-2025-67744,ThinkInAIXYZ
CVE-2025-67745,Aiven-Open
CVE-2025-67746,composer
CVE-2025-67747,trailofbits
CVE-2025-67748,trailofbits
CVE-2025-67749,PCSX2
CVE-2025-67750,Flow-Scanner
CVE-2025-67751,ChurchCRM
CVE-2025-67752,openemr
CVE-2025-67779,Meta
CVE-2025-67780,SpaceX
CVE-2025-67842,Mintlify
CVE-2025-67843,Mintlify
CVE-2025-67844,Mintlify
CVE-2025-67845,Mintlify
CVE-2025-67846,Mintlify
CVE-2025-67858,https://github.com/FoobarOy/
CVE-2025-67859,https://github.com/linrunner
CVE-2025-67860,SUSE
CVE-2025-67862,Fortinet
CVE-2025-67873,capstone-engine
CVE-2025-67874,ChurchCRM
CVE-2025-67875,ChurchCRM
CVE-2025-67876,ChurchCRM
CVE-2025-67877,ChurchCRM
CVE-2025-67895,Apache Software Foundation
CVE-2025-67896,Exim
CVE-2025-67897,sequoia-pgp
CVE-2025-67898,MJML
CVE-2025-67899,uriparser project
CVE-2025-67900,NXLog
CVE-2025-67901,kristapsdz
CVE-2025-67906,MISP
CVE-2025-67909,WP Swings
CVE-2025-67910,contentstudio
CVE-2025-67911,Tribulant Software
CVE-2025-67912,Premio
CVE-2025-67913,Aruba.it Dev
CVE-2025-67914,beeteam368
CVE-2025-67915,Arraytics
CVE-2025-67916,Astoundify
CVE-2025-67917,shinetheme
CVE-2025-67918,WofficeIO
CVE-2025-67919,WofficeIO
CVE-2025-67920,Elated-Themes
CVE-2025-67921,VanKarWai
CVE-2025-67922,ThemeGoods
CVE-2025-67923,Crocoblock
CVE-2025-67924,zozothemes
CVE-2025-67925,zozothemes
CVE-2025-67926,Shahjahan Jewel
CVE-2025-67927,Spencer Haws
CVE-2025-67928,themesuite
CVE-2025-67929,templateinvaders
CVE-2025-67930,Vernon Systems Limited
CVE-2025-67931,AITpro
CVE-2025-67932,purethemes
CVE-2025-67933,taskbuilder
CVE-2025-67934,Mikado-Themes
CVE-2025-67935,Mikado-Themes
CVE-2025-67936,Mikado-Themes
CVE-2025-67937,Mikado-Themes
CVE-2025-67938,Mikado-Themes
CVE-2025-67939,Tickera
CVE-2025-67940,Mikado-Themes
CVE-2025-67941,Elated-Themes
CVE-2025-67942,peachpayments
CVE-2025-67943,wphocus
CVE-2025-67944,Nelio Software
CVE-2025-67945,MailerLite
CVE-2025-67946,scriptsbundle
CVE-2025-67947,scriptsbundle
CVE-2025-67948,SendPulse
CVE-2025-67949,designingmedia
CVE-2025-67950,Syed Balkhi
CVE-2025-67951,WPZOOM
CVE-2025-67952,ThemeGoods
CVE-2025-67953,Booking Activities Team
CVE-2025-67954,Dimitri Grassi
CVE-2025-67955,TangibleWP
CVE-2025-67956,wpeverest
CVE-2025-67957,TangibleWP
CVE-2025-67958,Taxcloud
CVE-2025-67959,purethemes
CVE-2025-67960,purethemes
CVE-2025-67961,Marco van Wieren
CVE-2025-67962,AIOSEO Plugin Team
CVE-2025-67963,ovatheme
CVE-2025-67964,favethemes
CVE-2025-67965,favethemes
CVE-2025-67966,e-plugins
CVE-2025-67967,e-plugins
CVE-2025-67968,InspiryThemes
CVE-2025-67969,knitpay
CVE-2025-67970,vertim
CVE-2025-67971,WPManageNinja
CVE-2025-67972,Zoho Mail
CVE-2025-67973,sunshinephotocart
CVE-2025-67974,WP Legal Pages
CVE-2025-67975,aDirectory
CVE-2025-67976,Bob
CVE-2025-67977,VillaTheme
CVE-2025-67978,FixBD
CVE-2025-67979,WesternDeal
CVE-2025-67980,thembay
CVE-2025-67981,thembay
CVE-2025-67982,thembay
CVE-2025-67983,osama.esh
CVE-2025-67984,calliko
CVE-2025-67985,Barn2 Plugins
CVE-2025-67986,Barn2 Plugins
CVE-2025-67987,ExpressTech Systems
CVE-2025-67988,LoftOcean
CVE-2025-67989,LMPixels
CVE-2025-67990,RealMag777
CVE-2025-67991,vanquish
CVE-2025-67992,LoftOcean
CVE-2025-67993,Vito Peleg
CVE-2025-67994,YayCommerce
CVE-2025-67995,LoftOcean
CVE-2025-67996,BoldThemes
CVE-2025-67997,BoldThemes
CVE-2025-67998,kamleshyadav
CVE-2025-67999,Stefano Lissa
CVE-2025-68000,PickPlugins
CVE-2025-68001,garidium
CVE-2025-68002,100plugins
CVE-2025-68003,renatoatshown
CVE-2025-68004,Kapil Chugh
CVE-2025-68005,themewant
CVE-2025-68006,Deetronix
CVE-2025-68007,Event Espresso
CVE-2025-68008,mndpsingh287
CVE-2025-68009,Codeless
CVE-2025-68010,netgsm
CVE-2025-68011,GLS
CVE-2025-68012,Dmytro Shteflyuk
CVE-2025-68013,cardpaysolutions
CVE-2025-68014,awethemes
CVE-2025-68015,Vollstart
CVE-2025-68016,Onepay Sri Lanka
CVE-2025-68017,Antideo
CVE-2025-68018,StackWC
CVE-2025-68019,cleverplugins
CVE-2025-68020,WANotifier
CVE-2025-68021,ConveyThis
CVE-2025-68022,soporteblue
CVE-2025-68023,Addonify
CVE-2025-68024,Addonify
CVE-2025-68025,Addonify
CVE-2025-68026,Niaj Morshed
CVE-2025-68027,Themefic
CVE-2025-68028,Passionate Brains
CVE-2025-68029,WP Swings
CVE-2025-68030,WP Messiah
CVE-2025-68031,faraz sms
CVE-2025-68032,Passionate Brains
CVE-2025-68033,Brecht
CVE-2025-68034,CleverReach®
CVE-2025-68035,tabbyai
CVE-2025-68036,Imran Tauqeer
CVE-2025-68037,Atlas Gondal
CVE-2025-68038,Icegram
CVE-2025-68039,Chris Simmons
CVE-2025-68040,weDevs
CVE-2025-68041,codisto
CVE-2025-68042,Travelpayouts
CVE-2025-68043,LottieFiles
CVE-2025-68044,Rustaurius
CVE-2025-68045,Arraytics
CVE-2025-68046,ThemeHunk
CVE-2025-68047,Arraytics
CVE-2025-68048,XLPlugins
CVE-2025-68049,bunny.net
CVE-2025-68050,Leadpages
CVE-2025-68051,Shiprocket
CVE-2025-68052,Eagle-Themes
CVE-2025-68053,LambertGroup
CVE-2025-68054,LambertGroup
CVE-2025-68055,Themefic
CVE-2025-68056,LambertGroup
CVE-2025-68057,e-plugins
CVE-2025-68058,e-plugins
CVE-2025-68059,e-plugins
CVE-2025-68060,WPMart
CVE-2025-68061,ThemeMove
CVE-2025-68062,ThemeMove
CVE-2025-68063,StylemixThemes
CVE-2025-68064,Everthemess
CVE-2025-68065,LiquidThemes
CVE-2025-68066,PenciDesign
CVE-2025-68067,Select-Themes
CVE-2025-68068,Select-Themes
CVE-2025-68069,wpWax
CVE-2025-68070,"Vektor,Inc."
CVE-2025-68071,g5theme
CVE-2025-68072,Merv Barrett
CVE-2025-68073,Ninja Team
CVE-2025-68074,GhozyLab
CVE-2025-68075,Kerry
CVE-2025-68076,Select-Themes
CVE-2025-68077,Select-Themes
CVE-2025-68078,ThemeNectar
CVE-2025-68079,ThemeNectar
CVE-2025-68080,Saad Iqbal
CVE-2025-68081,Lester Chan
CVE-2025-68082,SEMrush CY LTD
CVE-2025-68083,Meks
CVE-2025-68084,Nitesh
CVE-2025-68085,merkulove
CVE-2025-68086,merkulove
CVE-2025-68087,merkulove
CVE-2025-68088,merkulove
CVE-2025-68109,ChurchCRM
CVE-2025-68110,ChurchCRM
CVE-2025-68111,ChurchCRM
CVE-2025-68112,ChurchCRM
CVE-2025-68113,altcha-org
CVE-2025-68114,capstone-engine
CVE-2025-68115,parse-community
CVE-2025-68116,error311
CVE-2025-68118,FreeRDP
CVE-2025-68119,Go toolchain
CVE-2025-68120,github.com/golang/vscode-go
CVE-2025-68121,Go standard library
CVE-2025-68129,auth0
CVE-2025-68130,trpc
CVE-2025-68131,agronholm
CVE-2025-68132,EVerest
CVE-2025-68133,EVerest
CVE-2025-68134,EVerest
CVE-2025-68135,EVerest
CVE-2025-68136,EVerest
CVE-2025-68137,EVerest
CVE-2025-68138,EVerest
CVE-2025-68139,EVerest
CVE-2025-68140,EVerest
CVE-2025-68141,EVerest
CVE-2025-68142,facelessuser
CVE-2025-68143,modelcontextprotocol
CVE-2025-68144,modelcontextprotocol
CVE-2025-68145,modelcontextprotocol
CVE-2025-68146,tox-dev
CVE-2025-68147,opensourcepos
CVE-2025-68148,FreshRSS
CVE-2025-68150,parse-community
CVE-2025-68151,coredns
CVE-2025-68152,juju
CVE-2025-68153,juju
CVE-2025-68154,sebhildebrandt
CVE-2025-68155,vitejs
CVE-2025-68156,expr-lang
CVE-2025-68157,webpack
CVE-2025-68158,authlib
CVE-2025-68160,OpenSSL
CVE-2025-68161,Apache Software Foundation
CVE-2025-68162,JetBrains
CVE-2025-68163,JetBrains
CVE-2025-68164,JetBrains
CVE-2025-68165,JetBrains
CVE-2025-68166,JetBrains
CVE-2025-68167,Linux
CVE-2025-68168,Linux
CVE-2025-68169,Linux
CVE-2025-68170,Linux
CVE-2025-68171,Linux
CVE-2025-68172,Linux
CVE-2025-68173,Linux
CVE-2025-68174,Linux
CVE-2025-68175,Linux
CVE-2025-68176,Linux
CVE-2025-68177,Linux
CVE-2025-68178,Linux
CVE-2025-68179,Linux
CVE-2025-68180,Linux
CVE-2025-68181,Linux
CVE-2025-68182,Linux
CVE-2025-68183,Linux
CVE-2025-68184,Linux
CVE-2025-68185,Linux
CVE-2025-68186,Linux
CVE-2025-68187,Linux
CVE-2025-68188,Linux
CVE-2025-68189,Linux
CVE-2025-68190,Linux
CVE-2025-68191,Linux
CVE-2025-68192,Linux
CVE-2025-68193,Linux
CVE-2025-68194,Linux
CVE-2025-68195,Linux
CVE-2025-68196,Linux
CVE-2025-68197,Linux
CVE-2025-68198,Linux
CVE-2025-68199,Linux
CVE-2025-68200,Linux
CVE-2025-68201,Linux
CVE-2025-68202,Linux
CVE-2025-68204,Linux
CVE-2025-68205,Linux
CVE-2025-68206,Linux
CVE-2025-68207,Linux
CVE-2025-68208,Linux
CVE-2025-68209,Linux
CVE-2025-68210,Linux
CVE-2025-68211,Linux
CVE-2025-68212,Linux
CVE-2025-68213,Linux
CVE-2025-68214,Linux
CVE-2025-68215,Linux
CVE-2025-68216,Linux
CVE-2025-68217,Linux
CVE-2025-68218,Linux
CVE-2025-68219,Linux
CVE-2025-68220,Linux
CVE-2025-68221,Linux
CVE-2025-68222,Linux
CVE-2025-68223,Linux
CVE-2025-68225,Linux
CVE-2025-68226,Linux
CVE-2025-68227,Linux
CVE-2025-68228,Linux
CVE-2025-68229,Linux
CVE-2025-68230,Linux
CVE-2025-68231,Linux
CVE-2025-68232,Linux
CVE-2025-68233,Linux
CVE-2025-68234,Linux
CVE-2025-68235,Linux
CVE-2025-68236,Linux
CVE-2025-68237,Linux
CVE-2025-68238,Linux
CVE-2025-68239,Linux
CVE-2025-68240,Linux
CVE-2025-68241,Linux
CVE-2025-68242,Linux
CVE-2025-68243,Linux
CVE-2025-68244,Linux
CVE-2025-68245,Linux
CVE-2025-68246,Linux
CVE-2025-68247,Linux
CVE-2025-68248,Linux
CVE-2025-68249,Linux
CVE-2025-68250,Linux
CVE-2025-68251,Linux
CVE-2025-68252,Linux
CVE-2025-68253,Linux
CVE-2025-68254,Linux
CVE-2025-68255,Linux
CVE-2025-68256,Linux
CVE-2025-68257,Linux
CVE-2025-68258,Linux
CVE-2025-68259,Linux
CVE-2025-68260,Linux
CVE-2025-68261,Linux
CVE-2025-68262,Linux
CVE-2025-68263,Linux
CVE-2025-68264,Linux
CVE-2025-68265,Linux
CVE-2025-68266,Linux
CVE-2025-68267,JetBrains
CVE-2025-68268,JetBrains
CVE-2025-68269,JetBrains
CVE-2025-68270,openedx
CVE-2025-68271,OpenC3
CVE-2025-68272,SignalK
CVE-2025-68273,SignalK
CVE-2025-68274,emiago
CVE-2025-68275,ChurchCRM
CVE-2025-68276,avahi
CVE-2025-68277,openemr
CVE-2025-68278,tinacms
CVE-2025-68279,WeblateOrg
CVE-2025-68280,Apache Software Foundation
CVE-2025-68281,Linux
CVE-2025-68282,Linux
CVE-2025-68283,Linux
CVE-2025-68284,Linux
CVE-2025-68285,Linux
CVE-2025-68286,Linux
CVE-2025-68287,Linux
CVE-2025-68288,Linux
CVE-2025-68289,Linux
CVE-2025-68290,Linux
CVE-2025-68291,Linux
CVE-2025-68292,Linux
CVE-2025-68293,Linux
CVE-2025-68294,Linux
CVE-2025-68295,Linux
CVE-2025-68296,Linux
CVE-2025-68297,Linux
CVE-2025-68298,Linux
CVE-2025-68299,Linux
CVE-2025-68300,Linux
CVE-2025-68301,Linux
CVE-2025-68302,Linux
CVE-2025-68303,Linux
CVE-2025-68304,Linux
CVE-2025-68305,Linux
CVE-2025-68306,Linux
CVE-2025-68307,Linux
CVE-2025-68308,Linux
CVE-2025-68309,Linux
CVE-2025-68310,Linux
CVE-2025-68311,Linux
CVE-2025-68312,Linux
CVE-2025-68313,Linux
CVE-2025-68314,Linux
CVE-2025-68315,Linux
CVE-2025-68316,Linux
CVE-2025-68317,Linux
CVE-2025-68318,Linux
CVE-2025-68319,Linux
CVE-2025-68320,Linux
CVE-2025-68321,Linux
CVE-2025-68322,Linux
CVE-2025-68323,Linux
CVE-2025-68324,Linux
CVE-2025-68325,Linux
CVE-2025-68326,Linux
CVE-2025-68327,Linux
CVE-2025-68328,Linux
CVE-2025-68329,Linux
CVE-2025-68330,Linux
CVE-2025-68331,Linux
CVE-2025-68332,Linux
CVE-2025-68333,Linux
CVE-2025-68334,Linux
CVE-2025-68335,Linux
CVE-2025-68336,Linux
CVE-2025-68337,Linux
CVE-2025-68338,Linux
CVE-2025-68339,Linux
CVE-2025-68340,Linux
CVE-2025-68341,Linux
CVE-2025-68342,Linux
CVE-2025-68343,Linux
CVE-2025-68344,Linux
CVE-2025-68345,Linux
CVE-2025-68346,Linux
CVE-2025-68347,Linux
CVE-2025-68348,Linux
CVE-2025-68349,Linux
CVE-2025-68350,Linux
CVE-2025-68351,Linux
CVE-2025-68352,Linux
CVE-2025-68353,Linux
CVE-2025-68354,Linux
CVE-2025-68355,Linux
CVE-2025-68356,Linux
CVE-2025-68357,Linux
CVE-2025-68358,Linux
CVE-2025-68359,Linux
CVE-2025-68360,Linux
CVE-2025-68361,Linux
CVE-2025-68362,Linux
CVE-2025-68363,Linux
CVE-2025-68364,Linux
CVE-2025-68365,Linux
CVE-2025-68366,Linux
CVE-2025-68367,Linux
CVE-2025-68368,Linux
CVE-2025-68369,Linux
CVE-2025-68370,Linux
CVE-2025-68371,Linux
CVE-2025-68372,Linux
CVE-2025-68373,Linux
CVE-2025-68374,Linux
CVE-2025-68375,Linux
CVE-2025-68376,Linux
CVE-2025-68377,Linux
CVE-2025-68378,Linux
CVE-2025-68379,Linux
CVE-2025-68380,Linux
CVE-2025-68381,Elastic
CVE-2025-68382,Elastic
CVE-2025-68383,Elastic
CVE-2025-68384,Elastic
CVE-2025-68385,Elastic
CVE-2025-68386,Elastic
CVE-2025-68387,Elastic
CVE-2025-68388,Elastic
CVE-2025-68389,Elastic
CVE-2025-68390,Elastic
CVE-2025-68398,WeblateOrg
CVE-2025-68399,ChurchCRM
CVE-2025-68400,ChurchCRM
CVE-2025-68401,ChurchCRM
CVE-2025-68402,FreshRSS
CVE-2025-68406,QNAP Systems Inc.
CVE-2025-68420,Comarch
CVE-2025-68421,Comarch
CVE-2025-68422,Elastic
CVE-2025-68428,parallax
CVE-2025-68429,storybookjs
CVE-2025-68430,cvat-ai
CVE-2025-68431,strukturag
CVE-2025-68432,zed-industries
CVE-2025-68433,zed-industries
CVE-2025-68434,opensourcepos
CVE-2025-68435,nicotsx
CVE-2025-68436,craftcms
CVE-2025-68437,craftcms
CVE-2025-68438,Apache Software Foundation
CVE-2025-68454,craftcms
CVE-2025-68455,craftcms
CVE-2025-68456,craftcms
CVE-2025-68457,boscop-fr
CVE-2025-68458,webpack
CVE-2025-68459,"Ruijie Networks Co., Ltd."
CVE-2025-68460,Roundcube
CVE-2025-68461,Roundcube
CVE-2025-68462,Debian
CVE-2025-68463,Biopython
CVE-2025-68467,darkreader
CVE-2025-68468,avahi
CVE-2025-68469,ImageMagick
CVE-2025-68470,remix-run
CVE-2025-68471,avahi
CVE-2025-68472,mindsdb
CVE-2025-68473,espressif
CVE-2025-68474,espressif
CVE-2025-68475,fedify-dev
CVE-2025-68476,kedacore
CVE-2025-68477,langflow-ai
CVE-2025-68478,langflow-ai
CVE-2025-68479,discourse
CVE-2025-68480,marshmallow-code
CVE-2025-68481,fastapi-users
CVE-2025-68482,Fortinet
CVE-2025-68492,Chainlit
CVE-2025-68493,Apache Software Foundation
CVE-2025-68494,Leap13
CVE-2025-68495,Crocoblock
CVE-2025-68496,Syed Balkhi
CVE-2025-68497,Brainstorm Force
CVE-2025-68498,Crocoblock
CVE-2025-68499,Crocoblock
CVE-2025-68500,bdthemes
CVE-2025-68501,Mollie
CVE-2025-68502,Crocoblock
CVE-2025-68503,Crocoblock
CVE-2025-68504,Crocoblock
CVE-2025-68505,icc0rz
CVE-2025-68506,Nawawi Jamili
CVE-2025-68507,Icegram
CVE-2025-68508,Brave
CVE-2025-68509,Jeff Starr
CVE-2025-68510,ThemeGoods
CVE-2025-68511,Jegstudio
CVE-2025-68512,creativeinteractivemedia
CVE-2025-68513,boldthemes
CVE-2025-68514,Cozmoslabs
CVE-2025-68515,Roland Murg
CVE-2025-68516,Essekia
CVE-2025-68517,Essekia
CVE-2025-68518,ThemeGoods
CVE-2025-68519,BeRocket
CVE-2025-68520,ThemeGoods
CVE-2025-68521,wpstream
CVE-2025-68522,wpstream
CVE-2025-68523,Spiffy Plugins
CVE-2025-68524,ThemeGoods
CVE-2025-68525,pixelgrade
CVE-2025-68526,A WP Life
CVE-2025-68527,Kodezen LLC
CVE-2025-68528,WPFactory
CVE-2025-68529,Rhys Wynne
CVE-2025-68530,pavothemes
CVE-2025-68531,modeltheme
CVE-2025-68532,modeltheme
CVE-2025-68533,HasThemes
CVE-2025-68534,add-ons.org
CVE-2025-68535,sunshinephotocart
CVE-2025-68536,thembay
CVE-2025-68537,thembay
CVE-2025-68538,ThemeGoods
CVE-2025-68539,thembay
CVE-2025-68540,thembay
CVE-2025-68541,BoldThemes
CVE-2025-68542,vgdevsolutions
CVE-2025-68543,thembay
CVE-2025-68544,thembay
CVE-2025-68545,thembay
CVE-2025-68546,thembay
CVE-2025-68547,wpweb
CVE-2025-68548,WebCodingPlace
CVE-2025-68549,zozothemes
CVE-2025-68550,VillaTheme
CVE-2025-68551,Vikas Ratudi
CVE-2025-68552,WebCodingPlace
CVE-2025-68553,zozothemes
CVE-2025-68554,zozothemes
CVE-2025-68555,zozothemes
CVE-2025-68556,VillaTheme
CVE-2025-68557,Vikas Ratudi
CVE-2025-68558,averta
CVE-2025-68559,CodexThemes
CVE-2025-68560,CodexThemes
CVE-2025-68561,Ruben Garcia
CVE-2025-68562,RomanCode
CVE-2025-68563,WP Shuffle
CVE-2025-68564,sendy
CVE-2025-68565,JayBee
CVE-2025-68566,wphocus
CVE-2025-68567,wphocus
CVE-2025-68568,Claspo Popup Builders
CVE-2025-68569,codepeople
CVE-2025-68570,captivateaudio
CVE-2025-68571,SALESmanago
CVE-2025-68572,Spider Themes
CVE-2025-68573,Alessandro Piconi
CVE-2025-68574,voidcoders
CVE-2025-68575,Wappointment team
CVE-2025-68576,Virusdie
CVE-2025-68577,Virusdie
CVE-2025-68578,Addonify
CVE-2025-68579,FolioVision
CVE-2025-68580,pluginsware
CVE-2025-68581,YITHEMES
CVE-2025-68582,Funnelforms
CVE-2025-68583,Tikweb Management
CVE-2025-68584,Constantin Boiangiu
CVE-2025-68585,Ben Balter
CVE-2025-68586,Gora Tech
CVE-2025-68587,Bob
CVE-2025-68588,totalsoft
CVE-2025-68589,WP Socio
CVE-2025-68590,CRM Perks
CVE-2025-68591,Mitchell Bennis
CVE-2025-68592,Liton Arefin
CVE-2025-68593,Liton Arefin
CVE-2025-68594,Opinion Stage
CVE-2025-68595,Trustindex
CVE-2025-68596,Bit Apps
CVE-2025-68597,BlueGlass Interactive AG
CVE-2025-68598,LiveComposer
CVE-2025-68599,Embeds For YouTube Plugin Support
CVE-2025-68600,Yannick Lefebvre
CVE-2025-68601,Rustaurius
CVE-2025-68602,Scott Paterson
CVE-2025-68603,Marketing Fire
CVE-2025-68604,WPGraphQL
CVE-2025-68605,PickPlugins
CVE-2025-68606,WPXPO
CVE-2025-68607,Hiroaki Miyashita
CVE-2025-68608,DeluxeThemes
CVE-2025-68609,Palantir
CVE-2025-68613,n8n-io
CVE-2025-68614,librenms
CVE-2025-68615,net-snmp
CVE-2025-68616,Kozea
CVE-2025-68617,FluidSynth
CVE-2025-68618,ImageMagick
CVE-2025-68619,SignalK
CVE-2025-68620,SignalK
CVE-2025-68621,TriliumNext
CVE-2025-68622,espressif
CVE-2025-68637,Apache Software Foundation
CVE-2025-68644,Yealink
CVE-2025-68648,Fortinet
CVE-2025-68649,Fortinet
CVE-2025-68656,espressif
CVE-2025-68657,espressif
CVE-2025-68658,opensourcepos
CVE-2025-68659,discourse
CVE-2025-68660,discourse
CVE-2025-68662,discourse
CVE-2025-68663,outline
CVE-2025-68664,langchain-ai
CVE-2025-68665,langchain-ai
CVE-2025-68666,discourse
CVE-2025-68667,continuwuity
CVE-2025-68668,n8n-io
CVE-2025-68669,nanbingxyz
CVE-2025-68670,neutrinolabs
CVE-2025-68671,treeverse
CVE-2025-68675,Apache Software Foundation
CVE-2025-68686,Fortinet
CVE-2025-68696,jnunemaker
CVE-2025-68697,n8n-io
CVE-2025-68698,samrocketman
CVE-2025-68699,nanomq
CVE-2025-68700,infiniflow
CVE-2025-68701,samrocketman
CVE-2025-68702,samrocketman
CVE-2025-68703,samrocketman
CVE-2025-68704,samrocketman
CVE-2025-68705,rustfs
CVE-2025-68724,Linux
CVE-2025-68725,Linux
CVE-2025-68726,Linux
CVE-2025-68727,Linux
CVE-2025-68728,Linux
CVE-2025-68729,Linux
CVE-2025-68730,Linux
CVE-2025-68731,Linux
CVE-2025-68732,Linux
CVE-2025-68733,Linux
CVE-2025-68734,Linux
CVE-2025-68735,Linux
CVE-2025-68736,Linux
CVE-2025-68737,Linux
CVE-2025-68738,Linux
CVE-2025-68739,Linux
CVE-2025-68740,Linux
CVE-2025-68741,Linux
CVE-2025-68742,Linux
CVE-2025-68743,Linux
CVE-2025-68744,Linux
CVE-2025-68745,Linux
CVE-2025-68746,Linux
CVE-2025-68747,Linux
CVE-2025-68748,Linux
CVE-2025-68749,Linux
CVE-2025-68750,Linux
CVE-2025-68751,Linux
CVE-2025-68752,Linux
CVE-2025-68753,Linux
CVE-2025-68754,Linux
CVE-2025-68755,Linux
CVE-2025-68756,Linux
CVE-2025-68757,Linux
CVE-2025-68758,Linux
CVE-2025-68759,Linux
CVE-2025-68760,Linux
CVE-2025-68761,Linux
CVE-2025-68762,Linux
CVE-2025-68763,Linux
CVE-2025-68764,Linux
CVE-2025-68765,Linux
CVE-2025-68766,Linux
CVE-2025-68767,Linux
CVE-2025-68768,Linux
CVE-2025-68769,Linux
CVE-2025-68770,Linux
CVE-2025-68771,Linux
CVE-2025-68772,Linux
CVE-2025-68773,Linux
CVE-2025-68774,Linux
CVE-2025-68775,Linux
CVE-2025-68776,Linux
CVE-2025-68777,Linux
CVE-2025-68778,Linux
CVE-2025-68779,Linux
CVE-2025-68780,Linux
CVE-2025-68781,Linux
CVE-2025-68782,Linux
CVE-2025-68783,Linux
CVE-2025-68784,Linux
CVE-2025-68785,Linux
CVE-2025-68786,Linux
CVE-2025-68787,Linux
CVE-2025-68788,Linux
CVE-2025-68790,Linux
CVE-2025-68791,Linux
CVE-2025-68792,Linux
CVE-2025-68793,Linux
CVE-2025-68794,Linux
CVE-2025-68795,Linux
CVE-2025-68796,Linux
CVE-2025-68797,Linux
CVE-2025-68798,Linux
CVE-2025-68799,Linux
CVE-2025-68800,Linux
CVE-2025-68801,Linux
CVE-2025-68802,Linux
CVE-2025-68803,Linux
CVE-2025-68804,Linux
CVE-2025-68805,Linux
CVE-2025-68806,Linux
CVE-2025-68807,Linux
CVE-2025-68808,Linux
CVE-2025-68809,Linux
CVE-2025-68810,Linux
CVE-2025-68811,Linux
CVE-2025-68813,Linux
CVE-2025-68814,Linux
CVE-2025-68815,Linux
CVE-2025-68816,Linux
CVE-2025-68817,Linux
CVE-2025-68818,Linux
CVE-2025-68819,Linux
CVE-2025-68820,Linux
CVE-2025-68821,Linux
CVE-2025-68822,Linux
CVE-2025-68823,Linux
CVE-2025-68825,HCLSoftware
CVE-2025-68833,HCLSoftware
CVE-2025-68834,Saiful Islam
CVE-2025-68835,matiskiba
CVE-2025-68836,Markbeljaars
CVE-2025-68837,ELEXtensions
CVE-2025-68838,expresstechsoftware
CVE-2025-68839,Remi Corson
CVE-2025-68840,markbeljaars
CVE-2025-68841,Themepul
CVE-2025-68842,totalbounty
CVE-2025-68843,Bas Schuiling
CVE-2025-68844,DaleAB
CVE-2025-68845,aThemeArt Translations
CVE-2025-68846,Paris Holley
CVE-2025-68847,itex
CVE-2025-68848,anmari
CVE-2025-68849,Frank Corso
CVE-2025-68850,codepeople
CVE-2025-68851,ArrayHQ
CVE-2025-68852,webmuehle
CVE-2025-68853,Kleor
CVE-2025-68854,harman79
CVE-2025-68855,themeglow
CVE-2025-68856,keeswolters
CVE-2025-68857,ichurakov
CVE-2025-68858,Casey Bisson
CVE-2025-68859,agmorpheus
CVE-2025-68860,Mobile Builder
CVE-2025-68861,pluginoptimizer
CVE-2025-68862,Murtaza Bhurgri
CVE-2025-68863,Zack Katz
CVE-2025-68864,Infility
CVE-2025-68865,Infility
CVE-2025-68866,woofer696
CVE-2025-68867,anibalwainstein
CVE-2025-68868,codeaffairs
CVE-2025-68869,LazyCoders LLC
CVE-2025-68870,reDim GmbH
CVE-2025-68871,noCreativity
CVE-2025-68872,Eli
CVE-2025-68873,chloédigital
CVE-2025-68874,Shahjada
CVE-2025-68875,jcaruso001
CVE-2025-68876,INVELITY
CVE-2025-68877,cedcommerce
CVE-2025-68878,prasadkirpekar
CVE-2025-68879,councilsoft
CVE-2025-68880,peterwsterling
CVE-2025-68881,Saad Iqbal
CVE-2025-68882,Scalenut
CVE-2025-68883,extremeidea
CVE-2025-68884,Arevico
CVE-2025-68885,page-carbajal
CVE-2025-68886,androThemes
CVE-2025-68887,CMSJunkie - WordPress Business Directory Plugins
CVE-2025-68889,Pinpoll
CVE-2025-68890,hands01
CVE-2025-68891,Ryan Sutana
CVE-2025-68892,gopiplus@hotmail.com
CVE-2025-68893,HETWORKS
CVE-2025-68894,shoutoutglobal
CVE-2025-68895,ahachat
CVE-2025-68896,vrpr
CVE-2025-68897,Mohammad I. Okfie
CVE-2025-68898,cjjparadoxmax
CVE-2025-68899,designthemes
CVE-2025-68900,Kriesi
CVE-2025-68901,AivahThemes
CVE-2025-68902,AivahThemes
CVE-2025-68903,AivahThemes
CVE-2025-68904,jegtheme
CVE-2025-68905,jegtheme
CVE-2025-68906,jegtheme
CVE-2025-68907,AivahThemes
CVE-2025-68908,temash
CVE-2025-68909,blazethemes
CVE-2025-68910,blazethemes
CVE-2025-68911,solacewp
CVE-2025-68912,Harmonic Design
CVE-2025-68913,zozothemes
CVE-2025-68914,Riello
CVE-2025-68915,Riello
CVE-2025-68916,Riello
CVE-2025-68917,ONLYOFFICE
CVE-2025-68919,Fujitsu / Fsas Technologies
CVE-2025-68920,kermitproject
CVE-2025-68922,OpenOps
CVE-2025-68924,Umbraco
CVE-2025-68925,samrocketman
CVE-2025-68926,rustfs
CVE-2025-68927,abhinavxd
CVE-2025-68928,frappe
CVE-2025-68929,frappe
CVE-2025-68930,traccar
CVE-2025-68931,samrocketman
CVE-2025-68932,FreshRSS
CVE-2025-68933,discourse
CVE-2025-68934,discourse
CVE-2025-68935,ONLYOFFICE
CVE-2025-68936,ONLYOFFICE
CVE-2025-68937,Forgejo
CVE-2025-68938,Gitea
CVE-2025-68939,Gitea
CVE-2025-68940,Gitea
CVE-2025-68941,Gitea
CVE-2025-68942,Gitea
CVE-2025-68943,Gitea
CVE-2025-68944,Gitea
CVE-2025-68945,Gitea
CVE-2025-68946,Gitea
CVE-2025-68947,NSecsoft
CVE-2025-68948,siyuan-note
CVE-2025-68949,n8n-io
CVE-2025-68950,ImageMagick
CVE-2025-68951,thorsten
CVE-2025-68952,eigent-ai
CVE-2025-68953,frappe
CVE-2025-68954,pterodactyl
CVE-2025-68955,Huawei
CVE-2025-68956,Huawei
CVE-2025-68957,Huawei
CVE-2025-68958,Huawei
CVE-2025-68959,Huawei
CVE-2025-68960,Huawei
CVE-2025-68961,Huawei
CVE-2025-68962,Huawei
CVE-2025-68963,Huawei
CVE-2025-68964,Huawei
CVE-2025-68965,Huawei
CVE-2025-68966,Huawei
CVE-2025-68967,Huawei
CVE-2025-68968,Huawei
CVE-2025-68969,Huawei
CVE-2025-68970,Huawei
CVE-2025-68972,GnuPG
CVE-2025-68973,GnuPG
CVE-2025-68974,miniOrange
CVE-2025-68975,Eagle-Themes
CVE-2025-68976,Eagle-Themes
CVE-2025-68977,designthemes
CVE-2025-68978,designthemes
CVE-2025-68979,SimpleCalendar
CVE-2025-68980,designthemes
CVE-2025-68981,designthemes
CVE-2025-68982,designthemes
CVE-2025-68983,thembay
CVE-2025-68984,thembay
CVE-2025-68985,thembay
CVE-2025-68986,zozothemes
CVE-2025-68987,Edge-Themes
CVE-2025-68988,o2oe
CVE-2025-68989,Renzo Johnson
CVE-2025-68990,xenioushk
CVE-2025-68991,xenioushk
CVE-2025-68992,xenioushk
CVE-2025-68993,XforWooCommerce
CVE-2025-68994,XforWooCommerce
CVE-2025-68995,Premio
CVE-2025-68996,WebCodingPlace
CVE-2025-68997,AdvancedCoding
CVE-2025-68998,Heateor Support
CVE-2025-68999,HappyMonster
CVE-2025-69001,Shahjahan Jewel
CVE-2025-69002,designthemes
CVE-2025-69003,QantumThemes
CVE-2025-69004,XpeedStudio
CVE-2025-69005,Elated-Themes
CVE-2025-69006,Atte Moisio
CVE-2025-69007,OTWthemes
CVE-2025-69008,Inboxify
CVE-2025-69009,kamleshyadav
CVE-2025-69010,themebeez
CVE-2025-69011,WPKube
CVE-2025-69012,Stephen Harris
CVE-2025-69013,jetmonsters
CVE-2025-69014,Youzify
CVE-2025-69015,Automattic
CVE-2025-69016,averta
CVE-2025-69017,Magnigenie
CVE-2025-69018,Shamalli
CVE-2025-69019,FlippingBook
CVE-2025-69020,Tribulant Software
CVE-2025-69021,Ays Pro
CVE-2025-69022,Weblizar - WordPress Themes & Plugin
CVE-2025-69023,Marketing Fire
CVE-2025-69024,bizswoop
CVE-2025-69025,Aethonic
CVE-2025-69026,Roxnor
CVE-2025-69027,tychesoftwares
CVE-2025-69028,BoldGrid
CVE-2025-69029,Select-Themes
CVE-2025-69030,Mikado-Themes
CVE-2025-69031,Skywarrior
CVE-2025-69032,Mikado-Themes
CVE-2025-69033,A WP Life
CVE-2025-69034,Mikado-Themes
CVE-2025-69035,strongholdthemes
CVE-2025-69036,strongholdthemes
CVE-2025-69037,goalthemes
CVE-2025-69038,goalthemes
CVE-2025-69039,goalthemes
CVE-2025-69040,goalthemes
CVE-2025-69041,goalthemes
CVE-2025-69042,goalthemes
CVE-2025-69043,goalthemes
CVE-2025-69044,goalthemes
CVE-2025-69045,FooEvents
CVE-2025-69046,WebGeniusLab
CVE-2025-69047,magentech
CVE-2025-69048,LambertGroup
CVE-2025-69049,Elated-Themes
CVE-2025-69050,Edge-Themes
CVE-2025-69051,CridioStudio
CVE-2025-69052,FmeAddons
CVE-2025-69053,LambertGroup
CVE-2025-69054,highwarden
CVE-2025-69055,SeaTheme
CVE-2025-69056,e-plugins
CVE-2025-69057,Edge-Themes
CVE-2025-69058,AncoraThemes
CVE-2025-69059,AncoraThemes
CVE-2025-69060,AncoraThemes
CVE-2025-69061,AncoraThemes
CVE-2025-69062,AncoraThemes
CVE-2025-69063,Saad Iqbal
CVE-2025-69064,AncoraThemes
CVE-2025-69065,AncoraThemes
CVE-2025-69066,AncoraThemes
CVE-2025-69067,AncoraThemes
CVE-2025-69068,AncoraThemes
CVE-2025-69070,AncoraThemes
CVE-2025-69071,AncoraThemes
CVE-2025-69072,AncoraThemes
CVE-2025-69073,AncoraThemes
CVE-2025-69074,AncoraThemes
CVE-2025-69075,AncoraThemes
CVE-2025-69076,AncoraThemes
CVE-2025-69077,AncoraThemes
CVE-2025-69078,AncoraThemes
CVE-2025-69079,ThemeREX
CVE-2025-69080,JanStudio
CVE-2025-69081,ThemeREX
CVE-2025-69082,Frenify
CVE-2025-69083,Elated-Themes
CVE-2025-69084,gt3themes
CVE-2025-69085,e-plugins
CVE-2025-69086,jwsthemes
CVE-2025-69087,jwsthemes
CVE-2025-69088,Vidish
CVE-2025-69089,autolistings
CVE-2025-69090,ovatheme
CVE-2025-69091,Kraft Plugins
CVE-2025-69092,WPDeveloper
CVE-2025-69093,wpdesk
CVE-2025-69094,ThemeMove
CVE-2025-69095,designthemes
CVE-2025-69096,G5Theme
CVE-2025-69097,VibeThemes
CVE-2025-69098,wpWave
CVE-2025-69099,fuelthemes
CVE-2025-69100,fuelthemes
CVE-2025-69101,AmentoTech
CVE-2025-69102,Boopathi Rajan
CVE-2025-69103,Utillz
CVE-2025-69104,jkdevstudio
CVE-2025-69105,ThemeREX
CVE-2025-69106,ThemeREX
CVE-2025-69107,ThemeREX
CVE-2025-69108,ThemeREX
CVE-2025-69109,ThemeREX
CVE-2025-69110,ThemeREX
CVE-2025-69111,ThemeREX
CVE-2025-69112,ThemeREX
CVE-2025-69113,ThemeREX
CVE-2025-69114,ThemeREX
CVE-2025-69115,ThemeREX
CVE-2025-69116,ThemeREX
CVE-2025-69117,ThemeREX
CVE-2025-69118,ThemeREX
CVE-2025-69119,ThemeREX
CVE-2025-69120,ThemeREX
CVE-2025-69121,ThemeREX
CVE-2025-69122,ThemeREX
CVE-2025-69123,ThemeREX
CVE-2025-69124,ThemeREX
CVE-2025-69125,ThemeREX
CVE-2025-69126,ThemeREX
CVE-2025-69127,ThemeREX
CVE-2025-69128,EMV
CVE-2025-69129,Extendons
CVE-2025-69130,Themovation
CVE-2025-69131,extendons
CVE-2025-69132,Zozothemes
CVE-2025-69133,GoodLayers
CVE-2025-69134,Merkulove
CVE-2025-69135,CurlyThemes
CVE-2025-69136,THEMELOGI
CVE-2025-69137,Jthemes
CVE-2025-69138,Jthemes
CVE-2025-69139,AivahThemes
CVE-2025-69140,SeventhQueen
CVE-2025-69141,ThemeREX
CVE-2025-69142,ThemeREX
CVE-2025-69143,ThemeREX
CVE-2025-69144,ThemeREX
CVE-2025-69145,ThemeREX
CVE-2025-69146,ThemeREX
CVE-2025-69147,ThemeREX
CVE-2025-69148,ThemeREX
CVE-2025-69149,ThemeREX
CVE-2025-69150,ThemeREX
CVE-2025-69151,ThemeGoods
CVE-2025-69152,ThemeGoods
CVE-2025-69153,designthemes
CVE-2025-69154,designthemes
CVE-2025-69155,Designthemes
CVE-2025-69156,Design themes
CVE-2025-69157,ThemeREX
CVE-2025-69158,ThemeREX
CVE-2025-69159,ThemeREX
CVE-2025-69160,ThemeREX
CVE-2025-69161,ThemeREX
CVE-2025-69162,ThemeREX
CVE-2025-69163,ThemeREX
CVE-2025-69164,ThemeREX
CVE-2025-69165,ThemeREX
CVE-2025-69166,ThemeREX
CVE-2025-69167,ThemeREX
CVE-2025-69168,ThemeREX
CVE-2025-69169,Noor Alam
CVE-2025-69170,ThemeREX
CVE-2025-69171,ThemeREX
CVE-2025-69172,ThemeREX
CVE-2025-69173,ThemeREX
CVE-2025-69174,ThemeREX
CVE-2025-69175,ThemeREX
CVE-2025-69176,ThemeREX
CVE-2025-69177,THEMELOGI
CVE-2025-69178,CactusThemes
CVE-2025-69179,Theme passion
CVE-2025-69180,themepassion
CVE-2025-69181,e-plugins
CVE-2025-69182,e-plugins
CVE-2025-69183,e-plugins
CVE-2025-69184,e-plugins
CVE-2025-69185,e-plugins
CVE-2025-69186,e-plugins
CVE-2025-69187,e-plugins
CVE-2025-69188,e-plugins
CVE-2025-69189,EMV
CVE-2025-69190,e-plugins
CVE-2025-69191,e-plugins
CVE-2025-69192,e-plugins
CVE-2025-69193,e-plugins
CVE-2025-69196,jlowin
CVE-2025-69197,pterodactyl
CVE-2025-69198,pterodactyl
CVE-2025-69199,pterodactyl
CVE-2025-69200,thorsten
CVE-2025-69201,Quenary
CVE-2025-69202,arthurfiorette
CVE-2025-69203,SignalK
CVE-2025-69204,ImageMagick
CVE-2025-69205,olell
CVE-2025-69206,HemmeligOrg
CVE-2025-69207,khoj-ai
CVE-2025-69208,free5gc
CVE-2025-69209,arduino
CVE-2025-69210,NeoRazorX
CVE-2025-69211,nestjs
CVE-2025-69212,devcode-it
CVE-2025-69213,devcode-it
CVE-2025-69214,devcode-it
CVE-2025-69215,devcode-it
CVE-2025-69216,devcode-it
CVE-2025-69217,coturn
CVE-2025-69218,discourse
CVE-2025-69219,Apache Software Foundation
CVE-2025-69220,danny-avila
CVE-2025-69221,danny-avila
CVE-2025-69222,danny-avila
CVE-2025-69223,aio-libs
CVE-2025-69224,aio-libs
CVE-2025-69225,aio-libs
CVE-2025-69226,aio-libs
CVE-2025-69227,aio-libs
CVE-2025-69228,aio-libs
CVE-2025-69229,aio-libs
CVE-2025-69230,aio-libs
CVE-2025-69231,openemr
CVE-2025-69232,free5gc
CVE-2025-69233,Apache Software Foundation
CVE-2025-69234,NAVER
CVE-2025-69235,NAVER
CVE-2025-69236,Raytha
CVE-2025-69237,Raytha
CVE-2025-69238,Raytha
CVE-2025-69239,Raytha
CVE-2025-69240,Raytha
CVE-2025-69241,Raytha
CVE-2025-69242,Raytha
CVE-2025-69243,Raytha
CVE-2025-69245,Raytha
CVE-2025-69246,Raytha
CVE-2025-69247,free5gc
CVE-2025-69248,free5gc
CVE-2025-69250,free5gc
CVE-2025-69251,free5gc
CVE-2025-69252,free5gc
CVE-2025-69253,free5gc
CVE-2025-69255,rustfs
CVE-2025-69256,serverless
CVE-2025-69257,AsfhtgkDavid
CVE-2025-69258,"Trend Micro, Inc."
CVE-2025-69259,"Trend Micro, Inc."
CVE-2025-69260,"Trend Micro, Inc."
CVE-2025-69261,WasmEdge
CVE-2025-69262,pnpm
CVE-2025-69263,pnpm
CVE-2025-69264,pnpm
CVE-2025-69267,Broadcom
CVE-2025-69268,Broadcom
CVE-2025-69269,Broadcom
CVE-2025-69270,Broadcom
CVE-2025-69271,Broadcom
CVE-2025-69272,Broadcom
CVE-2025-69273,Broadcom
CVE-2025-69274,Broadcom
CVE-2025-69275,Broadcom
CVE-2025-69276,Broadcom
CVE-2025-69277,libsodium
CVE-2025-69278,"Unisoc (Shanghai) Technologies Co., Ltd."
CVE-2025-69279,"Unisoc (Shanghai) Technologies Co., Ltd."
CVE-2025-69284,makeplane
CVE-2025-69285,dataease
CVE-2025-69286,infiniflow
CVE-2025-69287,bsv-blockchain
CVE-2025-69288,kromitgmbh
CVE-2025-69289,discourse
CVE-2025-69292,e-plugins
CVE-2025-69293,e-plugins
CVE-2025-69294,fuelthemes
CVE-2025-69295,TeconceTheme
CVE-2025-69296,GhostPool
CVE-2025-69297,GhostPool
CVE-2025-69298,GhostPool
CVE-2025-69299,Laborator
CVE-2025-69300,Leap13
CVE-2025-69301,ThemeGoods
CVE-2025-69302,designthemes
CVE-2025-69303,modeltheme
CVE-2025-69304,TeconceTheme
CVE-2025-69305,TeconceTheme
CVE-2025-69306,TeconceTheme
CVE-2025-69307,TeconceTheme
CVE-2025-69308,TeconceTheme
CVE-2025-69309,TeconceTheme
CVE-2025-69310,TeconceTheme
CVE-2025-69311,Broadstreet
CVE-2025-69312,Xpro
CVE-2025-69313,WPXPO
CVE-2025-69314,fuelthemes
CVE-2025-69315,NSquared
CVE-2025-69316,RealMag777
CVE-2025-69317,scriptsbundle
CVE-2025-69318,Hossni Mubarak
CVE-2025-69319,Beaver Builder
CVE-2025-69320,ThemeGoods
CVE-2025-69321,ThemeGoods
CVE-2025-69322,fuelthemes
CVE-2025-69323,VeronaLabs
CVE-2025-69324,Basix
CVE-2025-69325,primersoftware
CVE-2025-69326,Basix
CVE-2025-69327,magepeopleteam
CVE-2025-69328,magepeopleteam
CVE-2025-69329,Jthemes
CVE-2025-69330,Jthemes
CVE-2025-69331,Jeroen Schmit
CVE-2025-69332,myCred
CVE-2025-69333,Crocoblock
CVE-2025-69334,WPFactory
CVE-2025-69335,Themepoints
CVE-2025-69336,bdthemes
CVE-2025-69337,don-themes
CVE-2025-69338,don-themes
CVE-2025-69339,don-themes
CVE-2025-69340,BuddhaThemes
CVE-2025-69341,BuddhaThemes
CVE-2025-69342,VanKarWai
CVE-2025-69343,Jeroen Schmit
CVE-2025-69344,themehunk
CVE-2025-69345,BoldGrid
CVE-2025-69346,WPCenter
CVE-2025-69347,Convers Lab
CVE-2025-69348,CoolHappy
CVE-2025-69349,Fahad Mahmood
CVE-2025-69350,Themepoints
CVE-2025-69351,Shahjahan Jewel
CVE-2025-69352,StellarWP
CVE-2025-69353,Proxy & VPN Blocker
CVE-2025-69354,BBR Plugins
CVE-2025-69355,Tickera
CVE-2025-69356,CodexThemes
CVE-2025-69357,CodexThemes
CVE-2025-69358,Metagauss
CVE-2025-69359,WPFunnels
CVE-2025-69360,CodexThemes
CVE-2025-69361,PublishPress
CVE-2025-69362,POSIMYTH
CVE-2025-69363,CyberChimps
CVE-2025-69364,Cloudways
CVE-2025-69365,TeconceTheme
CVE-2025-69366,TeconceTheme
CVE-2025-69367,GT3themes
CVE-2025-69368,GT3themes
CVE-2025-69369,Axiomthemes
CVE-2025-69370,ThemeGoods
CVE-2025-69371,AncoraThemes
CVE-2025-69372,AncoraThemes
CVE-2025-69373,beeteam368
CVE-2025-69374,SolverWp
CVE-2025-69375,SolverWp
CVE-2025-69376,vanquish
CVE-2025-69377,vanquish
CVE-2025-69378,XforWooCommerce
CVE-2025-69379,vanquish
CVE-2025-69380,vanquish
CVE-2025-69381,vanquish
CVE-2025-69382,themesflat
CVE-2025-69383,Agence web Eoxia - Montpellier
CVE-2025-69384,wpdiscover
CVE-2025-69385,AgniHD
CVE-2025-69386,realvirtualmx
CVE-2025-69387,whatwouldjessedo
CVE-2025-69388,cliengo
CVE-2025-69389,Hugh Mungus
CVE-2025-69390,themebon
CVE-2025-69391,GT3themes
CVE-2025-69392,itex
CVE-2025-69393,Jthemes
CVE-2025-69394,cnvrse
CVE-2025-69395,ThemeREX
CVE-2025-69396,ThemeREX
CVE-2025-69397,ThemeREX
CVE-2025-69398,ThemeREX
CVE-2025-69399,ThemeREX
CVE-2025-69400,ThemeREX
CVE-2025-69401,mdalabar
CVE-2025-69402,ThemeREX
CVE-2025-69403,Bravis-Themes
CVE-2025-69404,ThemeREX
CVE-2025-69405,ThemeREX
CVE-2025-69406,ThemeREX
CVE-2025-69407,Select-Themes
CVE-2025-69408,Mikado-Themes
CVE-2025-69409,axiomthemes
CVE-2025-69410,Edge-Themes
CVE-2025-69411,Robert Seyfriedsberger
CVE-2025-69412,KDE
CVE-2025-69413,Gitea
CVE-2025-69414,Plex
CVE-2025-69415,Plex
CVE-2025-69416,Plex
CVE-2025-69417,Plex
CVE-2025-69418,OpenSSL
CVE-2025-69419,OpenSSL
CVE-2025-69420,OpenSSL
CVE-2025-69421,OpenSSL
CVE-2025-69425,RUCKUS Networks
CVE-2025-69426,RUCKUS Networks
CVE-2025-69720,GNU
CVE-2025-69873,ajv.js
CVE-2025-70974,Alibaba
CVE-2025-71063,mrvladus
CVE-2025-71064,Linux
CVE-2025-71065,Linux
CVE-2025-71066,Linux
CVE-2025-71067,Linux
CVE-2025-71068,Linux
CVE-2025-71069,Linux
CVE-2025-71070,Linux
CVE-2025-71071,Linux
CVE-2025-71072,Linux
CVE-2025-71073,Linux
CVE-2025-71074,Linux
CVE-2025-71075,Linux
CVE-2025-71076,Linux
CVE-2025-71077,Linux
CVE-2025-71078,Linux
CVE-2025-71079,Linux
CVE-2025-71080,Linux
CVE-2025-71081,Linux
CVE-2025-71082,Linux
CVE-2025-71083,Linux
CVE-2025-71084,Linux
CVE-2025-71085,Linux
CVE-2025-71086,Linux
CVE-2025-71087,Linux
CVE-2025-71088,Linux
CVE-2025-71089,Linux
CVE-2025-71090,Linux
CVE-2025-71091,Linux
CVE-2025-71092,Linux
CVE-2025-71093,Linux
CVE-2025-71094,Linux
CVE-2025-71095,Linux
CVE-2025-71096,Linux
CVE-2025-71097,Linux
CVE-2025-71098,Linux
CVE-2025-71099,Linux
CVE-2025-71100,Linux
CVE-2025-71101,Linux
CVE-2025-71102,Linux
CVE-2025-71103,Linux
CVE-2025-71104,Linux
CVE-2025-71105,Linux
CVE-2025-71106,Linux
CVE-2025-71107,Linux
CVE-2025-71108,Linux
CVE-2025-71109,Linux
CVE-2025-71110,Linux
CVE-2025-71111,Linux
CVE-2025-71112,Linux
CVE-2025-71113,Linux
CVE-2025-71114,Linux
CVE-2025-71115,Linux
CVE-2025-71116,Linux
CVE-2025-71117,Linux
CVE-2025-71118,Linux
CVE-2025-71119,Linux
CVE-2025-71120,Linux
CVE-2025-71121,Linux
CVE-2025-71122,Linux
CVE-2025-71123,Linux
CVE-2025-71124,Linux
CVE-2025-71125,Linux
CVE-2025-71126,Linux
CVE-2025-71127,Linux
CVE-2025-71128,Linux
CVE-2025-71129,Linux
CVE-2025-71130,Linux
CVE-2025-71131,Linux
CVE-2025-71132,Linux
CVE-2025-71133,Linux
CVE-2025-71134,Linux
CVE-2025-71135,Linux
CVE-2025-71136,Linux
CVE-2025-71137,Linux
CVE-2025-71138,Linux
CVE-2025-71139,Linux
CVE-2025-71140,Linux
CVE-2025-71141,Linux
CVE-2025-71142,Linux
CVE-2025-71143,Linux
CVE-2025-71144,Linux
CVE-2025-71145,Linux
CVE-2025-71146,Linux
CVE-2025-71147,Linux
CVE-2025-71148,Linux
CVE-2025-71150,Linux
CVE-2025-71151,Linux
CVE-2025-71152,Linux
CVE-2025-71153,Linux
CVE-2025-71154,Linux
CVE-2025-71155,Linux
CVE-2025-71156,Linux
CVE-2025-71157,Linux
CVE-2025-71158,Linux
CVE-2025-71159,Linux
CVE-2025-71160,Linux
CVE-2025-71161,Linux
CVE-2025-71162,Linux
CVE-2025-71163,Linux
CVE-2025-71164,Typesetter
CVE-2025-71165,Typesetter
CVE-2025-71166,Typesetter
CVE-2025-71176,pytest
CVE-2025-71177,LavaLite
CVE-2025-71178,"Micron Technology, Inc."
CVE-2025-71180,Linux
CVE-2025-71181,Linux
CVE-2025-71182,Linux
CVE-2025-71183,Linux
CVE-2025-71184,Linux
CVE-2025-71185,Linux
CVE-2025-71186,Linux
CVE-2025-71187,Linux
CVE-2025-71188,Linux
CVE-2025-71189,Linux
CVE-2025-71190,Linux
CVE-2025-71191,Linux
CVE-2025-71192,Linux
CVE-2025-71193,Linux
CVE-2025-71194,Linux
CVE-2025-71195,Linux
CVE-2025-71196,Linux
CVE-2025-71197,Linux
CVE-2025-71198,Linux
CVE-2025-71199,Linux
CVE-2025-71200,Linux
CVE-2025-71201,Linux
CVE-2025-71202,Linux
CVE-2025-71203,Linux
CVE-2025-71204,Linux
CVE-2025-71210,"Trend Micro, Inc."
CVE-2025-71211,"Trend Micro, Inc."
CVE-2025-71212,"Trend Micro, Inc."
CVE-2025-71213,"Trend Micro, Inc."
CVE-2025-71214,"Trend Micro, Inc."
CVE-2025-71215,"Trend Micro, Inc."
CVE-2025-71216,"Trend Micro, Inc."
CVE-2025-71217,"Trend Micro, Inc."
CVE-2025-71220,Linux
CVE-2025-71221,Linux
CVE-2025-71222,Linux
CVE-2025-71223,Linux
CVE-2025-71224,Linux
CVE-2025-71225,Linux
CVE-2025-71227,Linux
CVE-2025-71229,Linux
CVE-2025-71230,Linux
CVE-2025-71231,Linux
CVE-2025-71232,Linux
CVE-2025-71233,Linux
CVE-2025-71234,Linux
CVE-2025-71235,Linux
CVE-2025-71236,Linux
CVE-2025-71237,Linux
CVE-2025-71238,Linux
CVE-2025-71239,Linux
CVE-2025-71240,SPIP
CVE-2025-71241,SPIP
CVE-2025-71242,SPIP
CVE-2025-71243,SPIP
CVE-2025-71244,SPIP
CVE-2025-71251,"Unisoc (Shanghai) Technologies Co., Ltd."
CVE-2025-71252,"Unisoc (Shanghai) Technologies Co., Ltd."
CVE-2025-71253,"Unisoc (Shanghai) Technologies Co., Ltd."
CVE-2025-71254,"Unisoc (Shanghai) Technologies Co., Ltd."
CVE-2025-71255,"Unisoc (Shanghai) Technologies Co., Ltd."
CVE-2025-71256,"Unisoc (Shanghai) Technologies Co., Ltd."
CVE-2025-71257,"BMC Software, Inc."
CVE-2025-71258,"BMC Software, Inc."
CVE-2025-71259,"BMC Software, Inc."
CVE-2025-71260,"BMC Software, Inc."
CVE-2025-71261,SUSE
CVE-2025-71263,AT&T Bell Labs
CVE-2025-71264,Mumble
CVE-2025-71265,Linux
CVE-2025-71266,Linux
CVE-2025-71267,Linux
CVE-2025-71268,Linux
CVE-2025-71269,Linux
CVE-2025-71270,Linux
CVE-2025-71271,Linux
CVE-2025-71272,Linux
CVE-2025-71273,Linux
CVE-2025-71274,Linux
CVE-2025-71276,Alinto
CVE-2025-71278,XenForo
CVE-2025-71279,XenForo
CVE-2025-71280,XenForo
CVE-2025-71281,XenForo
CVE-2025-71282,XenForo
CVE-2025-71284,"Synway Information Engineering Co., Ltd."
CVE-2025-71285,Linux
CVE-2025-71286,Linux
CVE-2025-71287,Linux
CVE-2025-71288,Linux
CVE-2025-71289,Linux
CVE-2025-71290,Linux
CVE-2025-71291,Linux
CVE-2025-71292,Linux
CVE-2025-71293,Linux
CVE-2025-71294,Linux
CVE-2025-71295,Linux
CVE-2025-71296,Linux
CVE-2025-71297,Linux
CVE-2025-71298,Linux
CVE-2025-71299,Linux
CVE-2025-71300,Linux
CVE-2025-71301,Linux
CVE-2025-71302,Linux
CVE-2025-71303,Linux
CVE-2025-71304,Linux
CVE-2025-71305,Linux
CVE-2025-71306,Linux
CVE-2025-71307,Linux
CVE-2025-71308,Linux
CVE-2025-71309,Linux
CVE-2025-71310,BackdropCMS
CVE-2025-71311,Linux
CVE-2025-71312,Linux
CVE-2025-71313,Linux
CVE-2025-71314,Linux
CVE-2025-71315,Linux
CVE-2025-71316,SQLite
CVE-2025-71317,Riello UPS
CVE-2025-71318,Riello UPS
CVE-2025-71319,image-size
CVE-2025-71320,picklescan
CVE-2025-71321,picklescan
CVE-2025-71322,PickleScan
CVE-2025-71323,picklescan
CVE-2025-71324,Flowise
CVE-2025-71325,picklescan
CVE-2025-71326,Avast
CVE-2025-71327,Flowise
CVE-2025-71328,Flowise
CVE-2025-71329,image-size
CVE-2025-71330,image-size
CVE-2025-71331,Flowise
CVE-2025-71332,Flowise
CVE-2025-71333,Flowise
CVE-2025-71334,Flowise
CVE-2025-71335,Flowise
CVE-2025-71336,Flowise
CVE-2025-71337,Flowise
CVE-2025-71338,Flowise
CVE-2025-71339,Picklescan
CVE-2025-71340,picklescan
CVE-2025-71341,picklescan
CVE-2025-71342,picklescan
CVE-2025-71343,picklescan
CVE-2025-71344,picklescan
CVE-2025-71345,picklescan
CVE-2025-71346,sparklemotion
CVE-2025-71347,picklescan
CVE-2025-71348,picklescan
CVE-2025-71349,picklescan
CVE-2025-71350,picklescan
CVE-2025-71351,picklescan
CVE-2025-71352,picklescan
CVE-2025-71353,picklescan
CVE-2025-71354,picklescan
CVE-2025-71355,Picklescan
CVE-2025-71356,picklescan
CVE-2025-71357,picklescan
CVE-2025-71358,picklescan
CVE-2025-71359,picklescan
CVE-2025-71360,picklescan
CVE-2025-71361,picklescan
CVE-2025-71362,picklescan
CVE-2025-71363,picklescan
CVE-2025-71364,picklescan
CVE-2025-71365,picklescan
CVE-2025-71366,picklescan
CVE-2025-71367,picklescan
CVE-2025-71368,picklescan
CVE-2025-71369,picklescan
CVE-2025-71370,picklescan
CVE-2025-71371,picklescan
CVE-2025-71372,Picklescan
CVE-2025-71373,picklescan
CVE-2025-71374,picklescan
CVE-2025-71375,picklescan
CVE-2025-71376,picklescan
CVE-2025-71377,stoatchat
CVE-2025-71378,picklescan
CVE-2025-71379,vllm
CVE-2025-71380,n8n
CVE-2025-71381,Hono
CVE-2025-71382,ArtifexSoftware
CVE-2025-71385,netdata
CVE-2025-71388,stoatchat
CVE-2025-71389,calcom
CVE-2025-71390,surrealdb
CVE-2025-71391,surrealdb
CVE-2025-71392,surrealdb
CVE-2025-71393,surrealdb
CVE-2025-71394,surrealdb
CVE-2025-71395,surrealdb
CVE-2025-71396,surrealdb
CVE-2025-71397,surrealdb
CVE-2025-71398,surrealdb
CVE-2025-71399,better-auth
CVE-2025-71400,better-auth
CVE-2025-71401,better-auth
CVE-2025-71402,better-auth
CVE-2025-71403,better-auth
CVE-2025-71404,better-auth
CVE-2025-71405,go-chi
CVE-2025-71406,sparklemotion
CVE-2025-71407,sparklemotion
CVE-2025-71408,ntlk
CVE-2025-71409,ATN-B1
CVE-2025-71410,ATN-B1
CVE-2025-71411,ATN-B1
CVE-2025-71412,ATN-B1
CVE-2025-71413,ATN-B1
